ISO,year,NoExclusion,e_spar_mm_global,ghs_index_mm_global,hexp_gdp_mm_global,efforts_A_mm_global,efforts_B_mm_global,uhc_index_mm_global,health_policy_mm_global,national_plan_mm_global,national_strategy_mm_global,recognition_mm_global,participation_event_it_mm_global,decision_event_it_mm_global,leadership_event_it_mm_global,admin_event_it_mm_global,role_type_it_mm_global,disaster_risk_oriented_mm_global,NoExclusion_mm_global,e_spar_mm_year,ghs_index_mm_year,hexp_gdp_mm_year,efforts_A_mm_year,efforts_B_mm_year,uhc_index_mm_year,health_policy_mm_year,national_plan_mm_year,national_strategy_mm_year,recognition_mm_year,participation_event_it_mm_year,decision_event_it_mm_year,leadership_event_it_mm_year,admin_event_it_mm_year,role_type_it_mm_year,disaster_risk_oriented_mm_year,pillar_A_eq,pillar_B_eq,pillar_C_eq,pillar_D_eq,pillar_A_pca,pillar_B_pca,pillar_C_pca,pillar_D_pca,pillar_A_ent,pillar_B_ent,pillar_C_ent,pillar_D_ent,pillar_D_eq_adj,pillar_A_eq_pred,pillar_A_eq_resid,pillar_B_eq_pred,pillar_B_eq_resid,pillar_D_eq_pred,pillar_D_eq_resid,GHEI,GHEI_raw,GHEI_adj,e_spar_flag,ghs_index_flag,disaster_risk_flag,hexp_gdp_flag,uhc_index_flag,health_policy_flag,national_plan_flag,national_strategy_flag,recognition_flag,participation_event_it_flag,decision_event_it_flag,leadership_event_it_flag,admin_event_it_flag,role_type_it_flag,efforts_A_flag,efforts_B_flag
AFG,2012,1.0,0.13793103448275862,0.19767441860465113,0.21428571428571427,0.0,,0.3,,,,0.0,0.0,0.0,0.5,0.0,1.0,0.6836925274979292,1.0,0.0,0.07648183556405352,0.18461538461538463,0.0,,0.3,,,,0.0,0.0,0.0,1.0,0.0,1.0,0.5940002105077767,0.16780272654370487,0.2994945604459109,,0.3,0.16983213997893248,0.22177299487295055,0.0,0.5870184682448168,0.1661376244065623,0.306718927409029,0.0,0.3641950659257678,0.3,,,,,,,,,,observed,imputed,observed,observed,imputed,missing,missing,missing,observed,observed,observed,observed,observed,observed,observed,missing
AFG,2014,1.0,0.3793103448275862,0.19767441860465113,0.22857142857142856,0.0,,0.3,,,,0.0,0.0,0.5,0.0,0.0,0.5,0.6017321044645306,1.0,0.34146341463414637,0.07648183556405352,0.13559322033898305,0.0,,0.3,,,,0.0,0.0,0.5,0.0,0.0,0.5,0.46869079188671703,0.2884923817161187,0.2825758832589898,,0.2,0.2823224200640508,0.21720582888047896,0.0,0.2463000918174436,0.293554739300361,0.288673590556228,0.0,0.2571411577378928,0.2,0.48510375086329766,-0.19661136914717897,,,0.2588193364475433,-0.05881933644754328,,,,observed,imputed,observed,observed,imputed,missing,missing,missing,observed,observed,observed,observed,observed,observed,observed,missing
AFG,2015,1.0,0.3333333333333333,0.19767441860465113,0.22857142857142856,0.0,,0.3,,,,0.0,0.0,0.0,0.5,0.0,1.0,0.5727761294309529,1.0,0.18571428571428572,0.18823529411764706,0.15873015873015872,0.0,,0.3,,,,0.0,0.0,0.0,1.0,0.0,1.0,0.43485960339179763,0.2655038759689922,0.27533688950059537,,0.3,0.2608957000478378,0.21465160125782473,0.0,0.5870184682448168,0.26928481265392323,0.2809669622404401,0.0,0.3641950659257678,0.3,0.47874422149994145,-0.21324034553094923,,,0.2624029449961527,0.0375970550038473,,,,observed,imputed,observed,observed,imputed,missing,missing,missing,observed,observed,observed,observed,observed,observed,observed,missing
AFG,2018,1.0,0.25287356321839083,0.19767441860465113,0.2857142857142857,0.0,,0.3,,,,0.0,0.0,0.5,0.5,0.0,1.0,0.366679677860194,1.0,0.12162162162162163,0.07648183556405352,0.17543859649122806,0.0,,0.3,,,,0.0,0.0,0.5,1.0,0.0,1.0,0.17074266308584865,0.22527399091152098,0.23809849089361995,,0.4,0.22339894001946503,0.20712217352542206,0.0,0.6276085012649691,0.22681244102265696,0.24118809193960616,0.0,0.49148157841267115,0.4,0.47602316991540916,-0.25074917900388816,,,0.2617203528916556,0.1382796471083444,,,,observed,imputed,observed,observed,observed,missing,missing,missing,observed,observed,observed,observed,observed,observed,observed,missing
AFG,2019,1.0,0.3448275862068966,0.19767441860465113,0.2857142857142857,0.0,,0.725,,,,0.0,0.0,0.5,0.5,0.0,1.0,0.33539148280339953,1.0,0.17647058823529413,0.17152658662092624,0.23333333333333334,0.0,,0.725,,,,0.0,0.0,0.5,1.0,0.0,1.0,0.1264581748805061,0.2712510024057738,0.3365264421294213,,0.4,0.266252380051891,0.37652212776803073,0.0,0.6276085012649691,0.27535229431553265,0.3295170889405839,0.0,0.49148157841267115,0.4,0.4620256991457383,-0.1907746967399645,,,0.26052581670878583,0.1394741832912142,,,,observed,observed,observed,observed,observed,missing,missing,missing,observed,observed,observed,observed,observed,observed,observed,missing
AFG,2020,1.0,0.39080459770114945,0.20514950166112958,0.2857142857142857,0.0,,0.725,,,,0.0,0.0,0.5,0.5,0.0,1.0,0.3001153929284174,1.0,0.2318840579710145,0.08533077660594443,0.1935483870967742,0.0,,0.7105263157894737,,,,0.0,0.0,0.5,0.5,0.0,1.0,0.19887485083502376,0.2979770496811395,0.32770741966067574,,0.4,0.2916705614940395,0.3734103982174483,0.0,0.6276085012649691,0.3031514251645136,0.3201283630287276,0.0,0.49148157841267115,0.4,0.4990235943797089,-0.20104654469856936,,,0.2618910009177799,0.13810899908222013,,,,observed,imputed,observed,observed,imputed,missing,missing,missing,observed,observed,observed,observed,observed,observed,observed,missing
AFG,2021,1.0,0.3218390804597701,0.21262458471760798,0.2857142857142857,0.0,,0.725,,,,0.0,0.0,0.5,0.0,0.0,0.5,0.0,1.0,0.2625,0.21368948247078462,0.20634920634920634,0.0,,0.725,,,,0.0,0.0,0.5,0.0,0.0,0.5,0.0,0.26723183258868904,0.2526785714285714,,0.2,0.26352194289565545,0.3469370010787726,0.0,0.2463000918174436,0.2702757393973998,0.24025269721316095,0.0,0.2571411577378928,0.2,0.49570862881080247,-0.22847679622211342,,,0.2626845709329541,-0.0626845709329541,,,,observed,observed,observed,observed,imputed,missing,missing,missing,observed,observed,observed,observed,observed,observed,observed,missing
AGO,2013,1.0,0.3218390804597701,0.1528239202657807,0.21428571428571427,0.75,,,,,,0.0,0.0,0.0,0.5,0.0,1.0,0.9430964132454182,1.0,0.2976190476190476,0.0,0.0,0.75,,,,,,0.0,0.0,0.0,1.0,0.0,1.0,0.9766871696417422,0.2373315003627754,0.6357940425103775,,0.3,0.23159025148817172,0.3633732259651189,0.0,0.5870184682448168,0.24204210577705562,0.4895069157275322,0.0,0.3641950659257678,0.3,,,,,,,,,,observed,imputed,observed,observed,imputed,missing,missing,missing,observed,observed,observed,observed,observed,observed,observed,missing
AGO,2014,1.0,0.05747126436781609,0.1528239202657807,0.21428571428571427,0.75,,,,,,0.0,0.0,0.5,0.0,0.0,0.5,0.9580999552000381,1.0,0.0,0.02485659655831741,0.11864406779661017,0.75,,,,,,0.0,0.0,0.5,0.0,0.0,0.5,0.9675823625640465,0.1051475923167984,0.6407952231619175,,0.2,0.10838661139494692,0.36469669931573834,0.0,0.2463000918174436,0.10249002756003792,0.4935001061184793,0.0,0.2571411577378928,0.2,0.6115147230357431,-0.5063671307189447,,,0.2608838374014685,-0.060883837401468466,,,,observed,imputed,observed,observed,imputed,missing,missing,missing,observed,observed,observed,observed,observed,observed,observed,missing
AGO,2019,1.0,0.5747126436781609,0.1528239202657807,0.32857142857142857,0.75,,,1.0,,,0.0,0.0,0.5,0.5,0.0,1.0,0.9560375696831792,1.0,0.47058823529411764,0.12521440823327615,0.2833333333333333,0.75,,,1.0,,,0.0,0.0,0.5,1.0,0.0,1.0,0.9803330988818891,0.3637682819719708,0.6782029994182026,0.5,0.4,0.3494372115773433,0.38581575517305544,0.6400800281806298,0.6276085012649691,0.3755267023324639,0.5230985399032625,0.27207333325018224,0.49148157841267115,0.4,0.6133946073111818,-0.24962632533921097,,,0.25695893280061055,0.14304106719938947,0.47130672067383306,0.47130672067383306,0.6964533995338037,observed,observed,observed,observed,imputed,carried_forward,missing,missing,observed,observed,observed,observed,observed,observed,observed,missing
AGO,2022,1.0,0.5747126436781609,0.1528239202657807,0.32857142857142857,0.75,,,1.0,,,0.0,0.0,0.5,0.0,0.0,0.5,0.9333242551334481,1.0,0.4393939393939394,0.15358931552587643,0.24193548387096775,0.75,,,1.0,,,0.0,0.0,0.5,0.0,0.0,0.5,0.9486062362734067,0.3637682819719708,0.6706318945682922,0.5,0.2,0.3494372115773433,0.38381219717310266,0.6400800281806298,0.2463000918174436,0.3755267023324639,0.517053394718154,0.27207333325018224,0.2571411577378928,0.2,0.6274557451230439,-0.2636874631510731,0.5997527471180873,0.07087914745020485,0.26463809397620214,-0.06463809397620213,0.3952093932802719,0.3952093932802719,0.6062839201153909,imputed,imputed,observed,observed,imputed,carried_forward,missing,missing,observed,observed,observed,observed,observed,observed,observed,missing
ALB,2011,1.0,,,0.5285714285714286,0.0,,,,,,0.0,0.0,0.5,0.0,0.0,0.5,0.7697960554434565,1.0,,,0.5737704918032787,0.0,,,,,,0.0,0.0,1.0,0.0,0.0,0.5,0.6848005374398033,,0.43278916133829504,,0.2,0.0,0.16642130433971458,0.0,0.2463000918174436,0.0,0.3443125374889201,0.0,0.2571411577378928,0.2,,,,,,,,,,imputed,imputed,observed,observed,imputed,missing,missing,missing,observed,observed,observed,observed,observed,observed,observed,missing
ALB,2013,1.0,,,0.5571428571428572,0.0,,,,,,0.0,0.0,0.5,0.0,0.0,0.5,0.7647788012546799,1.0,,,0.4897959183673469,0.0,,,,,,0.0,0.0,0.5,0.0,0.0,0.5,0.71507298077531,,0.440640552799179,,0.2,0.0,0.1713039737937887,0.0,0.2463000918174436,0.0,0.3505140303992748,0.0,0.2571411577378928,0.2,,,,,,,,,,imputed,imputed,observed,observed,imputed,missing,missing,missing,observed,observed,observed,observed,observed,observed,observed,missing
AND,2013,1.0,0.08045977011494253,0.31063122923588044,0.6714285714285714,0.0,,,,,,0.0,0.0,0.5,0.0,0.0,0.5,0.7388210934435586,1.0,0.047619047619047616,0.18627450980392163,0.6530612244897959,0.0,,,,,,0.0,0.0,0.5,0.0,0.0,0.5,0.6769897841800625,0.1955454996754115,0.47008322162404337,,0.2,0.2033641570616911,0.1903152058881189,0.0,0.2463000918174436,0.18913041293694283,0.3737527278189626,0.0,0.2571411577378928,0.2,,,,,,,,,,observed,imputed,observed,observed,imputed,missing,missing,missing,observed,observed,observed,observed,observed,observed,observed,missing
AND,2021,1.0,0.08045977011494253,0.31063122923588044,0.7428571428571429,0.0,,,1.0,,,0.0,0.0,0.5,0.0,0.0,0.5,0.6617251255355815,1.0,0.0,0.31218697829716197,0.7142857142857143,0.0,,,1.0,,,0.0,0.0,0.5,0.0,0.0,0.5,0.6881883605388259,0.1955454996754115,0.4681940894642415,0.5,0.2,0.2033641570616911,0.19682762721311634,0.6400800281806298,0.2463000918174436,0.18913041293694283,0.3720757336389461,0.27207333325018224,0.2571411577378928,0.2,0.5492259980007164,-0.3536804983253049,,,0.25964309585604345,-0.05964309585604344,0.30932743338053775,0.30932743338053775,0.39062219964062644,imputed,observed,observed,observed,imputed,carried_forward,missing,missing,observed,observed,observed,observed,observed,observed,observed,missing
ARE,2013,1.0,0.8620689655172413,0.4003322259136213,0.8142857142857143,0.0,,0.275,,,,0.5,0.0,0.0,0.0,1.0,0.0,0.9044498533013463,1.0,0.8571428571428571,0.29215686274509806,0.8571428571428571,0.0,,0.275,,,,0.5,0.0,0.0,0.0,1.0,0.0,0.9199878435383203,0.6312005957154313,0.4984338918967651,,0.2,0.6155159344485378,0.34294925274318666,0.02767499479625413,0.15117040407034077,0.6440696163569027,0.5180613096673998,0.15033100176008402,0.13396155686684127,0.2,,,,,,,,,,observed,imputed,observed,observed,imputed,missing,missing,missing,observed,observed,observed,observed,observed,observed,observed,missing
ARE,2019,1.0,0.9540229885057471,0.4003322259136213,0.8857142857142857,0.0,,0.275,,,0.0,0.5,0.5,0.5,0.5,0.0,1.0,0.8592083210291244,1.0,0.9558823529411765,0.3807890222984563,0.9333333333333333,0.0,,0.275,,,0.0,0.5,1.0,0.5,1.0,0.0,1.0,0.8471169728425617,0.6771776072096842,0.5049806516858525,0.25,0.5,0.6583693744809639,0.3522715770091334,0.02767499479625413,0.6301248567621209,0.6926094696497784,0.5248623686480618,0.15033100176008402,0.5628738668420351,0.5,0.5598826774844754,0.11729492972520883,,,0.27257889656061884,0.22742110343938116,0.45469673424148627,0.45469673424148627,0.5820641585577172,observed,observed,observed,observed,observed,missing,missing,carried_forward,observed,observed,observed,observed,observed,observed,observed,missing
ARG,2013,1.0,0.7126436781609196,0.6661129568106312,0.8285714285714286,0.75,,0.0,1.0,,,0.3333333333333333,0.5,0.5,0.0,1.0,0.5,0.5890691206805696,1.0,0.7023809523809523,0.6058823529411765,0.8775510204081632,0.75,,0.0,0.0,,,0.3333333333333333,1.0,0.5,0.0,1.0,0.5,0.4572849527382178,0.6893783174857754,0.5419101373129995,0.6666666666666666,0.5,0.6877977228735511,0.44663699050416744,0.6585300247114659,0.39998685138493617,0.6906751708463981,0.5573245444739681,0.37229400109023825,0.4624950030340981,0.5,,,,,,,0.5940403018212321,0.5940403018212321,0.7871875547129502,observed,imputed,observed,observed,imputed,carried_forward,missing,missing,observed,observed,observed,observed,observed,observed,observed,missing
ARG,2016,1.0,0.7241379310344828,0.6661129568106312,0.8428571428571429,0.75,,0.0,1.0,,,0.3333333333333333,0.0,0.5,0.0,0.0,0.5,0.5853214750142641,1.0,0.6666666666666666,0.6552315608919382,0.8787878787878788,0.75,,0.0,1.0,,,0.3333333333333333,0.0,0.5,0.0,0.0,0.5,0.47779327429653423,0.6951254439225569,0.5445446544678517,0.6666666666666666,0.2,0.6931544028776043,0.4489690305016123,0.6585300247114659,0.2463000918174436,0.6967426525080076,0.5600955263261904,0.37229400109023825,0.2571411577378928,0.2,0.5762248806176353,0.1189005633049216,0.6087404907170965,-0.06419583624924474,0.27430635348952453,-0.07430635348952452,0.4739787325502967,0.4739787325502967,0.6208090433596891,observed,imputed,observed,observed,observed,carried_forward,missing,missing,observed,observed,observed,observed,observed,observed,observed,missing
ARG,2018,1.0,0.5862068965517241,0.6661129568106312,0.8142857142857143,0.75,,0.75,1.0,,,0.3333333333333333,0.0,0.5,0.0,0.0,0.5,0.5634273081059502,1.0,0.5135135135135135,0.615678776290631,0.8245614035087719,0.75,,0.75,0.0,,,0.3333333333333333,0.0,0.5,0.0,0.0,0.5,0.4486076565729285,0.6261599266811777,0.7194282555979161,0.6666666666666666,0.2,0.6288742428289653,0.7455240885858647,0.6585300247114659,0.2463000918174436,0.6239328725686939,0.7173015839668634,0.37229400109023825,0.2571411577378928,0.2,0.5772151642562109,0.048944762424966815,0.6087404907170965,0.11068776488081966,0.2744770015156488,-0.07447700151564879,0.49505434243160845,0.49505434243160845,0.6532980064875087,observed,imputed,observed,observed,observed,carried_forward,missing,missing,observed,observed,observed,observed,observed,observed,observed,missing
ARG,2019,1.0,0.5517241379310345,0.6661129568106312,0.8142857142857143,0.75,,0.75,1.0,,,0.3333333333333333,0.0,0.5,0.0,0.0,0.5,0.5702564517797145,1.0,0.4411764705882353,0.6552315608919382,0.85,0.75,,0.75,1.0,,,0.3333333333333333,0.0,0.5,0.0,0.0,0.5,0.44958162925279493,0.6089185473708328,0.7211355415163572,0.6666666666666666,0.2,0.6128042028168055,0.7461264923174045,0.6585300247114659,0.2463000918174436,0.6057304275838655,0.7191191595086224,0.37229400109023825,0.2571411577378928,0.2,0.6429518281968107,-0.034033280825977896,0.6087404907170965,0.11239505079926071,0.2724292252021577,-0.07242922520215767,0.49190213773396363,0.49190213773396363,0.6531249637220403,observed,observed,observed,observed,imputed,carried_forward,missing,missing,observed,observed,observed,observed,observed,observed,observed,missing
ARG,2020,1.0,0.5862068965517241,0.6661129568106312,0.8142857142857143,0.75,,0.75,1.0,,,0.3333333333333333,0.0,0.5,0.0,0.0,0.5,0.5554489567495773,1.0,0.4782608695652174,0.6174496644295301,0.7903225806451613,0.75,,0.7368421052631579,0.0,,,0.3333333333333333,0.0,0.5,0.0,0.0,0.5,0.5071228379605831,0.6261599266811777,0.7174336677588229,0.6666666666666666,0.2,0.6288742428289653,0.7448203124086143,0.6585300247114659,0.2463000918174436,0.6239328725686939,0.7151781469765693,0.37229400109023825,0.2571411577378928,0.2,0.6435935766509016,-0.017433649969723852,0.6087404907170965,0.10869317704172643,0.27191728112378494,-0.07191728112378493,0.4947108552141695,0.4947108552141695,0.6634521609107239,observed,imputed,observed,observed,imputed,carried_forward,missing,missing,observed,observed,observed,observed,observed,observed,observed,missing
ARM,2010,1.0,,,0.6142857142857143,0.0,,1.0,,,,0.0,0.0,0.5,0.0,0.0,0.5,0.6164743007496448,1.0,,,0.6935483870967742,0.0,,1.0,,,,0.0,0.0,0.5,0.0,0.0,0.5,0.49327415709176453,,0.5576900037588398,,0.2,0.0,0.5739545542019711,0.0,0.2463000918174436,0.0,0.5535431738809582,0.0,0.2571411577378928,0.2,,,,,,,,,,imputed,imputed,observed,observed,imputed,missing,missing,missing,observed,observed,observed,observed,observed,observed,observed,missing
ARM,2016,1.0,,,0.7,0.0,,1.0,,,,0.0,0.0,0.0,0.5,0.0,1.0,0.5804813311139125,1.0,,,0.7272727272727273,0.0,,1.0,,,,0.0,0.0,0.0,1.0,0.0,1.0,0.4711549927820053,,0.5701203327784781,,0.3,0.0,0.5867553234542561,0.0,0.5870184682448168,0.0,0.5665741535611117,0.0,0.3641950659257678,0.3,,,,,,,,,,imputed,imputed,observed,observed,imputed,missing,missing,missing,observed,observed,observed,observed,observed,observed,observed,missing
ARM,2022,1.0,,,0.7,0.0,,1.0,1.0,,1.0,0.0,0.0,0.5,0.0,0.0,0.5,0.5799699917105756,1.0,,,0.6612903225806451,0.0,,1.0,1.0,,1.0,0.0,0.0,0.5,0.0,0.0,0.5,0.45679942421277603,,0.5699924979276438,0.6666666666666666,0.2,0.0,0.5867102178334976,0.6683663275443105,0.2463000918174436,0.0,0.5664380606573098,0.45062995492380653,0.2571411577378928,0.2,,,,,,,,,,imputed,imputed,observed,observed,observed,carried_forward,missing,carried_forward,observed,observed,observed,observed,observed,observed,observed,missing
ATG,2016,1.0,0.7816091954022989,,0.8714285714285714,0.0,,,1.0,,,0.5,0.0,0.5,0.0,0.0,0.5,0.8230936445786294,1.0,0.7361111111111112,,0.9090909090909091,0.0,,,1.0,,,0.5,0.0,0.5,0.0,0.0,0.5,0.8038989914785989,0.7816091954022989,0.5648407386690669,0.75,0.2,0.3642542402756212,0.23502566460267044,0.6677550229768839,0.2463000918174436,0.4125887529894437,0.44893969478760054,0.42240433501026625,0.2571411577378928,0.2,,,,,,,0.5072846636955979,0.5072846636955979,0.8056759015679866,observed,imputed,observed,observed,imputed,carried_forward,missing,missing,observed,observed,observed,observed,observed,observed,observed,missing
ATG,2017,1.0,0.6666666666666666,,0.8571428571428571,0.0,,,1.0,,,0.5,0.0,0.5,0.5,0.0,1.0,0.8354985476303362,1.0,0.5972222222222222,,0.9152542372881356,0.0,,,1.0,,,0.5,0.0,1.0,1.0,0.0,1.0,0.8295089878067515,0.6666666666666666,0.5642138015910644,0.75,0.4,0.31068744023508865,0.23345728757718825,0.6677550229768839,0.6276085012649691,0.351913936373349,0.4484728406612113,0.42240433501026625,0.49148157841267115,0.4,0.5848442207133291,0.08182244595333754,0.613234362516601,-0.04902056092553664,0.27704494249348877,0.12295505750651126,0.5795867190856803,0.5795867190856803,0.9126250787713586,observed,imputed,observed,observed,imputed,carried_forward,missing,missing,observed,observed,observed,observed,observed,observed,observed,missing
AUS,2012,1.0,0.9885057471264368,0.9152823920265779,0.9571428571428572,0.0,,0.2,,,,0.5,0.0,0.5,0.0,0.0,0.5,0.644912255815971,1.0,0.9866666666666667,0.9024856596558316,0.9846153846153847,0.0,,0.2,,,,0.5,0.0,0.5,0.0,0.0,0.5,0.5382267024274644,0.9518940695765074,0.450513778239707,,0.2,0.949406757168678,0.31630031758319277,0.02767499479625413,0.2463000918174436,0.9539348708097926,0.4696125874901616,0.15033100176008402,0.2571411577378928,0.2,,,,,,,,,,observed,imputed,observed,observed,imputed,missing,missing,missing,observed,observed,observed,observed,observed,observed,observed,missing
AUS,2016,1.0,1.0,0.9152823920265779,0.9571428571428572,0.0,,0.2,,,,0.5,0.0,0.5,0.5,0.0,1.0,0.5735606687375074,1.0,1.0,0.9125214408233274,1.0,0.0,,0.2,,,,0.5,0.0,0.5,1.0,0.0,1.0,0.4616632697945445,0.9576411960132889,0.4326758814700911,,0.4,0.9547634371727312,0.3100063421800267,0.02767499479625413,0.6276085012649691,0.960002352471402,0.4506223735285304,0.15033100176008402,0.49148157841267115,0.4,0.5418700771771053,0.41577111883618356,,,0.28210116980574523,0.11789883019425479,,,,observed,imputed,observed,observed,observed,missing,missing,missing,observed,observed,observed,observed,observed,observed,observed,missing
AUS,2018,1.0,0.8850574712643678,0.9152823920265779,0.9571428571428572,0.0,,0.625,,,,0.5,0.0,0.5,0.0,0.0,0.5,0.575474323805125,1.0,0.8648648648648649,0.9024856596558316,1.0,0.0,,0.625,,,,0.5,0.0,0.5,0.0,0.0,0.5,0.4656215536887853,0.9001699316454729,0.5394042952369955,,0.2,0.9011966371321987,0.48233505577584856,0.02767499479625413,0.2463000918174436,0.8993275358553073,0.5477880378497633,0.15033100176008402,0.2571411577378928,0.2,0.53516502411453,0.36500490753094283,,,0.2822718178318695,-0.08227181783186949,,,,observed,imputed,observed,observed,observed,missing,missing,missing,observed,observed,observed,observed,observed,observed,observed,missing
AUS,2020,1.0,0.9080459770114943,0.9152823920265779,0.9571428571428572,0.0,,0.7,,,,0.5,0.0,0.5,0.5,0.0,1.0,0.5448959261067348,1.0,0.8840579710144928,0.9050814956855222,0.9516129032258065,0.0,,0.6842105263157894,,,,0.5,0.0,0.5,0.5,0.0,1.0,0.4943828346290627,0.9116641845190361,0.5505096958123981,,0.4,0.9119099971403052,0.5100188734267352,0.02767499479625413,0.6276085012649691,0.9114624991785263,0.5567066041054862,0.15033100176008402,0.49148157841267115,0.4,0.5752829644095172,0.3363812201095189,,,0.2805653375706269,0.11943466242937312,,,,observed,imputed,observed,observed,observed,missing,missing,missing,observed,observed,observed,observed,observed,observed,observed,missing
AUS,2021,1.0,0.8620689655172413,0.9152823920265779,0.9571428571428572,0.0,,0.7,,,,0.5,0.0,0.5,0.0,0.0,0.5,0.5567073640257861,1.0,0.85,0.9198664440734555,0.9523809523809523,0.0,,0.7,,,,0.5,0.0,0.5,0.0,0.0,0.5,0.5789708042878243,0.8886756787719097,0.5534625552921608,,0.2,0.8904832771240921,0.5110607689581799,0.02767499479625413,0.2463000918174436,0.8871925725320884,0.5598502164967656,0.15033100176008402,0.2571411577378928,0.2,0.5794573522928501,0.30921832647905956,,,0.28090663362287543,-0.08090663362287542,,,,observed,observed,observed,observed,observed,missing,missing,missing,observed,observed,observed,observed,observed,observed,observed,missing
AUS,2023,1.0,0.8620689655172413,0.9152823920265779,0.9571428571428572,0.0,0.0,0.7,1.0,,,0.5,0.0,0.5,0.0,0.0,0.5,0.5567073640257861,1.0,0.8153846153846154,0.9066147859922177,1.0,0.0,0.0,0.7,1.0,,,0.5,0.0,1.0,0.0,0.0,0.5,0.433653680624656,0.8886756787719097,0.5534625552921608,0.75,0.2,0.8904832771240921,0.5110607689581799,0.6677550229768839,0.2463000918174436,0.8871925725320884,0.5598502164967656,0.42240433501026625,0.2571411577378928,0.2,0.5805672970219766,0.30810838174993305,,,0.2802240415183784,-0.08022404151837836,0.5211715490323315,0.5211715490323315,0.6581413573579629,imputed,imputed,imputed,observed,imputed,carried_forward,missing,missing,observed,observed,observed,observed,observed,observed,observed,observed
AUT,2014,1.0,0.896551724137931,0.6877076411960132,0.8714285714285714,0.0,,,,,,0.5,0.0,0.5,0.5,0.0,1.0,0.5595785498444662,1.0,0.8902439024390244,0.6405353728489483,0.8983050847457628,0.0,,,,,,0.6,0.0,0.5,1.0,0.0,1.0,0.4096785857333487,0.7921296826669721,0.4770023737576792,,0.4,0.7850354915022166,0.21178080639375754,0.02767499479625413,0.6276085012649691,0.7979503562394961,0.3788051927250428,0.15033100176008402,0.49148157841267115,0.4,,,,,,,,,,observed,imputed,observed,observed,imputed,missing,missing,missing,observed,observed,observed,observed,observed,observed,observed,missing
AUT,2019,1.0,0.6206896551724138,0.6877076411960132,0.8571428571428571,0.0,,,0.0,,,0.5,0.0,0.5,0.0,0.0,0.5,0.5535789011517143,1.0,0.5294117647058824,0.6775300171526586,0.9,0.0,,,0.0,,,0.5,0.0,0.5,0.0,0.0,0.5,0.4266369227992258,0.6541986481842135,0.4702405860981904,0.25,0.2,0.6564751714049386,0.20858895046992182,0.02767499479625413,0.2463000918174436,0.6523307963608689,0.3734399699735684,0.15033100176008402,0.2571411577378928,0.2,0.5518268249257315,0.10237182325848193,,,0.27735732476058,-0.07735732476057999,0.3521680391197628,0.3521680391197628,0.4398714344492633,observed,observed,observed,observed,imputed,carried_forward,missing,missing,observed,observed,observed,observed,observed,observed,observed,missing
AZE,2012,1.0,,,0.5714285714285714,0.5,,,,,,0.0,0.0,0.5,0.0,0.0,0.5,0.9217992777858341,1.0,,,0.5692307692307692,0.5,,,,,,0.0,0.0,0.5,0.0,0.0,0.5,0.9364436278739751,,0.6644092830714685,,0.2,0.0,0.34797926483757124,0.0,0.2463000918174436,0.0,0.5173905515644242,0.0,0.2571411577378928,0.2,,,,,,,,,,imputed,imputed,observed,observed,imputed,missing,missing,missing,observed,observed,observed,observed,observed,observed,observed,missing
BDI,2015,1.0,0.4942528735632184,0.10132890365448508,0.38571428571428573,0.75,,0.625,,,,0.0,0.0,0.5,0.0,0.0,0.5,0.7644089592088283,1.0,0.38571428571428573,0.09075630252100844,0.3333333333333333,0.75,,0.625,,,,0.0,0.0,0.5,0.0,0.0,0.5,0.6950504552921499,0.2977908886088517,0.6312808112307785,,0.2,0.2844437172814151,0.6327388825379129,0.0,0.2463000918174436,0.3087420350836791,0.6293119675838281,0.0,0.2571411577378928,0.2,,,,,,,,,,observed,imputed,observed,observed,observed,missing,missing,missing,observed,observed,observed,observed,observed,observed,observed,missing
BDI,2016,1.0,0.5632183908045977,0.10132890365448508,0.35714285714285715,0.75,,0.625,,1.0,,0.0,0.0,0.5,0.0,0.0,0.5,0.7256689215997651,1.0,0.4722222222222222,0.07204116638078907,0.36363636363636365,0.75,,0.625,,0.0,,0.0,0.0,0.5,0.0,0.0,0.5,0.6702804977057769,0.3322736472295414,0.6144529446856556,0.5,0.2,0.3165837973057346,0.6239963505417219,0.27628368286318133,0.2463000918174436,0.34514692505333583,0.611464478170148,0.24870804162754795,0.2571411577378928,0.2,0.6098182531209192,-0.2775446058913778,,,0.26267904329755637,-0.06267904329755636,0.3780037707261678,0.3780037707261678,0.6687121062795411,observed,imputed,observed,observed,observed,missing,carried_forward,missing,observed,observed,observed,observed,observed,observed,observed,missing
BDI,2021,1.0,0.28735632183908044,0.10132890365448508,0.32857142857142857,0.75,,0.775,1.0,1.0,0.0,0.0,0.0,0.5,0.0,0.0,0.5,0.6285565777711319,1.0,0.225,0.10183639398998331,0.25396825396825395,0.75,,0.775,1.0,0.0,0.0,0.0,0.0,0.5,0.0,0.0,0.5,0.6536933600822612,0.19434261274678277,0.6205320015856401,0.5,0.2,0.18802347720845655,0.6708670756632907,0.9163637110438112,0.2463000918174436,0.19952736517470868,0.6121952126355229,0.5207813748777301,0.2571411577378928,0.2,0.6034928583968519,-0.4091502456500691,0.5997527471180873,0.0207792544675528,0.26370293145430196,-0.06370293145430195,0.33138515930491913,0.33138515930491913,0.6036447512184558,observed,observed,observed,observed,observed,carried_forward,carried_forward,carried_forward,observed,observed,observed,observed,observed,observed,observed,missing
BEL,2012,1.0,0.7931034482758621,,0.9,0.0,,,,,,0.0,0.0,0.5,0.0,0.0,0.5,0.552827212136887,1.0,0.76,,0.9230769230769231,0.0,,,,,,0.0,0.0,0.5,0.0,0.0,0.5,0.4057906542782533,0.7931034482758621,0.48427573737896235,,0.2,0.36961092027967446,0.216510511079124,0.0,0.2463000918174436,0.4186562346510531,0.38454515957273006,0.0,0.2571411577378928,0.2,,,,,,,,,,observed,imputed,observed,observed,imputed,missing,missing,missing,observed,observed,observed,observed,observed,observed,observed,missing
BEN,2014,1.0,0.3563218390804598,0.15614617940199332,0.11428571428571428,0.25,,0.1,,,,0.0,0.0,0.5,0.0,0.0,0.5,0.9451913476751812,1.0,0.3170731707317073,0.028680688336520075,0.0,0.25,,0.1,,,,0.0,0.0,0.5,0.0,0.0,0.5,0.9495111603777618,0.2562340092412265,0.3523692654902239,,0.2,0.24943427435630283,0.22526609959711932,0.0,0.2463000918174436,0.2618130859630142,0.36511110325103013,0.0,0.2571411577378928,0.2,,,,,,,,,,observed,imputed,observed,observed,imputed,missing,missing,missing,observed,observed,observed,observed,observed,observed,observed,missing
BEN,2016,1.0,0.1724137931034483,0.15614617940199332,0.05714285714285714,0.25,,0.1,,,,0.0,0.0,0.5,0.0,0.0,0.5,0.939948561667055,1.0,0.0,0.12864493996569468,0.045454545454545456,0.25,,0.1,,,,0.0,0.0,0.5,0.0,0.0,0.5,0.9641660934409085,0.1642799862527208,0.3367728547024781,,0.2,0.16372739429145078,0.21415313943725808,0.0,0.2463000918174436,0.16473337937726282,0.34864206787181773,0.0,0.2571411577378928,0.2,0.5049787230962363,-0.3406987368435155,,,0.26144510499569773,-0.06144510499569772,,,,observed,imputed,observed,observed,observed,missing,missing,missing,observed,observed,observed,observed,observed,observed,observed,missing
BEN,2017,1.0,0.19540229885057472,0.15614617940199332,0.15714285714285714,0.25,,0.175,,,,0.0,0.0,0.5,0.0,0.0,0.5,0.9463457290275877,1.0,0.027777777777777776,0.12864493996569468,0.0847457627118644,0.25,,0.175,,,,0.0,0.0,1.0,0.0,0.0,0.5,0.9836216601254242,0.17577423912628404,0.38212214654261123,,0.2,0.17444075429955727,0.2637369564171333,0.0,0.2463000918174436,0.17686834270048174,0.3937805953012092,0.0,0.2571411577378928,0.2,0.49911621793275274,-0.3233419788064687,,,0.2587147365777096,-0.05871473657770959,,,,observed,imputed,observed,observed,observed,missing,missing,missing,observed,observed,observed,observed,observed,observed,observed,missing
BEN,2021,1.0,0.2988505747126437,0.15614617940199332,0.21428571428571427,0.25,,0.175,1.0,1.0,,0.0,0.0,0.0,0.5,0.0,1.0,0.9507078358845639,1.0,0.2375,0.15692821368948243,0.12698412698412698,0.25,,0.175,1.0,0.0,,0.0,0.0,0.0,0.5,0.0,1.0,0.9887278594707567,0.2274983770573185,0.39749838754256955,0.6666666666666666,0.3,0.22265087433603653,0.2747722312283936,0.9163637110438112,0.5870184682448168,0.23147567765496693,0.41001523805936474,0.5207813748777301,0.3641950659257678,0.3,0.5161624769208777,-0.2886640998635592,,,0.25905603262995813,0.040943967370041856,0.3667211158688605,0.3667211158688605,0.6034244474017006,observed,observed,observed,observed,imputed,carried_forward,carried_forward,missing,observed,observed,observed,observed,observed,observed,observed,missing
BEN,2022,1.0,0.2988505747126437,0.15614617940199332,0.18571428571428572,0.25,,0.175,1.0,1.0,,0.0,0.0,0.5,0.0,0.0,0.5,0.9457592458376695,1.0,0.07575757575757576,0.15692821368948243,0.08064516129032258,0.25,,0.175,1.0,1.0,,0.0,0.0,0.5,0.0,0.0,0.5,0.9659135501204393,0.2274983770573185,0.3891183828879888,0.6666666666666666,0.2,0.22265087433603653,0.26901046740432155,0.9163637110438112,0.2463000918174436,0.23147567765496693,0.40116133723360425,0.5207813748777301,0.2571411577378928,0.2,0.5219422228819195,-0.294443845824601,0.6087404907170965,-0.21962210782910768,0.26059186486507646,-0.06059186486507645,0.3296094821798677,0.3296094821798677,0.5514715274763854,imputed,imputed,observed,observed,imputed,carried_forward,carried_forward,missing,observed,observed,observed,observed,observed,observed,observed,missing
BFA,2010,1.0,0.1839080459770115,0.3056478405315614,0.14285714285714285,0.5,,0.25,,,,0.0,0.0,0.5,0.0,0.0,0.5,0.8171825510300901,1.0,0.0,0.17878192534381132,0.16129032258064516,0.5,,0.25,,,,0.0,0.0,0.5,0.0,0.0,0.5,0.7763922138070602,0.24477794325428645,0.4275099234718082,,0.2,0.24891330281421337,0.36014280534691295,0.0,0.2463000918174436,0.24138494508973263,0.4333509843423152,0.0,0.2571411577378928,0.2,,,,,,,,,,imputed,imputed,observed,observed,imputed,missing,missing,missing,observed,observed,observed,observed,observed,observed,observed,missing
BFA,2015,1.0,0.1839080459770115,0.3056478405315614,0.24285714285714285,0.5,,0.25,,,,0.0,0.0,0.5,0.0,0.0,0.5,0.8225902414843028,1.0,0.0,0.29747899159663865,0.1746031746031746,0.5,,0.25,,,,0.0,0.0,0.5,0.0,0.0,0.5,0.7740465094518548,0.24477794325428645,0.4538618460853614,,0.2,0.24891330281421337,0.37925817949196855,0.0,0.2463000918174436,0.24138494508973263,0.4611691605297836,0.0,0.2571411577378928,0.2,0.5332232019958751,-0.28844525874158866,,,0.26110494281737695,-0.06110494281737694,,,,imputed,imputed,observed,observed,observed,missing,missing,missing,observed,observed,observed,observed,observed,observed,observed,missing
BFA,2018,1.0,0.1839080459770115,0.3056478405315614,0.24285714285714285,0.5,,0.525,,,,0.0,0.0,0.5,0.5,0.0,1.0,0.8292399140688609,1.0,0.04054054054054054,0.20076481835564053,0.12280701754385964,0.5,,0.525,,,,0.0,0.0,0.5,1.0,0.0,1.0,0.8240125238763354,0.24477794325428645,0.5242742642315009,,0.4,0.24891330281421337,0.4912423399241524,0.0,0.6276085012649691,0.24138494508973263,0.5254813109570292,0.0,0.49148157841267115,0.4,0.543128576026614,-0.29835063277232754,,,0.26110494281737695,0.13889505718262307,,,,observed,imputed,observed,observed,observed,missing,missing,missing,observed,observed,observed,observed,observed,observed,observed,missing
BFA,2019,1.0,0.3563218390804598,0.3056478405315614,0.2571428571428571,0.5,,0.525,,,,0.0,0.0,0.5,0.0,0.0,0.5,0.8107308341025611,1.0,0.19117647058823528,0.2830188679245283,0.2,0.5,,0.525,,,,0.0,0.0,0.5,0.0,0.0,0.5,0.7804224244674982,0.33098483980601057,0.5232184228113546,,0.2,0.32926350287501216,0.4922722630633212,0.0,0.2463000918174436,0.3323971700138746,0.5243235393334642,0.0,0.2571411577378928,0.2,0.5695957658546376,-0.238610926048627,,,0.26110494281737695,-0.06110494281737694,,,,observed,observed,observed,observed,observed,missing,missing,missing,observed,observed,observed,observed,observed,observed,observed,missing
BFA,2022,1.0,0.3563218390804598,0.3056478405315614,0.37142857142857144,0.5,,0.525,1.0,,,0.0,0.0,0.5,0.0,0.0,0.5,0.7402185870466675,1.0,0.15151515151515152,0.30717863105175286,0.2903225806451613,0.5,,0.525,1.0,,,0.0,0.0,0.5,0.0,0.0,0.5,0.6798372051808265,0.33098483980601057,0.5341617896188098,0.5,0.2,0.32926350287501216,0.5073533068382576,0.6400800281806298,0.2463000918174436,0.3323971700138746,0.5357040529640559,0.27207333325018224,0.2571411577378928,0.2,0.5691988876329962,-0.23821404782698563,,,0.26366466320924087,-0.06366466320924086,0.36464497244770333,0.36464497244770333,0.5941078021728629,imputed,imputed,observed,observed,imputed,carried_forward,missing,missing,observed,observed,observed,observed,observed,observed,observed,missing
BGD,2019,1.0,0.6206896551724138,0.32225913621262453,0.4,0.5,,0.925,,,,0.0,0.0,0.5,0.0,0.0,0.5,0.9669658671906906,1.0,0.5294117647058824,0.3001715265866209,0.36666666666666664,0.5,,0.925,,,,0.0,0.0,0.5,0.0,0.0,0.5,0.9953680751766776,0.47147439569251914,0.6979914667976727,,0.2,0.4613370572480936,0.6947129497080843,0.0,0.2463000918174436,0.4797919242365435,0.6945603191007074,0.0,0.2571411577378928,0.2,,,,,,,,,,observed,observed,observed,observed,observed,missing,missing,missing,observed,observed,observed,observed,observed,observed,observed,missing
BGD,2021,1.0,0.632183908045977,0.3239202657807309,0.42857142857142855,0.5,,0.0,1.0,,,0.0,0.5,1.0,1.0,0.0,1.0,0.9615465234219819,1.0,0.6,0.32554257095158595,0.36507936507936506,0.5,,0.0,1.0,,,0.0,0.5,1.0,1.0,0.0,1.0,1.0,0.478052086913354,0.4725294879983526,0.5,0.7,0.46758072868013245,0.32485917281039645,0.6400800281806298,0.8463132404325076,0.4866436734987181,0.4902851031792428,0.27207333325018224,0.7946461547527275,0.7,0.634893994459277,-0.15684190754592298,,,0.26783618538938136,0.4321638146106186,0.530265100161198,0.530265100161198,0.7542503689962725,observed,observed,observed,observed,observed,carried_forward,missing,missing,observed,observed,observed,observed,observed,observed,observed,missing
BGR,2018,1.0,0.5862068965517241,0.729235880398671,0.7,0.0,,0.9,,,,0.0,0.0,0.5,0.0,0.0,0.5,0.7120848739023468,1.0,0.5135135135135135,0.6883365200764818,0.6842105263157895,0.0,,0.9,,,,0.0,0.0,0.5,0.0,0.0,0.5,0.6585554638233888,0.6577213884751976,0.5780212184755866,,0.2,0.6625799170924203,0.5578559538933456,0.0,0.2463000918174436,0.6537350413901684,0.5788577468107174,0.0,0.2571411577378928,0.2,,,,,,,,,,observed,imputed,observed,observed,observed,missing,missing,missing,observed,observed,observed,observed,observed,observed,observed,missing
BGR,2021,1.0,0.6781609195402298,0.729235880398671,0.7142857142857143,0.0,,0.9,,,,0.0,0.0,0.5,0.5,0.0,1.0,0.6474387144907306,1.0,0.65,0.7328881469115192,0.6825396825396826,0.0,,0.9,,,,0.0,0.0,0.5,0.5,0.0,1.0,0.6733306176248295,0.7036983999694504,0.5654311071941113,,0.4,0.7054333571248463,0.5548160916907616,0.0,0.6276085012649691,0.702274894683044,0.5654205985663093,0.0,0.49148157841267115,0.4,0.5897986061789661,0.11389979379048432,,,0.27336637200343145,0.12663362799656858,,,,observed,observed,observed,observed,observed,missing,missing,missing,observed,observed,observed,observed,observed,observed,observed,missing
BGR,2022,1.0,0.6781609195402298,0.729235880398671,0.7285714285714285,0.0,,0.05,,,,0.0,0.0,0.0,0.5,0.0,1.0,0.695425908301776,1.0,0.5757575757575758,0.7328881469115192,0.6935483870967742,0.0,,0.05,,,,0.0,0.0,0.0,1.0,0.0,1.0,0.6174936966469625,0.7036983999694504,0.3684993342183011,,0.3,0.7054333571248463,0.21739188213433663,0.0,0.5870184682448168,0.702274894683044,0.38864810937691874,0.0,0.3641950659257678,0.3,0.5850661332144508,0.1186322667549996,,,0.2747315562124255,0.02526844378757448,,,,imputed,imputed,observed,observed,observed,missing,missing,missing,observed,observed,observed,observed,observed,observed,observed,missing
BHR,2014,1.0,0.9080459770114943,,0.8142857142857143,0.0,,,,,,0.0,0.5,0.0,0.5,1.0,1.0,0.8587316401904534,1.0,0.9024390243902439,,0.8305084745762712,0.0,,,,,,0.0,1.0,0.0,1.0,1.0,1.0,0.828473251996481,0.9080459770114943,0.5576724514920559,,0.6,0.42317772032020695,0.22751882792952605,0.0,0.7407052278123094,0.47933105126714776,0.4433510731688818,0.0,0.5695489112219729,0.6,,,,,,,,,,observed,imputed,observed,observed,imputed,missing,missing,missing,observed,observed,observed,observed,observed,observed,observed,missing
BHR,2016,1.0,0.9540229885057471,,0.8,0.0,,,1.0,,,0.0,0.0,0.5,0.0,0.0,0.5,0.8362232130106848,1.0,0.9444444444444444,,0.8333333333333334,0.0,,,1.0,,,0.0,0.0,0.5,0.0,0.0,0.5,0.8219062601075179,0.9540229885057471,0.5454077376702283,0.5,0.2,0.44460444033641994,0.22287072064551616,0.6400800281806298,0.2463000918174436,0.5036009779135856,0.4335920415541389,0.27207333325018224,0.2571411577378928,0.2,0.5821497468910841,0.37187324161466295,,,0.2807991990682224,-0.08079919906822242,0.47760628552471235,0.47760628552471235,0.6876831058524429,observed,imputed,observed,observed,imputed,carried_forward,missing,missing,observed,observed,observed,observed,observed,observed,observed,missing
BHR,2023,1.0,0.9540229885057471,,0.8,0.0,0.0,,1.0,,,0.0,0.0,0.5,0.5,0.0,1.0,0.8362232130106848,1.0,0.9384615384615385,,0.7708333333333334,0.0,0.0,,1.0,,,0.0,0.0,1.0,1.0,0.0,1.0,0.8311525002160814,0.9540229885057471,0.5454077376702283,0.5,0.4,0.44460444033641994,0.22287072064551616,0.6400800281806298,0.6276085012649691,0.5036009779135856,0.4335920415541389,0.27207333325018224,0.49148157841267115,0.4,0.5775395869582869,0.3764834015474602,0.5997527471180873,-0.05434500944785903,0.2821643832772165,0.11783561672278353,0.5679727929160091,0.5679727929160091,0.7172425002212579,imputed,imputed,imputed,observed,imputed,carried_forward,missing,missing,observed,observed,observed,observed,observed,observed,observed,observed
BHS,2012,1.0,0.5632183908045977,0.22591362126245848,0.8285714285714286,0.75,,,1.0,,,0.5,0.0,0.5,0.0,0.0,0.5,0.8131888295546539,1.0,0.49333333333333335,0.10898661567877634,0.8461538461538461,0.75,,,0.0,,,0.5,0.0,0.5,0.0,0.0,0.5,0.7802408616399712,0.3945660060335281,0.7972534193753608,0.75,0.2,0.38310815440465906,0.46640675306694,0.6677550229768839,0.2463000918174436,0.4039669950957195,0.6169739706297878,0.42240433501026625,0.2571411577378928,0.2,,,,,,,0.46607072941632643,0.46607072941632643,0.7184575348584802,imputed,imputed,observed,observed,imputed,carried_forward,missing,missing,observed,observed,observed,observed,observed,observed,observed,missing
BHS,2019,1.0,0.5632183908045977,0.22591362126245848,0.8285714285714286,0.75,,,1.0,,,0.5,0.0,0.5,0.0,0.0,0.5,0.7856169869963575,1.0,0.45588235294117646,0.20068610634648373,0.8666666666666667,0.75,,,1.0,,,0.5,0.0,0.5,0.0,0.0,0.5,0.745871196734799,0.3945660060335281,0.788062805189262,0.75,0.2,0.38310815440465906,0.46397462077686147,0.6677550229768839,0.2463000918174436,0.4039669950957195,0.6096357289600871,0.42240433501026625,0.2571411577378928,0.2,0.6722053808701409,-0.27763937483661283,0.613234362516601,0.17482844267266096,0.2655525632989212,-0.06555256329892117,0.46472168565920247,0.46472168565920247,0.7082460365011705,observed,observed,observed,observed,imputed,carried_forward,missing,missing,observed,observed,observed,observed,observed,observed,observed,missing
BHS,2020,1.0,0.5977011494252874,0.22591362126245848,0.8428571428571429,0.75,,,1.0,,,0.5,0.0,0.0,0.5,0.0,1.0,0.6989693195855702,1.0,0.4927536231884058,0.10930009587727711,0.8225806451612904,0.75,,,0.0,,,0.5,0.0,0.0,0.5,0.0,1.0,0.6803858524020027,0.41180738534387296,0.7639421541475709,0.75,0.3,0.39917819441681884,0.45899398954797577,0.6677550229768839,0.5870184682448168,0.4221694400805479,0.5903428827348711,0.42240433501026625,0.3641950659257678,0.3,0.6687507383979177,-0.2569433530540447,0.613234362516601,0.15070779163096992,0.2655525632989212,0.034447436701078804,0.5158034955835255,0.5158034955835255,0.7847841565887549,observed,imputed,observed,observed,imputed,carried_forward,missing,missing,observed,observed,observed,observed,observed,observed,observed,missing
BLR,2021,1.0,0.9310344827586207,0.46345514950166106,0.8285714285714286,0.0,,0.8,1.0,,,0.0,0.0,0.5,0.0,0.0,0.5,0.750582000179923,1.0,0.925,0.4657762938230383,0.8095238095238095,0.0,,0.8,1.0,,,0.0,0.0,0.5,0.0,0.0,0.5,0.7805987353671962,0.6972448161301409,0.5947883571878378,0.5,0.2,0.6813616887363124,0.5447072025309172,0.6400800281806298,0.2463000918174436,0.7102766751480338,0.600276836126249,0.27207333325018224,0.2571411577378928,0.2,,,,,,,0.4512704937797833,0.4512704937797833,0.6509745311143956,observed,observed,observed,observed,observed,carried_forward,missing,missing,observed,observed,observed,observed,observed,observed,observed,missing
BRA,2013,1.0,0.8735632183908046,,0.8428571428571429,0.75,,,,,,0.0,0.0,0.5,0.0,0.0,0.5,0.6797026234875869,1.0,0.8690476190476191,,0.8979591836734694,0.75,,,,,,0.0,0.0,0.5,0.0,0.0,0.5,0.5902556114200583,0.8735632183908046,0.7575199221149099,,0.2,0.4071076803080472,0.45729446026900367,0.0,0.2463000918174436,0.4611286062823194,0.5852150545222754,0.0,0.2571411577378928,0.2,,,,,,,,,,observed,imputed,observed,observed,imputed,missing,missing,missing,observed,observed,observed,observed,observed,observed,observed,missing
BRA,2017,1.0,0.9540229885057471,,0.8714285714285714,0.75,,,,,,0.0,0.0,0.5,0.0,0.0,0.5,0.6046266973718107,1.0,0.9444444444444444,,0.9322033898305084,0.75,,,,,,0.0,0.0,1.0,0.0,0.0,0.5,0.5085240303364664,0.9540229885057471,0.7420184229334607,,0.2,0.44460444033641994,0.45599720330599447,0.0,0.2463000918174436,0.5036009779135856,0.5727704426403372,0.0,0.2571411577378928,0.2,0.6572700322169962,0.29675295628875087,,,0.2797753109114769,-0.07977531091147688,,,,observed,imputed,observed,observed,imputed,missing,missing,missing,observed,observed,observed,observed,observed,observed,observed,missing
BRA,2022,1.0,0.9540229885057471,,0.8714285714285714,0.75,,,,,,0.0,0.0,0.5,0.0,0.0,0.5,0.6211259824258974,1.0,0.9393939393939394,,0.8548387096774194,0.75,,,,,,0.0,0.0,0.5,0.0,0.0,0.5,0.5140813044279199,0.9540229885057471,0.7475181846181563,,0.2,0.44460444033641994,0.4574526172435436,0.0,0.2463000918174436,0.5036009779135856,0.5771617248278867,0.0,0.2571411577378928,0.2,0.6514432031965408,0.30257978530920626,,,0.2821643832772165,-0.08216438327721648,,,,imputed,imputed,observed,observed,imputed,missing,missing,missing,observed,observed,observed,observed,observed,observed,observed,missing
BRB,2010,1.0,0.8850574712643678,0.31395348837209297,0.8142857142857143,1.0,,0.975,,,,0.5,0.0,0.5,0.0,0.0,0.5,0.740262437665441,1.0,0.8714285714285714,0.18860510805500977,0.9193548387096774,1.0,,0.975,,,,0.5,0.0,0.5,0.0,0.0,0.5,0.6678890855714721,0.5995054798182304,0.8823870379877888,,0.2,0.58010574020139,0.932347214095606,0.02767499479625413,0.2463000918174436,0.6154226644507357,0.8761957970517422,0.15033100176008402,0.2571411577378928,0.2,,,,,,,,,,imputed,imputed,observed,observed,imputed,missing,missing,missing,observed,observed,observed,observed,observed,observed,observed,missing
BRB,2015,1.0,0.8850574712643678,0.31395348837209297,0.8714285714285714,1.0,,0.975,,,,0.5,0.0,0.0,0.5,0.0,1.0,0.7378851615081581,1.0,0.8714285714285714,0.30588235294117644,0.873015873015873,1.0,,0.975,,,,0.5,0.0,0.0,1.0,0.0,1.0,0.6590375783369364,0.5995054798182304,0.8960784332341823,,0.3,0.58010574020139,0.9427880030284006,0.02767499479625413,0.5870184682448168,0.6154226644507357,0.8906367540539044,0.15033100176008402,0.3641950659257678,0.3,0.7042060947198645,-0.10470061490163407,,,0.271637781200598,0.028362218799401984,,,,observed,imputed,observed,observed,imputed,missing,missing,missing,observed,observed,observed,observed,observed,observed,observed,missing
BRB,2018,1.0,0.8850574712643678,0.31395348837209297,0.8571428571428571,1.0,,0.975,,,,0.5,0.0,0.5,0.0,0.0,0.5,0.756914019484844,1.0,0.8648648648648649,0.21032504780114722,0.8771929824561403,1.0,,0.975,,,,0.5,0.0,0.5,0.0,0.0,0.5,0.721867282266908,0.5995054798182304,0.8972642191569253,,0.2,0.58010574020139,0.9418039298856569,0.02767499479625413,0.2463000918174436,0.6154226644507357,0.8919328645152437,0.15033100176008402,0.2571411577378928,0.2,0.7093525272176762,-0.10984704739944573,,,0.271637781200598,-0.071637781200598,,,,imputed,imputed,observed,observed,observed,missing,missing,missing,observed,observed,observed,observed,observed,observed,observed,missing
BRB,2021,1.0,0.8850574712643678,0.31395348837209297,0.8428571428571429,1.0,,0.975,,,,0.5,0.0,0.5,0.5,0.0,1.0,0.6816084427058013,1.0,0.875,0.3155258764607679,0.8253968253968254,1.0,,0.975,,,,0.5,0.0,0.5,0.5,0.0,1.0,0.708866837020087,0.5995054798182304,0.874866396390736,,0.4,0.58010574020139,0.9324985476265342,0.02767499479625413,0.6276085012649691,0.6154226644507357,0.8681218796292737,0.15033100176008402,0.49148157841267115,0.4,0.7097982500310511,-0.11029277021282069,,,0.271637781200598,0.12836221879940202,,,,imputed,observed,observed,observed,imputed,missing,missing,missing,observed,observed,observed,observed,observed,observed,observed,missing
BRB,2023,1.0,0.8850574712643678,0.31395348837209297,0.8571428571428571,1.0,1.0,0.975,,,,0.5,0.0,0.5,0.0,0.0,0.5,0.6816084427058013,1.0,0.8461538461538461,0.2023346303501945,0.8541666666666666,1.0,1.0,0.975,,,,0.5,0.0,1.0,0.0,0.0,0.5,0.6112752055625285,0.5995054798182304,0.8784378249621646,,0.2,0.58010574020139,0.9351611701745475,0.02767499479625413,0.2463000918174436,0.6154226644507357,0.8718902968010112,0.15033100176008402,0.2571411577378928,0.2,0.7013791750653711,-0.10187369524714063,,,0.271637781200598,-0.071637781200598,,,,imputed,imputed,imputed,observed,imputed,missing,missing,missing,observed,observed,observed,observed,observed,observed,observed,observed
BRN,2023,1.0,,,0.8857142857142857,1.0,1.0,,1.0,,,1.0,0.0,0.5,0.5,0.0,1.0,,1.0,,,0.8958333333333334,1.0,1.0,,1.0,,,1.0,0.0,1.0,1.0,0.0,1.0,,,0.9428571428571428,1.0,0.4,0.0,0.4854061540396906,0.6954300177731381,0.6276085012649691,0.0,0.4762761211243481,0.5727353367703503,0.49148157841267115,0.4,,,,,,,,,,imputed,imputed,imputed,observed,imputed,carried_forward,missing,missing,observed,observed,observed,observed,observed,observed,observed,observed
BTN,2011,1.0,0.42528735632183906,0.41196013289036537,0.5142857142857142,0.25,,,,1.0,,0.0,0.0,0.5,0.5,0.0,1.0,0.9255019677776811,1.0,0.4457831325301205,0.2563025210084033,0.5573770491803278,0.25,,,,0.0,,0.0,0.0,1.0,1.0,0.0,1.0,0.8979959280736849,0.4186237446061022,0.5632625606877985,0.5,0.4,0.4181710342904138,0.2575745026076224,0.27628368286318133,0.6276085012649691,0.4189951864196988,0.4426437891319683,0.24870804162754795,0.49148157841267115,0.4,,,,,,,0.4660056526991211,0.4660056526991211,0.7642958171653447,observed,imputed,observed,observed,imputed,missing,carried_forward,missing,observed,observed,observed,observed,observed,observed,observed,missing
BTN,2012,1.0,0.5747126436781609,0.41196013289036537,0.5142857142857142,0.25,,,,1.0,,0.0,0.0,0.5,0.5,0.0,1.0,0.9135588273128981,1.0,0.5066666666666667,0.32313575525812616,0.5076923076923077,0.25,,,,0.0,,0.0,0.0,0.5,1.0,0.0,1.0,0.9245922712149259,0.4933363882842631,0.5592815138662041,0.5,0.4,0.48780787434310613,0.25652098949880753,0.27628368286318133,0.6276085012649691,0.4978724480206218,0.43946512412833444,0.24870804162754795,0.49148157841267115,0.4,0.584251002395987,-0.09091461411172391,0.5997527471180873,-0.04047123325188329,0.2662669038733948,0.13373309612660522,0.4846753165147892,0.4846753165147892,0.7896701823823047,imputed,imputed,observed,observed,imputed,missing,carried_forward,missing,observed,observed,observed,observed,observed,observed,observed,missing
BTN,2016,1.0,0.7241379310344828,0.41196013289036537,0.6142857142857143,0.25,,,,1.0,,0.0,0.0,0.5,0.0,0.0,0.5,0.9132461467838434,1.0,0.6666666666666666,0.39279588336192106,0.6363636363636364,0.25,,,,0.0,,0.0,0.0,0.5,0.0,0.0,0.5,0.9275435981676527,0.5680490319624241,0.5925106203565192,0.5,0.2,0.5574447143957983,0.2751317655579639,0.27628368286318133,0.2463000918174436,0.5767497096215449,0.4657608244556275,0.24870804162754795,0.2571411577378928,0.2,0.5827545742840778,-0.014705542321653775,0.5997527471180873,-0.007242126761568102,0.2684853282130102,-0.06848532821301018,0.4283221075811599,0.4283221075811599,0.7088969771519268,observed,imputed,observed,observed,imputed,missing,carried_forward,missing,observed,observed,observed,observed,observed,observed,observed,missing
BTN,2019,1.0,0.5287356321839081,0.41196013289036537,0.6285714285714286,0.25,,,1.0,1.0,,0.0,0.0,0.0,0.5,0.0,1.0,0.9108345636705206,1.0,0.4117647058823529,0.39279588336192106,0.6333333333333333,0.25,,,1.0,0.0,,0.0,0.0,0.0,1.0,0.0,1.0,0.9181435287877022,0.4703478825371367,0.5964686640806497,0.6666666666666666,0.3,0.46638115432689314,0.2775816606051684,0.9163637110438112,0.5870184682448168,0.473602521374184,0.4688873991514871,0.5207813748777301,0.3641950659257678,0.3,0.5952449998716416,-0.12489711733450487,0.5997527471180873,-0.0032840830374376573,0.2707037525526255,0.02929624744737447,0.4866976008031958,0.4866976008031958,0.7879049816319119,observed,observed,observed,observed,imputed,carried_forward,carried_forward,missing,observed,observed,observed,observed,observed,observed,observed,missing
BTN,2020,1.0,0.6666666666666666,0.4036544850498338,0.6714285714285714,0.25,,,1.0,1.0,,0.0,0.0,0.5,0.5,0.0,1.0,0.8752013901198679,1.0,0.5797101449275363,0.31447746883988487,0.6290322580645161,0.25,,,0.0,0.0,,0.0,0.0,0.5,0.5,0.0,1.0,0.893139632971234,0.5351605758582503,0.5988766538494797,0.6666666666666666,0.4,0.5262263572356038,0.2824263000878233,0.9163637110438112,0.6276085012649691,0.542490963310672,0.47070888698930985,0.5207813748777301,0.49148157841267115,0.4,0.5967327813930311,-0.06157220553478082,0.6087404907170965,-0.009863836867616715,0.26780273610851313,0.1321972638914869,0.5406890283454621,0.5406890283454621,0.862004082755406,observed,imputed,observed,observed,imputed,carried_forward,carried_forward,missing,observed,observed,observed,observed,observed,observed,observed,missing
BTN,2021,1.0,0.4482758620689655,0.39534883720930225,0.6571428571428571,0.25,,,1.0,1.0,,0.0,0.0,0.0,0.5,0.0,1.0,0.9260143620068995,1.0,0.4,0.3973288814691151,0.6190476190476191,0.25,,,1.0,0.0,,0.0,0.0,0.0,0.5,0.0,1.0,0.9630468619566847,0.4218123496391339,0.6110524063832522,0.6666666666666666,0.3,0.4200144800186637,0.2842459267554729,0.9163637110438112,0.5870184682448168,0.4232874737372666,0.48046433449489134,0.5207813748777301,0.3641950659257678,0.3,0.597637916083666,-0.17582556644453212,0.6087404907170965,0.0023119156661557394,0.26972720363236297,0.030272796367637023,0.4764934512888213,0.4764934512888213,0.7742084010192612,observed,observed,observed,observed,imputed,carried_forward,carried_forward,missing,observed,observed,observed,observed,observed,observed,observed,missing
BTN,2023,1.0,0.4482758620689655,0.39534883720930225,0.6714285714285714,0.25,0.25,,1.0,1.0,,0.0,0.5,0.0,0.5,1.0,1.0,0.9260143620068995,1.0,0.26153846153846155,0.29766536964980533,0.5833333333333334,0.25,0.25,,1.0,1.0,,0.0,1.0,0.0,1.0,1.0,1.0,0.9588442782149793,0.4218123496391339,0.615814311145157,0.6666666666666666,0.6,0.4200144800186637,0.2869085493034862,0.9163637110438112,0.7407052278123094,0.4232874737372666,0.48423275166662877,0.5207813748777301,0.5695489112219729,0.6,0.6022146365272325,-0.18040228688809862,0.6087404907170965,0.007073820428060484,0.26636158234636076,0.3336384176536392,0.5677501594428938,0.5677501594428938,0.7169613561402706,imputed,imputed,imputed,observed,imputed,carried_forward,carried_forward,missing,observed,observed,observed,observed,observed,observed,observed,observed
BWA,2011,1.0,0.4942528735632184,,0.4857142857142857,0.25,,0.525,1.0,1.0,,1.0,0.0,0.5,0.0,0.0,0.5,0.785559524100737,1.0,0.5180722891566265,,0.5245901639344263,0.25,,0.525,0.0,0.0,,1.0,0.0,1.0,0.0,0.0,0.5,0.7063841678090861,0.4942528735632184,0.5115684524537557,1.0,0.2,0.23033724017428986,0.4525729552488911,0.9717137006363195,0.2463000918174436,0.26090171144920704,0.5172603096642726,0.8214433783978982,0.2571411577378928,0.2,,,,,,,0.47421003303446074,0.47421003303446074,0.7129842169007997,imputed,imputed,observed,observed,imputed,carried_forward,carried_forward,missing,observed,observed,observed,observed,observed,observed,observed,missing
BWA,2015,1.0,0.4942528735632184,,0.5428571428571428,0.25,,0.525,1.0,1.0,,1.0,0.0,0.5,0.5,0.0,1.0,0.7738194125031725,1.0,0.38571428571428573,,0.5079365079365079,0.25,,0.525,0.0,0.0,,1.0,0.0,0.5,1.0,0.0,1.0,0.7078275658856845,0.4942528735632184,0.5229191388400788,1.0,0.4,0.23033724017428986,0.46218784165620685,0.9717137006363195,0.6276085012649691,0.26090171144920704,0.5292093494494714,0.8214433783978982,0.49148157841267115,0.4,0.5648198024508134,-0.07056692888759503,0.6267159779151146,-0.10379683907503578,0.26851254118727585,0.13148745881272417,0.5670363925125925,0.5670363925125925,0.842552160055235,observed,imputed,observed,observed,imputed,carried_forward,carried_forward,missing,observed,observed,observed,observed,observed,observed,observed,missing
BWA,2018,1.0,0.14942528735632185,,0.5,0.25,,0.525,1.0,1.0,,1.0,0.0,0.5,0.0,0.0,0.5,0.776972588440746,1.0,0.0,,0.43859649122807015,0.25,,0.525,0.0,0.0,,1.0,0.0,0.5,0.0,0.0,0.5,0.7501958274459779,0.14942528735632185,0.5129931471101865,1.0,0.2,0.06963684005269229,0.454478117955498,0.9717137006363195,0.2463000918174436,0.07887726160092305,0.5187433152266135,0.8214433783978982,0.2571411577378928,0.2,0.5690863903507157,-0.41966110299439385,0.6267159779151146,-0.11372283080492807,0.26851254118727585,-0.06851254118727584,0.35187743272835814,0.35187743272835814,0.5430933528133809,observed,imputed,observed,observed,observed,carried_forward,carried_forward,missing,observed,observed,observed,observed,observed,observed,observed,missing
BWA,2020,1.0,0.3448275862068966,,0.5571428571428572,0.25,,0.525,1.0,1.0,,1.0,0.0,0.5,0.0,0.0,0.5,0.7728920698642324,1.0,0.17391304347826086,,0.5,0.25,,0.5000000000000001,0.0,0.0,,1.0,0.0,0.5,0.0,0.0,0.5,0.7696280915936473,0.3448275862068966,0.5262587317517724,1.0,0.2,0.1607004001215976,0.46476866263541455,0.9717137006363195,0.2463000918174436,0.18202444984828398,0.5327309545200309,0.8214433783978982,0.2571411577378928,0.2,0.5653553282133353,-0.22052774200643877,0.6267159779151146,-0.10045724616334217,0.25827365961982035,-0.05827365961982034,0.4364734467298626,0.4364734467298626,0.6624466279056003,observed,imputed,observed,observed,imputed,carried_forward,carried_forward,missing,observed,observed,observed,observed,observed,observed,observed,missing
CAF,2016,1.0,0.1839080459770115,,0.14285714285714285,1.0,,,,,,0.0,0.0,0.5,0.0,0.0,0.5,0.8069135699280996,1.0,0.013888888888888888,,0.13636363636363635,1.0,,,,,,0.0,0.0,0.5,0.0,0.0,0.5,0.7817079383472019,0.1839080459770115,0.6499235709284141,,0.2,0.08570688006485204,0.4181282145612188,0.0,0.2463000918174436,0.09707970658575145,0.49507835111803333,0.0,0.2571411577378928,0.2,,,,,,,,,,observed,imputed,observed,observed,imputed,missing,missing,missing,observed,observed,observed,observed,observed,observed,observed,missing
CAN,2012,1.0,0.9770114942528736,0.8936877076411959,0.9714285714285714,0.0,,0.95,,,,0.6666666666666666,0.0,0.5,0.5,0.0,1.0,0.550712286245186,1.0,0.9733333333333334,0.8776290630975142,1.0,0.0,,0.95,,,,0.6666666666666666,0.0,0.5,1.0,0.0,1.0,0.40274898305744733,0.9353496009470348,0.6180352144184393,,0.4,0.9325191886008112,0.6144650958574795,0.03689999306167217,0.6276085012649691,0.9376719103408365,0.6188797183530281,0.20044133568011202,0.49148157841267115,0.4,,,,,,,,,,observed,imputed,observed,observed,imputed,missing,missing,missing,observed,observed,observed,observed,observed,observed,observed,missing
CAN,2015,1.0,0.9885057471264368,0.8936877076411959,0.9857142857142858,0.0,,0.95,,,,0.6666666666666666,0.0,0.5,0.0,0.0,0.5,0.539466034079214,1.0,1.0,0.8924369747899159,1.0,0.0,,0.95,,,,0.6666666666666666,0.0,0.5,0.0,0.0,0.5,0.3896325820275724,0.9410967273838163,0.618795079948375,,0.2,0.9378758686048644,0.6161356783204897,0.03689999306167217,0.2463000918174436,0.943739392002446,0.6196549472350166,0.20044133568011202,0.2571411577378928,0.2,0.604839390947914,0.3362573364359024,,,0.2816099189265536,-0.08160991892655362,,,,observed,imputed,observed,observed,imputed,missing,missing,missing,observed,observed,observed,observed,observed,observed,observed,missing
CAN,2020,1.0,1.0,0.8936877076411959,1.0,0.0,,0.95,,,,0.6666666666666666,0.0,0.5,0.5,0.0,1.0,0.42616301711143545,1.0,1.0,0.8801534036433363,1.0,0.0,,0.9473684210526315,,,,0.6666666666666666,0.0,0.5,0.5,0.0,1.0,0.3510441381582848,0.9468438538205979,0.5940407542778589,,0.4,0.9432325486089177,0.6088037593159025,0.03689999306167217,0.6276085012649691,0.9498068736640555,0.5932677838118847,0.20044133568011202,0.49148157841267115,0.4,0.6051250153555694,0.3417188384650285,,,0.2817805669526779,0.11821943304732213,,,,observed,imputed,observed,observed,imputed,missing,missing,missing,observed,observed,observed,observed,observed,observed,observed,missing
CAN,2021,1.0,0.9655172413793104,0.8936877076411959,1.0,0.0,,0.95,,,,0.6666666666666666,0.0,0.5,0.0,0.0,0.5,0.4565513452320038,1.0,0.9625,0.8981636060100165,1.0,0.0,,0.95,,,,0.6666666666666666,0.0,0.5,0.0,0.0,0.5,0.4748094180687322,0.9296024745102531,0.6016378363080009,,0.2,0.9271625085967579,0.6114843358463709,0.03689999306167217,0.2463000918174436,0.9316044286792271,0.6013556326821732,0.20044133568011202,0.2571411577378928,0.2,0.5958201589987481,0.33378231551150506,,,0.28195121497880216,-0.08195121497880214,,,,observed,observed,observed,observed,observed,missing,missing,missing,observed,observed,observed,observed,observed,observed,observed,missing
CAN,2022,1.0,0.9655172413793104,0.8936877076411959,1.0,0.0,,0.95,1.0,,,0.6666666666666666,0.0,0.5,0.0,0.0,0.5,0.5160678361537954,1.0,0.9545454545454546,0.8981636060100165,1.0,0.0,,0.95,1.0,,,1.0,0.0,0.5,0.0,0.0,0.5,0.36785889437806996,0.9296024745102531,0.6165169590384488,0.8333333333333333,0.2,0.9271625085967579,0.6167343288077408,0.6769800212423019,0.2463000918174436,0.9316044286792271,0.6171959376162095,0.47251466893029426,0.2571411577378928,0.2,0.5986758117021322,0.3309266628081209,,,0.28143927090042936,-0.08143927090042935,0.555933393875042,0.555933393875042,0.6841379406303049,imputed,imputed,observed,observed,imputed,carried_forward,missing,missing,observed,observed,observed,observed,observed,observed,observed,missing
CHE,2011,1.0,0.8390804597701149,,0.8857142857142857,0.0,,,,,,0.0,0.0,0.5,0.0,0.0,0.5,0.5720699988482307,1.0,0.8795180722891566,,0.9836065573770492,0.0,,,,,,0.0,0.0,1.0,0.0,0.0,0.5,0.41407039468304346,0.8390804597701149,0.48592809485417215,,0.2,0.39103764029588745,0.2155453087456937,0.0,0.2463000918174436,0.44292616129749096,0.38589820713399986,0.0,0.2571411577378928,0.2,,,,,,,,,,observed,imputed,observed,observed,imputed,missing,missing,missing,observed,observed,observed,observed,observed,observed,observed,missing
CHE,2012,1.0,0.8275862068965517,,0.9,0.0,,,,,,0.0,0.0,0.0,0.0,1.0,0.0,0.5605953015342843,1.0,0.8,,0.9230769230769231,0.0,,,,,,0.0,0.0,0.0,0.0,1.0,0.0,0.41696266463257703,0.8275862068965517,0.4868651005114281,,0.2,0.3856809602918342,0.2171957398960114,0.0,0.15117040407034077,0.4368586796358815,0.38661263537487905,0.0,0.13396155686684127,0.2,0.5551818972387228,0.2724043096578289,,,0.27875142275473136,-0.07875142275473135,,,,observed,imputed,observed,observed,imputed,missing,missing,missing,observed,observed,observed,observed,observed,observed,observed,missing
CHE,2014,1.0,0.896551724137931,,0.9,0.0,,,,,,0.0,0.0,0.0,0.0,1.0,0.0,0.542923251019577,1.0,0.8902439024390244,,0.9322033898305084,0.0,,,,,,0.0,0.0,0.0,0.0,1.0,0.0,0.38636226195807005,0.896551724137931,0.4809744170065257,,0.2,0.4178210403161537,0.2156368754640155,0.0,0.15117040407034077,0.47326356960553834,0.38190922183978837,0.0,0.13396155686684127,0.2,0.5555341065116532,0.3410176176262778,,,0.27841012670248283,-0.07841012670248282,,,,observed,imputed,observed,observed,imputed,missing,missing,missing,observed,observed,observed,observed,observed,observed,observed,missing
CHE,2015,1.0,0.896551724137931,,0.9142857142857143,0.0,,,,,,0.0,0.0,0.0,0.0,1.0,0.0,0.5276146132362867,1.0,0.8857142857142857,,0.9206349206349206,0.0,,,,,,0.0,0.0,0.0,0.0,1.0,0.0,0.3735412302016605,0.896551724137931,0.4806334425073337,,0.2,0.4178210403161537,0.21694911193641078,0.0,0.15117040407034077,0.47326356960553834,0.381603247412554,0.0,0.13396155686684127,0.2,0.5533198687018187,0.34323185543611234,,,0.2804579030159739,-0.08045790301597389,,,,observed,imputed,observed,observed,imputed,missing,missing,missing,observed,observed,observed,observed,observed,observed,observed,missing
CHE,2023,1.0,0.896551724137931,,0.9285714285714286,0.0,0.0,,1.0,,,0.0,0.0,0.5,0.0,0.0,0.5,0.5276146132362867,1.0,0.8615384615384616,,0.9583333333333334,0.0,0.0,,1.0,,,0.0,0.0,1.0,0.0,0.0,0.5,0.3922809493842233,0.896551724137931,0.48539534726923844,0.5,0.2,0.4178210403161537,0.21961173448442417,0.6400800281806298,0.2463000918174436,0.47326356960553834,0.3853716645842915,0.27207333325018224,0.2571411577378928,0.2,0.553191700446357,0.34336002369157403,,,0.2804579030159739,-0.08045790301597389,0.45673862465131576,0.45673862465131576,0.5767747279066802,imputed,imputed,imputed,observed,imputed,carried_forward,missing,missing,observed,observed,observed,observed,observed,observed,observed,observed
CHL,2010,1.0,0.8505747126436781,0.6677740863787376,0.7285714285714285,0.75,,0.5,,,,0.0,0.0,0.5,0.0,0.0,0.5,0.7378194106948996,1.0,0.8285714285714286,0.6070726915520629,0.8225806451612904,0.75,,0.5,,,,0.0,0.0,0.5,0.0,0.0,0.5,0.6644429639126151,0.7591743995112079,0.679097709816582,,0.2,0.7529648743501758,0.6436610730105986,0.0,0.2463000918174436,0.7642692183862768,0.6842488385867871,0.0,0.2571411577378928,0.2,,,,,,,,,,imputed,imputed,observed,observed,imputed,missing,missing,missing,observed,observed,observed,observed,observed,observed,observed,missing
CHL,2011,1.0,0.8505747126436781,0.6677740863787376,0.7571428571428571,0.75,,0.5,,,,0.0,0.0,0.5,0.5,0.0,1.0,0.7388294818208043,1.0,0.891566265060241,0.5798319327731093,0.8360655737704918,0.75,,0.5,,,,0.0,0.0,1.0,1.0,0.0,1.0,0.6424005369446192,0.7591743995112079,0.6864930847409154,,0.4,0.7529648743501758,0.6490754172154497,0.0,0.6276085012649691,0.7642692183862768,0.6920545032055619,0.0,0.49148157841267115,0.4,0.6277920561116237,0.1313823433995842,,,0.2763787915609439,0.12362120843905611,,,,observed,imputed,observed,observed,imputed,missing,missing,missing,observed,observed,observed,observed,observed,observed,observed,missing
CHL,2013,1.0,0.6896551724137931,0.6677740863787376,0.7714285714285715,0.75,,0.5,,,,0.0,0.0,0.5,0.0,0.0,0.5,0.704871522458825,1.0,0.6785714285714286,0.607843137254902,0.7959183673469388,0.75,,0.5,,,,0.0,0.0,0.5,0.0,0.0,0.5,0.6271815270125329,0.6787146293962654,0.6815750234718492,,0.2,0.6779713542934303,0.6487425834643484,0.0,0.2463000918174436,0.6793244751237444,0.6867850146993891,0.0,0.2571411577378928,0.2,0.6305718895149517,0.04814273988131368,,,0.2763787915609439,-0.0763787915609439,,,,observed,imputed,observed,observed,imputed,missing,missing,missing,observed,observed,observed,observed,observed,observed,observed,missing
CHL,2015,1.0,0.7011494252873564,0.6677740863787376,0.8142857142857143,0.75,,0.5,,,,0.0,0.0,0.5,0.5,0.0,1.0,0.6608768948377273,1.0,0.6428571428571429,0.6638655462184874,0.8095238095238095,0.75,,0.5,,,,0.0,0.0,0.5,1.0,0.0,1.0,0.5544790508050208,0.684461755833047,0.6812906522808604,,0.4,0.6833280342974836,0.6528496530006445,0.0,0.6276085012649691,0.6853919567853538,0.6863811028183032,0.0,0.49148157841267115,0.4,0.6287232488259744,0.05573850700707261,,,0.27398971919520426,0.12601028080479576,,,,observed,imputed,observed,observed,observed,missing,missing,missing,observed,observed,observed,observed,observed,observed,observed,missing
CHL,2018,1.0,0.7011494252873564,0.6677740863787376,0.8428571428571429,0.75,,0.5,,,,0.0,0.0,0.5,0.0,0.0,0.5,0.6207427792522178,1.0,0.6486486486486487,0.6175908221797324,0.8596491228070176,0.75,,0.5,,,,0.0,0.0,0.5,0.0,0.0,0.5,0.5295538056923539,0.684461755833047,0.6783999805273402,,0.2,0.6833280342974836,0.6546346385640383,0.0,0.2463000918174436,0.6853919567853538,0.6832362484518754,0.0,0.2571411577378928,0.2,0.6286163570802898,0.05584539875275718,,,0.2741603672213285,-0.07416036722132852,,,,observed,imputed,observed,observed,observed,missing,missing,missing,observed,observed,observed,observed,observed,observed,observed,missing
CHL,2021,1.0,0.6896551724137931,0.6677740863787376,0.8571428571428571,0.75,,0.9,,,,0.0,0.0,0.5,0.0,0.0,0.5,0.5938432626186433,1.0,0.6625,0.671118530884808,0.8412698412698413,0.75,,0.9,,,,0.0,0.0,0.5,0.0,0.0,0.5,0.6175918150119822,0.6787146293962654,0.7752465299403751,,0.2,0.6779713542934303,0.8169572904186937,0.0,0.2463000918174436,0.6793244751237444,0.770816041342409,0.0,0.2571411577378928,0.2,0.6275297879772073,0.0511848414190581,,,0.2741603672213285,-0.07416036722132852,,,,observed,observed,observed,observed,observed,missing,missing,missing,observed,observed,observed,observed,observed,observed,observed,missing
CHN,2010,1.0,0.8735632183908046,0.548172757475083,0.7285714285714285,0.0,,1.0,,,,0.5,0.5,1.0,0.0,0.0,0.5,0.8678594001486499,1.0,0.8571428571428571,0.4656188605108054,0.8225806451612904,0.0,,1.0,,,,0.5,1.0,1.0,0.0,0.0,0.5,0.8478767243981967,0.7108679879329438,0.6491077071800196,,0.4,0.6998148515433148,0.6174303970821269,0.02767499479625413,0.28940648033474775,0.7199369144688075,0.6505966169186791,0.15033100176008402,0.45581995865416014,0.4,,,,,,,,,,imputed,imputed,observed,observed,imputed,missing,missing,missing,observed,observed,observed,observed,observed,observed,observed,missing
CHN,2011,1.0,0.8735632183908046,0.548172757475083,0.7428571428571429,0.0,,1.0,,,,0.5,0.0,0.5,0.0,0.0,0.5,0.8622305980978275,1.0,0.9156626506024096,0.42857142857142855,0.819672131147541,0.0,,1.0,,,,0.5,0.0,1.0,0.0,0.0,0.5,0.8113636083844846,0.7108679879329438,0.6512719352387426,,0.2,0.6998148515433148,0.6195964989063866,0.02767499479625413,0.2463000918174436,0.7199369144688075,0.6528669292875726,0.15033100176008402,0.2571411577378928,0.2,0.6165191711060638,0.09434881682688001,,,0.27494444104235793,-0.07494444104235792,,,,observed,imputed,observed,observed,imputed,missing,missing,missing,observed,observed,observed,observed,observed,observed,observed,missing
CHN,2012,1.0,0.8390804597701149,0.548172757475083,0.7571428571428571,0.0,,1.0,,,,0.5,0.0,0.5,0.0,0.0,0.5,0.8510241279365162,1.0,0.8133333333333334,0.47992351816443596,0.7692307692307693,0.0,,1.0,,,,0.5,0.0,0.5,0.0,0.0,0.5,0.8346553159101192,0.693626608622599,0.6520417462698433,,0.2,0.6837448115311551,0.6212705905689686,0.02767499479625413,0.2463000918174436,0.701734469483979,0.6536527461440023,0.15033100176008402,0.2571411577378928,0.2,0.6173326786714832,0.07629392995111572,,,0.27494444104235793,-0.07494444104235792,,,,observed,imputed,observed,observed,imputed,missing,missing,missing,observed,observed,observed,observed,observed,observed,observed,missing
CHN,2013,1.0,0.9310344827586207,0.548172757475083,0.7857142857142857,0.0,,1.0,,,,0.5,0.0,0.5,0.0,0.0,0.5,0.8435369236023267,1.0,0.9285714285714286,0.4666666666666667,0.8163265306122449,0.0,,1.0,,,,0.5,0.0,0.5,0.0,0.0,0.5,0.8306209744064328,0.7396036201168519,0.6573128023291531,,0.2,0.726598251563581,0.6259353839238722,0.02767499479625413,0.2463000918174436,0.7502743227768547,0.6591968622018369,0.15033100176008402,0.2571411577378928,0.2,0.6176220414746405,0.12198157864221137,,,0.27443249696398514,-0.07443249696398513,,,,observed,imputed,observed,observed,imputed,missing,missing,missing,observed,observed,observed,observed,observed,observed,observed,missing
CHN,2014,1.0,0.9770114942528736,0.548172757475083,0.8,0.0,,1.0,,,,0.5,0.5,1.0,0.0,0.0,0.5,0.8403724961886881,1.0,0.975609756097561,0.47992351816443596,0.8135593220338984,0.0,,1.0,,,,0.6,1.0,1.0,0.0,0.0,0.5,0.8027716569495983,0.7625921258639783,0.660093124047172,,0.4,0.7480249715797941,0.6283188700276654,0.02767499479625413,0.28940648033474775,0.7745442494232926,0.6621230675025901,0.15033100176008402,0.45581995865416014,0.4,0.6196033687034023,0.14298875716057602,,,0.2757976811729792,0.12420231882702082,,,,observed,imputed,observed,observed,imputed,missing,missing,missing,observed,observed,observed,observed,observed,observed,observed,missing
CHN,2015,1.0,0.9885057471264368,0.548172757475083,0.8142857142857143,0.0,,1.0,,,,0.5,0.0,0.0,0.5,0.0,1.0,0.8323169416237761,1.0,1.0,0.5428571428571428,0.8095238095238095,0.0,,1.0,,,,0.5,0.0,0.0,1.0,0.0,1.0,0.7872530064722365,0.76833925230076,0.6616506639773726,,0.3,0.7533816515838473,0.6302709062472394,0.02767499479625413,0.5870184682448168,0.7806117310849021,0.6637475000619174,0.15033100176008402,0.3641950659257678,0.3,0.6206484585416898,0.14769079375907013,,,0.27648027327747626,0.023519726722523726,,,,observed,imputed,observed,observed,imputed,missing,missing,missing,observed,observed,observed,observed,observed,observed,observed,missing
CHN,2016,1.0,0.9770114942528736,0.548172757475083,0.8285714285714286,0.0,,1.0,,,,0.5,0.0,0.5,0.0,0.0,0.5,0.8302436562394786,1.0,0.9722222222222222,0.5334476843910806,0.8636363636363636,0.0,,1.0,,,,0.5,0.0,0.5,0.0,0.0,0.5,0.813705268154264,0.7625921258639783,0.6647037712027268,,0.2,0.7480249715797941,0.6327506427832266,0.02767499479625413,0.2463000918174436,0.7745442494232926,0.6669641126464907,0.15033100176008402,0.2571411577378928,0.2,0.6212339192613001,0.14135820660267817,,,0.2766509213036005,-0.07665092130360052,,,,observed,imputed,observed,observed,imputed,missing,missing,missing,observed,observed,observed,observed,observed,observed,observed,missing
CHN,2017,1.0,1.0,0.548172757475083,0.8428571428571429,0.0,,1.0,,,,0.5,0.0,0.5,0.0,0.0,0.5,0.8259055089989455,1.0,1.0,0.5334476843910806,0.8983050847457628,0.0,,1.0,,,,0.5,0.0,1.0,0.0,0.0,0.5,0.8161716273028198,0.7740863787375415,0.6671906629640221,,0.2,0.7587383315879006,0.6350305942072297,0.02767499479625413,0.2463000918174436,0.7866792127465115,0.6695779325952654,0.15033100176008402,0.2571411577378928,0.2,0.6223815459246971,0.15170483281284441,,,0.27648027327747626,-0.07648027327747625,,,,observed,imputed,observed,observed,imputed,missing,missing,missing,observed,observed,observed,observed,observed,observed,observed,missing
CHN,2018,1.0,0.9310344827586207,0.548172757475083,0.8428571428571429,0.0,,1.0,,,,0.5,0.5,1.0,0.0,0.0,0.5,0.8207829229114664,1.0,0.918918918918919,0.47992351816443596,0.8596491228070176,0.0,,1.0,,,,0.5,1.0,1.0,0.0,0.0,0.5,0.812068787680202,0.7396036201168519,0.6659100164421523,,0.4,0.726598251563581,0.6345787271618655,0.02767499479625413,0.28940648033474775,0.7502743227768547,0.6682145570934545,0.15033100176008402,0.45581995865416014,0.4,0.623316338935091,0.1162872811817609,,,0.2768215693297248,0.12317843067027523,,,,observed,imputed,observed,observed,imputed,missing,missing,missing,observed,observed,observed,observed,observed,observed,observed,missing
CHN,2019,1.0,0.9195402298850575,0.548172757475083,0.8571428571428571,0.0,,1.0,,,,0.5,0.0,0.5,0.0,0.0,0.5,0.8116223628913461,1.0,0.9117647058823529,0.5334476843910806,0.9,0.0,,1.0,,,,0.5,0.0,0.5,0.0,0.0,0.5,0.7816489754646955,0.7338564936800702,0.6671913050085508,,0.2,0.7212415715595277,0.6364332900463642,0.02767499479625413,0.2463000918174436,0.7442068411152453,0.6695448926202925,0.15033100176008402,0.2571411577378928,0.2,0.6228349591516759,0.11102153452839436,,,0.2757976811729792,-0.07579768117297919,,,,observed,observed,observed,observed,imputed,missing,missing,missing,observed,observed,observed,observed,observed,observed,observed,missing
CHN,2020,1.0,0.9310344827586207,0.5357142857142857,0.8714285714285714,0.0,,1.0,,,,0.5,0.0,0.0,0.5,0.0,1.0,0.7994004972449206,1.0,0.9130434782608695,0.46692233940556077,0.8548387096774194,0.0,,1.0,,,,0.5,0.0,0.0,0.5,0.0,1.0,0.8016300315645492,0.7333743842364532,0.667707267168373,,0.3,0.7199458158536887,0.6380178129345226,0.02767499479625413,0.5870184682448168,0.7443923157726164,0.6700604621240348,0.15033100176008402,0.3641950659257678,0.3,0.6233165802719868,0.1100578039644664,,,0.275627033146855,0.024372966853144995,,,,observed,imputed,observed,observed,observed,missing,missing,missing,observed,observed,observed,observed,observed,observed,observed,missing
CHN,2021,1.0,0.9310344827586207,0.5232558139534883,0.8857142857142857,0.0,,1.0,,,,0.5,0.0,0.5,0.0,0.0,0.5,0.8099483542179647,1.0,0.925,0.5258764607679465,0.873015873015873,0.0,,1.0,,,,0.5,0.0,0.5,0.0,0.0,0.5,0.8423392259123305,0.7271451483560545,0.6739156599830626,,0.2,0.7132933801437962,0.6416108696195013,0.02767499479625413,0.2463000918174436,0.738510308768378,0.6766361898119984,0.15033100176008402,0.2571411577378928,0.2,0.6235105243061165,0.10363462404993795,,,0.2756127179885173,-0.07561271798851726,,,,observed,observed,observed,observed,imputed,missing,missing,missing,observed,observed,observed,observed,observed,observed,observed,missing
CHN,2022,1.0,0.9310344827586207,0.5232558139534883,0.8857142857142857,0.0,,1.0,0.0,,,0.5,0.5,1.0,0.0,0.0,0.5,0.8106574985889194,1.0,0.9090909090909091,0.5258764607679465,0.8709677419354839,0.0,,1.0,0.0,,,0.75,0.5,1.0,0.0,0.0,0.5,0.7778757464313049,0.7271451483560545,0.6740929460758013,0.25,0.4,0.7132933801437962,0.6416734237603527,0.02767499479625413,0.28940648033474775,0.738510308768378,0.6768249284776051,0.15033100176008402,0.45581995865416014,0.4,0.6258441852636523,0.10130096309240222,,,0.2754277548040554,0.12457224519594462,0.47052773019666366,0.47052773019666366,0.5435505451460995,imputed,imputed,observed,observed,imputed,carried_forward,missing,missing,observed,observed,observed,observed,observed,observed,observed,missing
CHN,2023,1.0,0.9310344827586207,0.5232558139534883,0.9,0.0,0.0,1.0,0.0,,,0.5,0.0,0.0,0.5,0.0,1.0,0.8106574985889194,1.0,0.9076923076923077,0.44747081712062253,0.9166666666666666,0.0,0.0,1.0,0.0,,,0.5,0.0,0.0,1.0,0.0,1.0,0.7947955589493548,0.7271451483560545,0.6776643746472298,0.25,0.3,0.7132933801437962,0.644336046308366,0.02767499479625413,0.5870184682448168,0.738510308768378,0.6805933456493426,0.15033100176008402,0.3641950659257678,0.3,0.6259108249955905,0.101234323360464,0.5862711317195738,0.09139324292765605,0.2754277548040554,0.024572245195944586,0.4384542229311382,0.4384542229311382,0.5536849775376527,imputed,imputed,imputed,observed,imputed,carried_forward,missing,missing,observed,observed,observed,observed,observed,observed,observed,observed
CIV,2012,0.0,0.7471264367816092,,0.21428571428571427,0.5,,,,,,0.0,0.0,0.0,0.5,0.0,1.0,0.8579797502564107,0.0,0.7066666666666667,,0.18461538461538463,0.5,,,,,,0.0,0.0,0.0,1.0,0.0,1.0,0.8446588419514987,0.7471264367816092,0.5240884881807083,,0.3,0.3481842002634614,0.2757841341863274,0.0,0.5870184682448168,0.39438630800461527,0.4061945648035524,0.0,0.3641950659257678,0.0,,,,,,,,,,imputed,imputed,observed,observed,imputed,missing,missing,missing,observed,observed,observed,observed,observed,observed,observed,missing
CIV,2016,1.0,0.7471264367816092,,0.3142857142857143,0.5,,,,,,0.0,0.0,0.5,0.0,0.0,0.5,0.9135519458297687,1.0,0.6944444444444444,,0.3181818181818182,0.5,,,,,,0.0,0.0,0.5,0.0,0.0,0.5,0.9279630030852584,0.7471264367816092,0.575945886705161,,0.2,0.3481842002634614,0.29932455582170286,0.0,0.2463000918174436,0.39438630800461527,0.44736401633748674,0.0,0.2571411577378928,0.2,0.5695259348485269,0.1776005019330823,,,0.2760210543367432,-0.07602105433674317,,,,observed,imputed,observed,observed,imputed,missing,missing,missing,observed,observed,observed,observed,observed,observed,observed,missing
CIV,2023,1.0,0.7471264367816092,,0.34285714285714286,0.5,0.5,,1.0,,,0.0,0.0,0.5,0.0,0.0,0.5,0.9135519458297687,1.0,0.6615384615384615,,0.10416666666666667,0.5,0.5,,1.0,,,0.0,0.0,1.0,0.0,0.0,0.5,0.9411215060084767,0.7471264367816092,0.5854696962289706,0.5,0.2,0.3481842002634614,0.30464980091772964,0.6400800281806298,0.2463000918174436,0.39438630800461527,0.4549008506809616,0.27207333325018224,0.2571411577378928,0.2,0.5890185136701421,0.15810792311146704,,,0.2760210543367432,-0.07602105433674317,0.45732467167519547,0.45732467167519547,0.5775147947512498,imputed,imputed,imputed,observed,imputed,carried_forward,missing,missing,observed,observed,observed,observed,observed,observed,observed,observed
CMR,2011,1.0,0.5977011494252874,0.20930232558139536,0.3142857142857143,0.75,,0.0,,,,0.5,0.0,0.5,0.0,0.0,0.5,0.8868389324579415,1.0,0.6265060240963856,0.0,0.32786885245901637,0.75,,0.0,,,,0.5,0.0,1.0,0.0,0.0,0.5,0.8450577910786669,0.4035017375033414,0.48778116168591396,,0.2,0.3903082801369622,0.37704907049466074,0.02767499479625413,0.2463000918174436,0.41432676407489677,0.5009129160432495,0.15033100176008402,0.2571411577378928,0.2,,,,,,,,,,observed,imputed,observed,observed,imputed,missing,missing,missing,observed,observed,observed,observed,observed,observed,observed,missing
CMR,2016,1.0,0.47126436781609193,0.20930232558139536,0.35714285714285715,0.75,,0.0,,,,0.5,0.0,0.5,0.0,0.0,0.5,0.8783145329037612,1.0,0.3611111111111111,0.18353344768439112,0.36363636363636365,0.75,,0.0,,,,0.5,0.0,0.5,0.0,0.0,0.5,0.8796347154015915,0.34028334669874366,0.4963643475116546,,0.2,0.3313848000923764,0.38428499465268184,0.02767499479625413,0.2463000918174436,0.3475844657971926,0.509949399924039,0.15033100176008402,0.2571411577378928,0.2,0.5558784430028227,-0.21559509630407908,,,0.2658178897980114,-0.0658178897980114,,,,observed,imputed,observed,observed,imputed,missing,missing,missing,observed,observed,observed,observed,observed,observed,observed,missing
CMR,2018,1.0,0.28735632183908044,0.20930232558139536,0.32857142857142857,0.75,,0.0,,,,0.5,0.0,0.5,0.5,0.0,1.0,0.8985488559433836,1.0,0.16216216216216217,0.08986615678776295,0.22807017543859648,0.75,,0.0,,,,0.5,0.0,0.5,1.0,0.0,1.0,0.9218969490076824,0.24832932371023791,0.49428007112870304,,0.4,0.24567792002752442,0.38074463391208013,0.02767499479625413,0.6276085012649691,0.25050475921144116,0.5077979275553249,0.15033100176008402,0.49148157841267115,0.4,0.5591047603849013,-0.3107754366746634,,,0.26394076151064455,0.13605923848935547,,,,observed,imputed,observed,observed,observed,missing,missing,missing,observed,observed,observed,observed,observed,observed,observed,missing
CMR,2021,1.0,0.3218390804597701,0.20930232558139536,0.3,0.75,,0.0,1.0,,1.0,0.5,0.0,0.5,0.0,0.0,0.5,0.8641067315019579,1.0,0.2625,0.21035058430717862,0.2222222222222222,0.75,,0.0,1.0,,1.0,0.5,0.0,0.5,0.0,0.0,0.5,0.8986634660450415,0.2655707030205827,0.4785266828754895,0.8333333333333334,0.2,0.26174796003968415,0.37238122396305956,0.6960413223405646,0.2463000918174436,0.2687072041962696,0.49109432707227496,0.6009609566838905,0.2571411577378928,0.2,0.558321305702701,-0.2927506026821183,,,0.2612103930926564,-0.06121039309265641,0.38149053561622814,0.38149053561622814,0.5930529520756205,observed,observed,observed,observed,imputed,carried_forward,missing,carried_forward,observed,observed,observed,observed,observed,observed,observed,missing
CMR,2022,1.0,0.3218390804597701,0.20930232558139536,0.35714285714285715,0.75,,0.0,1.0,,1.0,0.5,0.0,0.5,0.0,0.0,0.5,0.8554186832467883,1.0,0.10606060606060606,0.21035058430717862,0.27419354838709675,0.75,,0.0,1.0,,1.0,0.75,0.0,0.5,0.0,0.0,0.5,0.8401754207507819,0.2655707030205827,0.49064038509741137,0.8333333333333334,0.2,0.26174796003968415,0.3822653350981283,0.6960413223405646,0.2463000918174436,0.2687072041962696,0.5038556730481236,0.6009609566838905,0.2571411577378928,0.2,0.5523997945785268,-0.2868290915579441,0.6177282343161055,-0.1270878492186941,0.2617223371710292,-0.06172233717102921,0.3838822674485924,0.3838822674485924,0.5963522352822357,imputed,imputed,observed,observed,imputed,carried_forward,missing,carried_forward,observed,observed,observed,observed,observed,observed,observed,missing
CMR,2023,1.0,0.3218390804597701,0.20930232558139536,0.37142857142857144,0.75,0.75,0.0,1.0,,1.0,0.5,0.0,0.5,0.0,0.0,0.5,0.8554186832467883,1.0,0.09230769230769231,0.07976653696498057,0.14583333333333334,0.75,0.75,0.0,1.0,,1.0,0.5,0.0,1.0,0.0,0.0,0.5,0.8584503324787727,0.2655707030205827,0.4942118136688399,0.8333333333333334,0.2,0.26174796003968415,0.3849279576461417,0.6960413223405646,0.2463000918174436,0.2687072041962696,0.507624090219861,0.6009609566838905,0.2571411577378928,0.2,0.5569531910484837,-0.291382488027901,0.6177282343161055,-0.12351642064726553,0.2617223371710292,-0.06172233717102921,0.3845789495569805,0.3845789495569805,0.48565066980858707,imputed,imputed,imputed,observed,imputed,carried_forward,missing,carried_forward,observed,observed,observed,observed,observed,observed,observed,observed
COD,2010,1.0,0.6436781609195402,0.16611295681063123,0.15714285714285714,1.0,,,,,,0.0,0.0,0.5,0.0,0.0,0.5,0.8933982416253479,1.0,0.5714285714285714,0.013752455795677784,0.1774193548387097,1.0,,,,,,0.0,0.0,0.5,0.0,0.0,0.5,0.8839016867977975,0.4048955588650857,0.6835136995894017,,0.2,0.3886732230255481,0.4284197129156635,0.0,0.2463000918174436,0.4182057331066416,0.5218646504025556,0.0,0.2571411577378928,0.2,,,,,,,,,,imputed,imputed,observed,observed,imputed,missing,missing,missing,observed,observed,observed,observed,observed,observed,observed,missing
COD,2014,1.0,0.6436781609195402,0.16611295681063123,0.2571428571428571,1.0,,,,,,0.0,0.0,0.5,0.0,0.0,0.5,0.8932494107164983,1.0,0.6219512195121951,0.04015296367112813,0.1694915254237288,1.0,,,,,,0.0,0.0,0.5,0.0,0.0,0.5,0.8767958622388936,0.4048955588650857,0.7167974226197851,,0.2,0.3886732230255481,0.4470449422690157,0.0,0.2463000918174436,0.4182057331066416,0.5482039592811455,0.0,0.2571411577378928,0.2,0.6294519741015618,-0.22455641523647613,,,0.26585927619637373,-0.06585927619637372,,,,observed,imputed,observed,observed,imputed,missing,missing,missing,observed,observed,observed,observed,observed,observed,observed,missing
COD,2019,1.0,0.25287356321839083,0.16611295681063123,0.24285714285714285,1.0,,,1.0,,,0.0,0.0,0.5,0.0,0.0,0.5,0.9041576665322686,1.0,0.058823529411764705,0.13893653516295026,0.18333333333333332,1.0,,,1.0,,,0.0,0.0,0.5,0.0,0.0,0.5,0.9089575608794016,0.20949326001451102,0.7156716031298038,0.5,0.2,0.2065461028877375,0.44534454490206804,0.6400800281806298,0.2463000918174436,0.2119113566119198,0.547338772722371,0.27207333325018224,0.2571411577378928,0.2,0.6419629293964102,-0.4324696693818992,,,0.26585927619637373,-0.06585927619637372,0.34992176808307024,0.34992176808307024,0.5665859811947423,observed,observed,observed,observed,imputed,carried_forward,missing,missing,observed,observed,observed,observed,observed,observed,observed,missing
COD,2023,1.0,0.25287356321839083,0.16611295681063123,0.2714285714285714,1.0,1.0,,1.0,,,0.0,0.0,0.5,0.0,0.0,0.5,0.9041576665322686,1.0,0.0,0.029182879377431904,0.0,1.0,1.0,,1.0,,,0.0,0.0,1.0,0.0,0.0,0.5,0.9277619239123995,0.20949326001451102,0.7251954126536133,0.5,0.2,0.2065461028877375,0.45066978999809476,0.6400800281806298,0.2463000918174436,0.2119113566119198,0.5548756070658459,0.27207333325018224,0.2571411577378928,0.2,0.6415397472513007,-0.4320464872367897,0.5997527471180873,0.12544266553552597,0.26005724330814894,-0.06005724330814893,0.35108015047135366,0.35108015047135366,0.44334800547280145,imputed,imputed,imputed,observed,imputed,carried_forward,missing,missing,observed,observed,observed,observed,observed,observed,observed,observed
COG,2014,1.0,0.22988505747126436,0.13122923588039864,0.2857142857142857,0.25,,,,,,0.0,0.0,0.0,0.5,0.0,1.0,0.981256497539066,1.0,0.18292682926829268,0.0,0.2033898305084746,0.25,,,,,,0.0,0.0,0.0,1.0,0.0,1.0,1.0,0.1805571466758315,0.5056569277511173,,0.3,0.17720592289193213,0.21989068947006102,0.0,0.5870184682448168,0.1833067736768334,0.3971881739321298,0.0,0.3641950659257678,0.3,,,,,,,,,,imputed,imputed,observed,observed,imputed,missing,missing,missing,observed,observed,observed,observed,observed,observed,observed,missing
COG,2015,1.0,0.22988505747126436,0.13122923588039864,0.2714285714285714,0.25,,,,,,0.0,0.0,0.5,0.0,0.0,0.5,0.9569669717440775,1.0,0.05714285714285714,0.12100840336134452,0.20634920634920634,0.25,,,,,,0.0,0.0,0.5,0.0,0.0,0.5,0.9564974807306357,0.1805571466758315,0.492798514390883,,0.2,0.17720592289193213,0.2150854701814859,0.0,0.2463000918174436,0.1833067736768334,0.38695510319401616,0.0,0.2571411577378928,0.2,0.5625977306828328,-0.3820405840070013,,,0.25919805033940707,-0.05919805033940706,,,,imputed,imputed,observed,observed,imputed,missing,missing,missing,observed,observed,observed,observed,observed,observed,observed,missing
COG,2019,1.0,0.22988505747126436,0.13122923588039864,0.3,0.25,,,,1.0,,0.0,0.0,0.5,0.0,0.0,0.5,0.9624406139307641,1.0,0.029411764705882353,0.10291595197255574,0.25,0.25,,,,0.0,,0.0,0.0,0.5,0.0,0.0,0.5,0.9891423043789715,0.1805571466758315,0.5041468713102547,0.5,0.2,0.17720592289193213,0.22089354923677484,0.27628368286318133,0.2463000918174436,0.1833067736768334,0.39594874656628365,0.24870804162754795,0.2571411577378928,0.2,0.5577644061606417,-0.3772072594848102,,,0.25919805033940707,-0.05919805033940706,0.30888224122926833,0.30888224122926833,0.520601835190155,observed,observed,observed,observed,imputed,missing,carried_forward,missing,observed,observed,observed,observed,observed,observed,observed,missing
COG,2020,1.0,0.27586206896551724,0.13122923588039864,0.3142857142857143,0.25,,,,1.0,,0.0,0.0,0.0,0.5,0.0,1.0,0.8785549327450551,1.0,0.08695652173913043,0.0,0.22580645161290322,0.25,,,,0.0,,0.0,0.0,0.0,0.5,0.0,1.0,0.8971881518908922,0.20354565242295794,0.4809468823435898,0.5,0.3,0.19863264290814514,0.21615655482209784,0.27628368286318133,0.5870184682448168,0.20757670032327127,0.3773910025514171,0.24870804162754795,0.3641950659257678,0.3,0.5620301184416456,-0.35848446601868766,0.5997527471180873,-0.11880586477449756,0.25919805033940707,0.04080194966059292,0.3481068351892016,0.3481068351892016,0.5731920617771321,observed,imputed,observed,observed,imputed,missing,carried_forward,missing,observed,observed,observed,observed,observed,observed,observed,missing
COG,2022,1.0,0.27586206896551724,0.13122923588039864,0.34285714285714286,0.25,,,,1.0,,0.0,0.0,0.5,0.0,0.0,0.5,0.9702497410779183,1.0,0.045454545454545456,0.13188647746243737,0.25806451612903225,0.25,,,,1.0,,0.0,0.0,0.5,0.0,0.0,0.5,1.0,0.20354565242295794,0.5210356279783537,0.5,0.2,0.19863264290814514,0.2295702656674626,0.27628368286318133,0.2463000918174436,0.20757670032327127,0.40933239607445115,0.24870804162754795,0.2571411577378928,0.2,0.5533095187497795,-0.34976386632682155,0.5997527471180873,-0.07871711913973367,0.2598806424439041,-0.059880642443904064,0.32090930717453703,0.32090930717453703,0.5371926152103611,imputed,imputed,observed,observed,imputed,missing,carried_forward,missing,observed,observed,observed,observed,observed,observed,observed,missing
COK,2011,1.0,0.3448275862068966,,0.7571428571428571,0.75,,,,,,0.5,0.0,0.5,0.5,0.0,1.0,0.8968382297429858,1.0,0.3614457831325301,,0.8360655737704918,0.75,,,,,,0.5,0.0,1.0,1.0,0.0,1.0,0.8587490122968656,0.3448275862068966,0.8013270289619476,,0.4,0.1607004001215976,0.46047241477089484,0.02767499479625413,0.6276085012649691,0.18202444984828398,0.6203951598064782,0.15033100176008402,0.49148157841267115,0.4,,,,,,,,,,imputed,imputed,observed,observed,imputed,missing,missing,missing,observed,observed,observed,observed,observed,observed,observed,missing
COK,2017,1.0,0.3448275862068966,,0.7142857142857143,0.75,,,,,,0.5,0.0,0.0,0.5,0.0,1.0,0.9571929054018584,1.0,0.20833333333333334,,0.7457627118644068,0.75,,,,,,0.5,0.0,0.0,1.0,0.0,1.0,0.9987026691062468,0.3448275862068966,0.8071595398958576,,0.3,0.1607004001215976,0.4578084769736467,0.02767499479625413,0.5870184682448168,0.18202444984828398,0.6251532959645695,0.15033100176008402,0.3641950659257678,0.3,0.6737366022235913,-0.32890901601669476,,,0.26407569250804513,0.035924307491954854,,,,observed,imputed,observed,observed,imputed,missing,missing,missing,observed,observed,observed,observed,observed,observed,observed,missing
COL,2016,1.0,0.8735632183908046,0.5647840531561461,0.8428571428571429,0.25,,0.65,,,,0.0,0.5,0.5,0.0,1.0,0.5,0.7020765854824114,1.0,0.8472222222222222,0.5506003430531732,0.8787878787878788,0.25,,0.65,,,,0.0,1.0,0.5,0.0,1.0,0.5,0.6379234909810378,0.7191736357734754,0.6112334320848886,,0.5,0.7086847658231714,0.562409695463203,0.0,0.39998685138493617,0.7277795904744586,0.6176801045020143,0.0,0.4624950030340981,0.5,,,,,,,,,,observed,imputed,observed,observed,observed,missing,missing,missing,observed,observed,observed,observed,observed,observed,observed,missing
COL,2017,1.0,0.8620689655172413,0.5647840531561461,0.8571428571428571,0.25,,0.65,,,,0.0,0.0,0.0,0.0,1.0,0.0,0.6946690456171509,1.0,0.8333333333333334,0.5506003430531732,0.9152542372881356,0.25,,0.65,,,,0.0,0.0,0.0,0.0,1.0,0.0,0.6337113985222846,0.7134265093366937,0.612952975690002,,0.2,0.703328085819118,0.5644188935308518,0.0,0.15117040407034077,0.7217121088128491,0.6194770060743031,0.0,0.13396155686684127,0.2,0.6022826819336411,0.11114382740305262,,,0.2751910586216405,-0.0751910586216405,,,,observed,imputed,observed,observed,observed,missing,missing,missing,observed,observed,observed,observed,observed,observed,observed,missing
COL,2019,1.0,0.6436781609195402,0.5647840531561461,0.8428571428571429,0.25,,1.0,,,,0.0,0.0,0.0,0.0,1.0,0.0,0.689600557028433,1.0,0.5588235294117647,0.5506003430531732,0.8833333333333333,0.25,,1.0,,,,0.0,0.0,0.0,0.0,1.0,0.0,0.613773333596855,0.6042311070378432,0.695614424971394,,0.2,0.6015511657421062,0.7030879242502664,0.0,0.15117040407034077,0.6064299572422692,0.6939589546451274,0.0,0.13396155686684127,0.2,0.602929037906243,0.0013020691316002475,,,0.27502041059551624,-0.07502041059551623,,,,observed,observed,observed,observed,observed,missing,missing,missing,observed,observed,observed,observed,observed,observed,observed,missing
COL,2020,1.0,0.7126436781609196,0.5647840531561461,0.8571428571428571,0.25,,1.0,,,,0.0,0.0,0.5,0.0,0.0,0.5,0.642647142810716,1.0,0.6376811594202898,0.5004793863854266,0.8387096774193549,0.25,,1.0,,,,0.0,0.0,0.5,0.0,0.0,0.5,0.6123916672210101,0.6387138656585328,0.6874474999883933,,0.2,0.6336912457664259,0.7016087519723848,0.0,0.2463000918174436,0.6428348472119261,0.685230727821504,0.0,0.2571411577378928,0.2,0.6340004927318588,0.004713372926674064,,,0.2717780980991553,-0.07177809809915531,,,,observed,imputed,observed,observed,observed,missing,missing,missing,observed,observed,observed,observed,observed,observed,observed,missing
COM,2015,1.0,,,0.37142857142857144,1.0,,,,,,0.0,0.0,0.5,0.0,0.0,0.5,0.8492635230812728,1.0,,,0.31746031746031744,1.0,,,,,,0.0,0.0,0.5,0.0,0.0,0.5,0.8102623492416134,,0.740230698169948,,0.2,0.0,0.46446589550589057,0.0,0.2463000918174436,0.0,0.5666444594046468,0.0,0.2571411577378928,0.2,,,,,,,,,,imputed,imputed,observed,observed,imputed,missing,missing,missing,observed,observed,observed,observed,observed,observed,observed,missing
COM,2023,1.0,,,0.42857142857142855,1.0,1.0,,1.0,,,0.0,0.0,0.5,0.0,0.0,0.5,0.8492635230812728,1.0,,,0.22916666666666666,1.0,1.0,,1.0,,,0.0,0.0,1.0,0.0,0.0,0.5,0.8496970939448076,,0.7592783172175671,0.5,0.2,0.0,0.475116385697944,0.6400800281806298,0.2463000918174436,0.0,0.5817181280915966,0.27207333325018224,0.2571411577378928,0.2,,,,,,,,,,imputed,imputed,imputed,observed,imputed,carried_forward,missing,missing,observed,observed,observed,observed,observed,observed,observed,observed
CPV,2010,1.0,0.5977011494252874,,0.5428571428571428,0.75,,,,,,0.0,0.0,0.5,0.0,0.0,0.5,0.8753738290365335,1.0,0.5142857142857142,,0.6129032258064516,0.75,,,,,,0.0,0.0,0.5,0.0,0.0,0.5,0.8584765403055656,0.5977011494252874,0.722743657297892,,0.2,0.27854736021076915,0.41863968614941915,0.0,0.2463000918174436,0.3155090464036922,0.5581561552732187,0.0,0.2571411577378928,0.2,,,,,,,,,,imputed,imputed,observed,observed,imputed,missing,missing,missing,observed,observed,observed,observed,observed,observed,observed,missing
CPV,2014,1.0,0.5977011494252874,,0.5857142857142857,0.75,,,,,,0.0,0.0,0.5,0.0,0.0,0.5,0.8366349467129593,1.0,0.573170731707317,,0.559322033898305,0.75,,,,,,0.0,0.0,0.5,0.0,0.0,0.5,0.7975393333138322,0.5977011494252874,0.7241164108090817,,0.2,0.27854736021076915,0.42321036880186835,0.0,0.2463000918174436,0.3155090464036922,0.5591510591972817,0.0,0.2571411577378928,0.2,0.6441980482309997,-0.04649689880571228,,,0.2715842056575125,-0.0715842056575125,,,,imputed,imputed,observed,observed,imputed,missing,missing,missing,observed,observed,observed,observed,observed,observed,observed,missing
CPV,2017,1.0,0.5977011494252874,,0.6428571428571429,0.75,,,1.0,,,0.0,0.0,0.0,0.5,0.0,1.0,0.8419885898982137,1.0,0.5138888888888888,,0.6610169491525424,0.75,,,1.0,,,0.0,0.0,0.0,1.0,0.0,1.0,0.8385322010698769,0.5977011494252874,0.7449485775851189,0.5,0.3,0.27854736021076915,0.4343331077539706,0.6400800281806298,0.5870184682448168,0.3155090464036922,0.5756495991971906,0.27207333325018224,0.3641950659257678,0.3,0.6447140499353061,-0.04701290051001872,,,0.2715842056575125,0.028415794342487477,0.5083647293654299,0.5083647293654299,0.8280421896542014,observed,imputed,observed,observed,imputed,carried_forward,missing,missing,observed,observed,observed,observed,observed,observed,observed,missing
CPV,2023,1.0,0.5977011494252874,,0.7,0.75,0.75,,1.0,,,0.0,0.0,0.5,0.0,0.0,0.5,0.8419885898982137,1.0,0.46153846153846156,,0.625,0.75,0.75,,1.0,,,0.0,0.0,1.0,0.0,0.0,0.5,0.8393514288836871,0.5977011494252874,0.7639961966327379,0.5,0.2,0.27854736021076915,0.44498359794602405,0.6400800281806298,0.2463000918174436,0.3155090464036922,0.5907232678841404,0.27207333325018224,0.2571411577378928,0.2,0.6525446134510493,-0.0548434640257619,0.5997527471180873,0.16424344951465053,0.2715842056575125,-0.0715842056575125,0.4622679903960778,0.4622679903960778,0.5837572738329555,imputed,imputed,imputed,observed,imputed,carried_forward,missing,missing,observed,observed,observed,observed,observed,observed,observed,observed
CRI,2013,1.0,0.8735632183908046,,0.8714285714285714,1.0,,,,,,0.3333333333333333,0.0,0.5,0.5,0.0,1.0,0.6944857068330468,1.0,0.8690476190476191,,0.9387755102040817,1.0,,,,,,0.3333333333333333,0.0,0.5,1.0,0.0,1.0,0.6119442394539971,0.8735632183908046,0.8553047594205395,,0.4,0.4071076803080472,0.5440046209170716,0.018449996530836087,0.6276085012649691,0.4611286062823194,0.6573449683508256,0.10022066784005601,0.49148157841267115,0.4,,,,,,,,,,observed,imputed,observed,observed,imputed,missing,missing,missing,observed,observed,observed,observed,observed,observed,observed,missing
CUB,2010,1.0,0.9080459770114943,0.27076411960132885,0.8428571428571429,0.5,,,,,,0.0,0.0,0.5,0.0,0.0,0.5,0.5435054646761666,1.0,0.9,0.1375245579567779,0.9516129032258065,0.5,,,,,,0.0,0.0,0.5,0.0,0.0,0.5,0.39034468089417884,0.5894050483064115,0.6287875358444365,,0.2,0.5677573230818694,0.36519952079359047,0.0,0.2463000918174436,0.6071666701592615,0.4883076374665904,0.0,0.2571411577378928,0.2,,,,,,,,,,imputed,imputed,observed,observed,imputed,missing,missing,missing,observed,observed,observed,observed,observed,observed,observed,missing
CUB,2011,1.0,0.9080459770114943,0.27076411960132885,0.8571428571428571,0.5,,,,,,0.0,0.0,0.5,0.0,0.0,0.5,0.5121167095520359,1.0,0.9518072289156626,0.0777310924369747,0.9508196721311475,0.5,,,,,,0.0,0.0,1.0,0.0,0.0,0.5,0.3319812515048952,0.5894050483064115,0.623086522231631,,0.2,0.5677573230818694,0.3650933184173589,0.0,0.2463000918174436,0.6071666701592615,0.48372194227442217,0.0,0.2571411577378928,0.2,0.6088810605818575,-0.019476012275446042,,,0.27133787154671185,-0.07133787154671184,,,,observed,imputed,observed,observed,imputed,missing,missing,missing,observed,observed,observed,observed,observed,observed,observed,missing
CUB,2012,1.0,0.9885057471264368,0.27076411960132885,0.8714285714285714,0.5,,,,,,0.0,0.5,1.0,0.0,0.0,0.5,0.6132582370976337,1.0,0.9866666666666667,0.1606118546845124,0.8923076923076924,0.5,,,,,,0.0,1.0,1.0,0.0,0.0,0.5,0.4927021201542853,0.6296349333638829,0.661562269508735,,0.4,0.6052540831102422,0.37667770868878114,0.0,0.28940648033474775,0.6496390417905279,0.5144091614958599,0.0,0.45581995865416014,0.4,0.6067381174267297,0.022896815937153203,,,0.27133787154671185,0.12866212845328817,,,,observed,imputed,observed,observed,imputed,missing,missing,missing,observed,observed,observed,observed,observed,observed,observed,missing
CUB,2013,1.0,0.9885057471264368,0.27076411960132885,0.8714285714285714,0.5,,,,,,0.0,0.0,0.5,0.0,0.0,0.5,0.5564189444919982,1.0,0.9880952380952381,0.13921568627450975,0.9387755102040817,0.5,,,,,,0.0,0.0,0.5,0.0,0.0,0.5,0.409383069886832,0.6296349333638829,0.6426158386401899,,0.2,0.6052540831102422,0.37166387333849216,0.0,0.2463000918174436,0.6496390417905279,0.49928139248321274,0.0,0.2571411577378928,0.2,0.6212006928327414,0.008434240531141501,,,0.27253240772958165,-0.07253240772958164,,,,observed,imputed,observed,observed,imputed,missing,missing,missing,observed,observed,observed,observed,observed,observed,observed,missing
CUB,2014,1.0,0.9540229885057471,0.27076411960132885,0.8857142857142857,0.5,,,,,,0.0,0.0,0.0,0.5,0.0,1.0,0.4705147284082038,1.0,0.9512195121951219,0.1606118546845124,0.9152542372881356,0.5,,,,,,0.0,0.0,0.0,1.0,0.0,1.0,0.28499508896124515,0.6123935540535379,0.6187430047074965,,0.3,0.5891840430980824,0.36674882249200774,0.0,0.5870184682448168,0.6314365968056994,0.4801864157146933,0.0,0.3641950659257678,0.3,0.6140789549977967,-0.0016854009442588413,,,0.27253240772958165,0.02746759227041834,,,,observed,imputed,observed,observed,imputed,missing,missing,missing,observed,observed,observed,observed,observed,observed,observed,missing
CUB,2015,1.0,0.9885057471264368,0.27076411960132885,0.8857142857142857,0.5,,,,,,0.0,0.0,0.5,0.0,0.0,0.5,0.4367189108530986,1.0,1.0,0.2621848739495798,0.8888888888888888,0.5,,,,,,0.0,0.0,0.5,0.0,0.0,0.5,0.2501269370214371,0.6296349333638829,0.6074777321891282,,0.2,0.6052540831102422,0.3637676688396327,0.0,0.2463000918174436,0.6496390417905279,0.4711916640538236,0.0,0.2571411577378928,0.2,0.6051054408924,0.02452949247148284,,,0.2720204636512089,-0.0720204636512089,,,,observed,imputed,observed,observed,imputed,missing,missing,missing,observed,observed,observed,observed,observed,observed,observed,missing
CUB,2016,1.0,0.9885057471264368,0.27076411960132885,0.9,0.5,,,,,,0.0,0.0,0.5,0.0,0.0,0.5,0.4666733036980839,1.0,0.9861111111111112,0.24699828473413374,0.9393939393939394,0.5,,,,,,0.0,0.0,0.5,0.0,0.0,0.5,0.31506671521145396,0.6296349333638829,0.622224434566028,,0.2,0.6052540831102422,0.36907259017177524,0.0,0.2463000918174436,0.6496390417905279,0.48293243828878224,0.0,0.2571411577378928,0.2,0.6008709590487393,0.028763974315143548,,,0.27253240772958165,-0.07253240772958164,,,,observed,imputed,observed,observed,imputed,missing,missing,missing,observed,observed,observed,observed,observed,observed,observed,missing
CUB,2017,1.0,0.9885057471264368,0.27076411960132885,0.9,0.5,,,,,,0.0,0.0,0.5,0.0,0.0,0.5,0.504128714073321,1.0,0.9861111111111112,0.24699828473413374,0.9661016949152542,0.5,,,,,,0.0,0.0,1.0,0.0,0.0,0.5,0.36880001955389174,0.6296349333638829,0.6347095713577736,,0.2,0.6052540831102422,0.37237655916910095,0.0,0.2463000918174436,0.6496390417905279,0.4929011900176578,0.0,0.2571411577378928,0.2,0.6064140689350765,0.02322086442880633,,,0.27253240772958165,-0.07253240772958164,,,,observed,imputed,observed,observed,imputed,missing,missing,missing,observed,observed,observed,observed,observed,observed,observed,missing
CUB,2018,1.0,1.0,0.27076411960132885,0.9,0.5,,,,,,0.0,0.0,0.5,0.0,0.0,0.5,0.5269124508080696,1.0,1.0,0.1606118546845124,0.9298245614035088,0.5,,,,,,0.0,0.0,0.5,0.0,0.0,0.5,0.39703803628025347,0.6353820598006644,0.6423041502693566,,0.2,0.6106107631142954,0.37438632916122494,0.0,0.2463000918174436,0.6557065234521373,0.49896507805651197,0.0,0.2571411577378928,0.2,0.6111070832384645,0.0242749765621999,,,0.27253240772958165,-0.07253240772958164,,,,observed,imputed,observed,observed,imputed,missing,missing,missing,observed,observed,observed,observed,observed,observed,observed,missing
CUB,2019,1.0,0.7471264367816092,0.27076411960132885,0.8857142857142857,0.5,,,,,,0.0,0.0,0.5,0.0,0.0,0.5,0.5235678490879699,1.0,0.6911764705882353,0.24699828473413374,0.9333333333333333,0.5,,,,,,0.0,0.0,0.5,0.0,0.0,0.5,0.38534819909364154,0.508945278191469,0.6364273782674186,,0.2,0.4927638030251239,0.371428676862345,0.0,0.2463000918174436,0.5222219268967291,0.4943064956497491,0.0,0.2571411577378928,0.2,0.6139617950493781,-0.10501651685790914,,,0.2727030557557059,-0.0727030557557059,,,,observed,observed,observed,observed,imputed,missing,missing,missing,observed,observed,observed,observed,observed,observed,observed,missing
CUB,2020,1.0,0.8448275862068966,0.25581395348837205,0.9,0.5,,,,,,0.0,0.0,0.5,0.0,0.0,0.5,0.45317534988448915,1.0,0.8043478260869565,0.14381591562799612,0.8870967741935484,0.5,,,,,,0.0,0.0,0.5,0.0,0.0,0.5,0.3836544110900941,0.5503207698476343,0.6177251166281631,,0.2,0.5303126602077056,0.3678819258463635,0.0,0.2463000918174436,0.5667371126153234,0.4793399599507391,0.0,0.2571411577378928,0.2,0.6117527864079126,-0.0614320165602783,,,0.26894879918097225,-0.06894879918097224,,,,imputed,imputed,observed,observed,imputed,missing,missing,missing,observed,observed,observed,observed,observed,observed,observed,missing
CUB,2021,1.0,0.9425287356321839,0.24086378737541528,0.9142857142857143,0.5,,,0.0,,,0.0,0.0,0.5,0.0,0.0,0.5,0.3878334574595505,1.0,0.9375,0.2420701168614357,0.9047619047619048,0.5,,,0.0,,,0.0,0.0,0.5,0.0,0.0,0.5,0.4033434139820054,0.5916962615037996,0.6007063905817549,0.0,0.2,0.5678615173902872,0.3647806925285412,0.0,0.2463000918174436,0.6112522983339178,0.4657176424715018,0.0,0.2571411577378928,0.2,0.6047228288797932,-0.013026567375993614,,,0.2701773515816741,-0.0701773515816741,0.0,0.0,0.022015099603915095,observed,observed,observed,observed,imputed,carried_forward,missing,missing,observed,observed,observed,observed,observed,observed,observed,missing
CUB,2022,1.0,0.9425287356321839,0.24086378737541528,0.9142857142857143,0.5,,,0.0,,,0.0,0.0,0.5,0.0,0.0,0.5,0.488315517910215,1.0,0.9242424242424242,0.2420701168614357,0.9032258064516129,0.5,,,0.0,,,0.0,0.0,0.5,0.0,0.0,0.5,0.329232562179742,0.5916962615037996,0.6342004107319764,0.0,0.2,0.5678615173902872,0.3736442881797557,0.0,0.2463000918174436,0.6112522983339178,0.49246092745499215,0.0,0.2571411577378928,0.2,0.5983256923410859,-0.006629430837286288,0.5727895163210602,0.061410894410916184,0.271405903982376,-0.071405903982376,0.0,0.0,0.022394670286741285,imputed,imputed,observed,observed,imputed,carried_forward,missing,missing,observed,observed,observed,observed,observed,observed,observed,missing
CUB,2023,1.0,0.9425287356321839,0.24086378737541528,0.9142857142857143,0.5,0.5,,0.0,,,0.0,0.0,0.5,0.0,0.0,0.5,0.488315517910215,1.0,0.9230769230769231,0.11673151750972761,0.9375,0.5,0.5,,0.0,,,0.0,0.0,1.0,0.0,0.0,0.5,0.3363938000155722,0.5916962615037996,0.6342004107319764,0.0,0.2,0.5678615173902872,0.3736442881797557,0.0,0.2463000918174436,0.6112522983339178,0.49246092745499215,0.0,0.2571411577378928,0.2,0.6109156958200128,-0.019219434316213202,0.5727895163210602,0.061410894410916184,0.271405903982376,-0.071405903982376,0.0,0.0,0.0,imputed,imputed,imputed,observed,imputed,carried_forward,missing,missing,observed,observed,observed,observed,observed,observed,observed,observed
CYP,2011,1.0,0.4367816091954023,,0.7142857142857143,0.0,,,,,,0.5,0.0,0.0,0.5,0.0,1.0,0.7573182689463431,1.0,0.4578313253012048,,0.7868852459016393,0.0,,,,,,0.5,0.0,0.0,1.0,0.0,1.0,0.6677157233398215,0.4367816091954023,0.4905346610773525,,0.3,0.2035538401540236,0.19993472283961655,0.02767499479625413,0.5870184682448168,0.2305643031411597,0.389980999758338,0.15033100176008402,0.3641950659257678,0.3,,,,,,,,,,observed,imputed,observed,observed,imputed,missing,missing,missing,observed,observed,observed,observed,observed,observed,observed,missing
CZE,2022,1.0,,,0.8714285714285714,0.0,,,,,1.0,0.0,0.0,0.5,0.0,0.0,0.5,0.6383913724485204,1.0,,,0.8548387096774194,0.0,,,,,1.0,0.0,0.0,0.5,0.0,0.0,0.5,0.5381116821676892,,0.5032733146256972,0.5,0.2,0.0,0.2187329428105483,0.028286299363680645,0.2463000918174436,0.0,0.39978121337788713,0.17855662167362427,0.2571411577378928,0.2,,,,,,,,,,imputed,imputed,observed,observed,imputed,missing,missing,carried_forward,observed,observed,observed,observed,observed,observed,observed,missing
DEU,2010,1.0,0.896551724137931,0.8222591362126246,0.8857142857142857,0.25,,0.575,,,,0.3333333333333333,0.0,0.5,0.5,0.0,1.0,0.5230194400893807,1.0,0.8857142857142857,0.7897838899803536,1.0,0.25,,0.575,,,,0.3333333333333333,0.0,0.5,1.0,0.0,1.0,0.36144719679609916,0.8594054301752778,0.5584334314509165,,0.4,0.8568817971690551,0.5242216416942382,0.018449996530836087,0.6276085012649691,0.8614760318852704,0.5642723221080933,0.10022066784005601,0.49148157841267115,0.4,,,,,,,,,,imputed,imputed,observed,observed,imputed,missing,missing,missing,observed,observed,observed,observed,observed,observed,observed,missing
DEU,2018,1.0,0.896551724137931,0.8222591362126246,0.9142857142857143,0.25,,0.575,,,,0.3333333333333333,0.5,0.5,0.0,1.0,0.5,0.5040719041651507,1.0,0.8783783783783784,0.7954110898661567,0.9473684210526315,0.25,,0.575,,,,0.3333333333333333,1.0,0.5,0.0,1.0,0.5,0.36478052783530557,0.8594054301752778,0.5608394046127163,,0.5,0.8568817971690551,0.5278755108624027,0.018449996530836087,0.39998685138493617,0.8614760318852704,0.5667662726702847,0.10022066784005601,0.4624950030340981,0.5,0.5824357901993069,0.2769696399759709,,,0.2793549271527688,0.22064507284723123,,,,observed,imputed,observed,observed,observed,missing,missing,missing,observed,observed,observed,observed,observed,observed,observed,missing
DEU,2020,1.0,0.8735632183908046,0.8222591362126246,0.9142857142857143,0.25,,0.575,,,,0.3333333333333333,0.0,0.0,0.0,1.0,0.0,0.442938214478148,1.0,0.8405797101449275,0.7976989453499519,0.9032258064516129,0.25,,0.5526315789473684,,,,0.3333333333333333,0.0,0.0,0.0,1.0,0.0,0.37129576800489966,0.8479111773017146,0.5455559821909656,,0.2,0.8461684371609486,0.522482863621471,0.018449996530836087,0.15117040407034077,0.8493410685620515,0.5504955505328291,0.10022066784005601,0.13396155686684127,0.2,0.5833401668713638,0.2645710104303508,,,0.2793549271527688,-0.07935492715276876,,,,observed,imputed,observed,observed,imputed,missing,missing,missing,observed,observed,observed,observed,observed,observed,observed,missing
DEU,2021,1.0,0.8505747126436781,0.8222591362126246,0.9142857142857143,0.25,,0.575,,,,0.3333333333333333,0.0,0.0,0.0,1.0,0.0,0.43231531417813074,1.0,0.8375,0.8263772954924874,0.9047619047619048,0.25,,0.575,,,,0.3333333333333333,0.0,0.0,0.0,1.0,0.0,0.4496041571026574,0.8364169244281514,0.5429002571159612,,0.2,0.8354550771528421,0.5215458098580408,0.018449996530836087,0.15117040407034077,0.8372061052388325,0.5476682672466344,0.10022066784005601,0.13396155686684127,0.2,0.5775953103090057,0.2588216141191457,,,0.2790136311005203,-0.07901363110052029,,,,observed,observed,observed,observed,imputed,missing,missing,missing,observed,observed,observed,observed,observed,observed,observed,missing
DEU,2022,1.0,0.8505747126436781,0.8222591362126246,0.9285714285714286,0.25,,0.575,,,,0.3333333333333333,0.0,0.0,0.0,1.0,0.0,0.44721251963796954,1.0,0.803030303030303,0.8263772954924874,0.9193548387096774,0.25,,0.575,,,,0.5,0.0,0.0,0.0,1.0,0.0,0.27202443809885357,0.8364169244281514,0.5501959870523495,,0.2,0.8354550771528421,0.5255225257371111,0.018449996530836087,0.15117040407034077,0.8372061052388325,0.5554015733675359,0.10022066784005601,0.13396155686684127,0.2,0.5765970548656932,0.25981986956245817,,,0.27867233504827177,-0.07867233504827176,,,,imputed,imputed,observed,observed,imputed,missing,missing,missing,observed,observed,observed,observed,observed,observed,observed,missing
DJI,2012,1.0,0.2988505747126437,0.13122923588039864,0.2714285714285714,0.0,,,,,,0.5,0.0,0.5,0.0,0.0,0.5,0.914742542870761,1.0,0.18666666666666668,0.0,0.24615384615384617,0.0,,,,,,0.5,0.0,0.5,0.0,0.0,0.5,0.9262946824247466,0.21503990529652117,0.3953903714331108,,0.2,0.20934600291625166,0.13127993357735537,0.02767499479625413,0.2463000918174436,0.2197116636464902,0.31505851380388455,0.15033100176008402,0.2571411577378928,0.2,,,,,,,,,,observed,imputed,observed,observed,imputed,missing,missing,missing,observed,observed,observed,observed,observed,observed,observed,missing
DJI,2017,1.0,0.22988505747126436,0.13122923588039864,0.35714285714285715,0.0,,,,,,0.5,0.0,0.5,0.0,0.0,0.5,0.956369739376133,1.0,0.06944444444444445,0.10291595197255574,0.3220338983050847,0.0,,,,,,0.5,0.0,1.0,0.0,0.0,0.5,0.9975582077461348,0.1805571466758315,0.43783753217299676,,0.2,0.17720592289193213,0.15092763415219868,0.02767499479625413,0.2463000918174436,0.1833067736768334,0.34874808880212094,0.15033100176008402,0.2571411577378928,0.2,0.5211498447191105,-0.340592698043279,,,0.2602219384961526,-0.060221938496152594,,,,observed,imputed,observed,observed,imputed,missing,missing,missing,observed,observed,observed,observed,observed,observed,observed,missing
DJI,2018,1.0,0.27586206896551724,0.13122923588039864,0.38571428571428573,0.0,,,,,,0.5,0.5,0.5,0.5,0.0,1.0,0.9538512170103831,1.0,0.14864864864864866,0.0,0.2982456140350877,0.0,,,,,,0.5,1.0,0.5,1.0,0.0,1.0,1.0,0.20354565242295794,0.4465218342415563,,0.5,0.19863264290814514,0.15603071855816364,0.02767499479625413,0.6301248567621209,0.20757670032327127,0.35561461880408,0.15033100176008402,0.5628738668420351,0.5,0.5371052271721244,-0.3335595747491664,,,0.25919805033940707,0.24080194966059293,,,,observed,imputed,observed,observed,imputed,missing,missing,missing,observed,observed,observed,observed,observed,observed,observed,missing
DJI,2019,1.0,0.21839080459770116,0.13122923588039864,0.4,0.0,,,,,,0.5,0.0,0.5,0.0,0.0,0.5,0.9594921746737409,1.0,0.014705882352941176,0.10291595197255574,0.36666666666666664,0.0,,,,,,0.5,0.0,0.5,0.0,0.0,0.5,0.9850858889761608,0.1748100202390499,0.45316405822458034,,0.2,0.1718492428878789,0.15919093408535534,0.02767499479625413,0.2463000918174436,0.17723929201522395,0.36088437599307405,0.15033100176008402,0.2571411577378928,0.2,0.540369552946243,-0.3655595327071931,,,0.2598806424439041,-0.059880642443904064,,,,observed,observed,observed,observed,imputed,missing,missing,missing,observed,observed,observed,observed,observed,observed,observed,missing
DJI,2020,1.0,0.20689655172413793,0.14202657807308966,0.38571428571428573,0.0,,,1.0,,,0.5,0.0,0.5,0.0,0.0,0.5,0.9637179076132261,1.0,0.0,0.01246404602109297,0.3064516129032258,0.0,,,0.0,,,0.5,0.0,0.5,0.0,0.0,0.5,1.0,0.1744615648986138,0.4498107311091706,0.75,0.2,0.17225800716573242,0.15690106651407737,0.6677550229768839,0.2463000918174436,0.1762695497572877,0.3582406369953104,0.42240433501026625,0.2571411577378928,0.2,0.5428662858758532,-0.36840472097723936,,,0.2590274023132828,-0.059027402313282795,0.329386054963274,0.329386054963274,0.5705214248110184,observed,imputed,observed,observed,imputed,carried_forward,missing,missing,observed,observed,observed,observed,observed,observed,observed,missing
DJI,2021,1.0,0.3218390804597701,0.1528239202657807,0.35714285714285715,0.0,,,1.0,,,0.5,0.0,0.5,0.0,0.0,0.5,0.9353676537844468,1.0,0.2625,0.15358931552587643,0.2857142857142857,0.0,,,1.0,,,0.5,0.0,0.5,0.0,0.0,0.5,0.9727742038478088,0.2373315003627754,0.43083683697576797,0.75,0.2,0.23159025148817172,0.1490750249035228,0.6677550229768839,0.2463000918174436,0.24204210577705562,0.34315838694183826,0.42240433501026625,0.2571411577378928,0.2,0.5416058101294472,-0.3042743097666718,0.613234362516601,-0.18239752554083305,0.2590170557136922,-0.0590170557136922,0.3519166932315383,0.3519166932315383,0.6008422546473748,observed,observed,observed,observed,imputed,carried_forward,missing,missing,observed,observed,observed,observed,observed,observed,observed,missing
DJI,2022,1.0,0.3218390804597701,0.1528239202657807,0.37142857142857144,0.0,,,1.0,,,0.5,0.0,0.0,0.5,0.0,1.0,0.9549545146522597,1.0,0.10606060606060606,0.15358931552587643,0.2903225806451613,0.0,,,1.0,,,0.75,0.0,0.0,1.0,0.0,1.0,0.9787117425009063,0.2373315003627754,0.4421276953602771,0.75,0.3,0.23159025148817172,0.15346541869776906,0.6677550229768839,0.5870184682448168,0.24204210577705562,0.3521398441305754,0.42240433501026625,0.3641950659257678,0.3,0.534473749180151,-0.2971422488173756,0.613234362516601,-0.17110666715632394,0.2608838374014685,0.03911616259853151,0.3919867668356398,0.3919867668356398,0.656117063947031,imputed,imputed,observed,observed,imputed,carried_forward,missing,missing,observed,observed,observed,observed,observed,observed,observed,missing
DJI,2023,1.0,0.3218390804597701,0.1528239202657807,0.35714285714285715,0.0,0.0,,1.0,,,0.5,0.0,0.5,0.0,0.0,0.5,0.9549545146522597,1.0,0.09230769230769231,0.013618677042801541,0.125,0.0,0.0,,1.0,,,0.5,0.0,1.0,0.0,0.0,0.5,1.0,0.2373315003627754,0.4373657905983723,0.75,0.2,0.23159025148817172,0.15080279614975567,0.6677550229768839,0.2463000918174436,0.24204210577705562,0.34837142695883794,0.42240433501026625,0.2571411577378928,0.2,0.5387178484463331,-0.3013863480835577,0.613234362516601,-0.17586857191822874,0.2608838374014685,-0.060883837401468466,0.35324242999831157,0.35324242999831157,0.4460785566425683,imputed,imputed,imputed,observed,imputed,carried_forward,missing,missing,observed,observed,observed,observed,observed,observed,observed,observed
DNK,2012,1.0,0.9540229885057471,0.8039867109634552,0.8428571428571429,0.0,,,,,,0.5,0.0,0.5,0.0,0.0,0.5,0.5518491876258476,1.0,0.9466666666666667,0.7743785850860422,0.8615384615384616,0.0,,,,,,0.5,0.0,0.5,0.0,0.0,0.5,0.40438406645399677,0.8790048497346011,0.46490211016099686,,0.2,0.8739082914814791,0.20577374863345682,0.02767499479625413,0.2463000918174436,0.8831864965871015,0.3692111898121133,0.15033100176008402,0.2571411577378928,0.2,,,,,,,,,,imputed,imputed,observed,observed,imputed,missing,missing,missing,observed,observed,observed,observed,observed,observed,observed,missing
DNK,2018,1.0,0.9540229885057471,0.8039867109634552,0.8857142857142857,0.0,,,,,,0.5,0.0,0.5,0.5,0.0,1.0,0.5731632002995306,1.0,0.9459459459459459,0.7743785850860422,0.9122807017543859,0.0,,,,,,0.5,0.0,0.5,1.0,0.0,1.0,0.4623575737515039,0.8790048497346011,0.4862924953379388,,0.4,0.8739082914814791,0.2156417408409969,0.02767499479625413,0.6276085012649691,0.8831864965871015,0.3861891625326586,0.15033100176008402,0.49148157841267115,0.4,0.5472784798750359,0.3317263698595653,,,0.27993688794617927,0.12006311205382075,,,,observed,imputed,observed,observed,imputed,missing,missing,missing,observed,observed,observed,observed,observed,observed,observed,missing
DNK,2021,1.0,0.9425287356321839,0.8039867109634552,0.9,0.0,,,,,,0.5,0.5,1.0,0.5,0.0,1.0,0.5405317095979963,1.0,0.9375,0.8080133555926544,0.8888888888888888,0.0,,,,,,0.5,0.5,1.0,0.5,0.0,1.0,0.5621482647291315,0.8732577232978196,0.4801772365326655,,0.6,0.8685516114774259,0.2154259158554152,0.02767499479625413,0.6707148897822732,0.8771190149254919,0.381272713457095,0.15033100176008402,0.6901603793289385,0.6,0.5553188710429353,0.3179388522548843,,,0.27993688794617927,0.3200631120538207,,,,observed,observed,observed,observed,imputed,missing,missing,missing,observed,observed,observed,observed,observed,observed,observed,missing
DOM,2015,1.0,0.6781609195402298,,0.7571428571428571,1.0,,,,,,0.0,0.0,0.5,0.0,0.0,0.5,0.8431722049964688,1.0,0.6142857142857143,,0.746031746031746,1.0,,,,,,0.0,0.0,0.5,0.0,0.0,0.5,0.8019918183335313,0.6781609195402298,0.8667716873797753,,0.2,0.31604412023914186,0.5358193847026684,0.0,0.2463000918174436,0.3579814180349584,0.6667705196671808,0.0,0.2571411577378928,0.2,,,,,,,,,,observed,imputed,observed,observed,imputed,missing,missing,missing,observed,observed,observed,observed,observed,observed,observed,missing
DOM,2017,1.0,0.4827586206896552,,0.7285714285714285,1.0,,,,,,0.0,0.0,0.5,0.0,0.0,0.5,0.8546646836609834,1.0,0.375,,0.7627118644067796,1.0,,,,,,0.0,0.0,1.0,0.0,0.0,0.5,0.8561559841892817,0.4827586206896552,0.8610787040774707,,0.2,0.22498056017023663,0.5315078995102065,0.0,0.2463000918174436,0.25483422978759757,0.6622924067582917,0.0,0.2571411577378928,0.2,0.6983364703033921,-0.21557784961373688,,,0.2739732780232521,-0.0739732780232521,,,,observed,imputed,observed,observed,imputed,missing,missing,missing,observed,observed,observed,observed,observed,observed,observed,missing
DOM,2018,1.0,0.40229885057471265,,0.7142857142857143,1.0,,,,,,0.0,0.0,0.0,0.5,0.0,1.0,0.8731168030297011,1.0,0.2972972972972973,,0.7017543859649122,1.0,,,,,,0.0,0.0,0.0,1.0,0.0,1.0,0.8859794784470635,0.40229885057471265,0.8624675057718051,,0.3,0.18748380014186383,0.5304729518352872,0.0,0.5870184682448168,0.2123618581563313,0.6634350183275431,0.0,0.3641950659257678,0.3,0.6961965456463929,-0.29389769507168023,,,0.2681712451350273,0.031828754864972664,,,,observed,imputed,observed,observed,imputed,missing,missing,missing,observed,observed,observed,observed,observed,observed,observed,missing
DOM,2022,1.0,0.40229885057471265,,0.8,1.0,,,,,,0.0,0.0,0.5,0.0,0.0,0.5,0.8506875882506261,1.0,0.21212121212121213,,0.7741935483870968,1.0,,,,,,0.0,0.0,0.5,0.0,0.0,0.5,0.8335905709598683,0.40229885057471265,0.8835625294168753,,0.2,0.18748380014186383,0.5444701897708617,0.0,0.2463000918174436,0.2123618581563313,0.6800759892832626,0.0,0.2571411577378928,0.2,0.6967185796717141,-0.2944197290970015,,,0.26578217276928773,-0.06578217276928772,,,,imputed,imputed,observed,observed,imputed,missing,missing,missing,observed,observed,observed,observed,observed,observed,observed,missing
DZA,2016,1.0,0.6896551724137931,0.16943521594684383,0.7142857142857143,0.0,,0.65,,,,0.0,0.0,0.5,0.0,0.0,0.5,0.7789469211114307,1.0,0.625,0.1423670668953688,0.7424242424242424,0.0,,0.65,,,,0.0,0.0,0.5,0.0,0.0,0.5,0.7433515399249301,0.4295451941803185,0.5358081588492862,,0.2,0.4118739258977324,0.46514599174296634,0.0,0.2463000918174436,0.4440441949542097,0.5435648138794729,0.0,0.2571411577378928,0.2,,,,,,,,,,observed,imputed,observed,observed,imputed,missing,missing,missing,observed,observed,observed,observed,observed,observed,observed,missing
DZA,2021,1.0,0.735632183908046,0.16943521594684383,0.6714285714285714,0.0,,0.65,,,,0.0,0.0,0.5,0.0,0.0,0.5,0.8286613671879534,1.0,0.7125,0.1702838063439065,0.6349206349206349,0.0,,0.65,,,,0.0,0.0,0.5,0.0,0.0,0.5,0.861800596230006,0.4525336999274449,0.5375224846541312,,0.2,0.4333006459139454,0.4615434715536867,0.0,0.2463000918174436,0.46831412160064756,0.5454910545655334,0.0,0.2571411577378928,0.2,0.57393121954793,-0.12139751962048512,,,0.2665911918167273,-0.06659119181672729,,,,observed,observed,observed,observed,observed,missing,missing,missing,observed,observed,observed,observed,observed,observed,observed,missing
ECU,2010,1.0,0.6896551724137931,,0.7,0.75,,,,,,0.0,0.5,1.0,0.5,0.0,1.0,0.7614438436569227,1.0,0.6285714285714286,,0.7903225806451613,0.75,,,,,,0.0,1.0,1.0,1.0,0.0,1.0,0.6977674712104619,0.6896551724137931,0.7371479478856409,,0.6,0.3214008002431952,0.43787868728524987,0.0,0.6707148897822732,0.36404889969656795,0.5692862960207762,0.0,0.6901603793289385,0.6,,,,,,,,,,imputed,imputed,observed,observed,imputed,missing,missing,missing,observed,observed,observed,observed,observed,observed,observed,missing
ECU,2018,1.0,0.6896551724137931,,0.8142857142857143,0.75,,,,,,0.0,0.0,0.5,0.5,0.0,1.0,0.6869589214134125,1.0,0.6351351351351351,,0.8245614035087719,0.75,,,,,,0.0,0.0,0.5,1.0,0.0,1.0,0.6230702962715677,0.6896551724137931,0.7504148785663757,,0.4,0.3214008002431952,0.452609298491838,0.0,0.6276085012649691,0.36404889969656795,0.5796094827592563,0.0,0.49148157841267115,0.4,0.6496124496016884,0.04004272281210475,,,0.27431457407550064,0.12568542592449938,,,,observed,imputed,observed,observed,imputed,missing,missing,missing,observed,observed,observed,observed,observed,observed,observed,missing
ECU,2023,1.0,0.6896551724137931,,0.8,0.75,0.75,,1.0,,,0.0,0.0,0.0,0.5,0.0,1.0,0.6869589214134125,1.0,0.5846153846153846,,0.7708333333333334,0.75,0.75,,1.0,,,0.0,0.0,0.0,1.0,0.0,1.0,0.6188841085218717,0.6896551724137931,0.7456529738044709,0.5,0.3,0.3214008002431952,0.44994667594382465,0.6400800281806298,0.5870184682448168,0.36404889969656795,0.5758410655875188,0.27207333325018224,0.3641950659257678,0.3,0.6545993309218762,0.035055841491916984,,,0.27431457407550064,0.02568542592449935,0.5270053241587068,0.5270053241587068,0.6655083149121933,imputed,imputed,imputed,observed,imputed,carried_forward,missing,missing,observed,observed,observed,observed,observed,observed,observed,observed
EGY,2010,1.0,0.8045977011494253,,0.7428571428571429,0.0,,,,,,0.0,0.0,0.5,0.5,0.0,1.0,0.8717517578798887,1.0,0.7714285714285715,,0.8387096774193549,0.0,,,,,,0.0,0.0,0.5,1.0,0.0,1.0,0.8533672647988492,0.8045977011494253,0.5382029669123439,,0.4,0.37496760028372766,0.21535422924274183,0.0,0.6276085012649691,0.4247237163126626,0.42797428963705225,0.0,0.49148157841267115,0.4,,,,,,,,,,imputed,imputed,observed,observed,imputed,missing,missing,missing,observed,observed,observed,observed,observed,observed,observed,missing
EGY,2011,1.0,0.8045977011494253,,0.7428571428571429,0.0,,,,,,0.0,0.0,0.5,0.0,0.0,0.5,0.8615107045488459,1.0,0.8433734939759037,,0.819672131147541,0.0,,,,,,0.0,0.0,1.0,0.0,0.0,0.5,0.8103779169352062,0.8045977011494253,0.534789282468663,,0.2,0.37496760028372766,0.21445085847823153,0.0,0.2463000918174436,0.4247237163126626,0.4252486348631071,0.0,0.2571411577378928,0.2,0.5748313993922735,0.22976630175715185,,,0.27772753459798577,-0.07772753459798576,,,,observed,imputed,observed,observed,imputed,missing,missing,missing,observed,observed,observed,observed,observed,observed,observed,missing
EGY,2013,1.0,0.8620689655172413,,0.7428571428571429,0.0,,,,,,0.0,0.0,0.5,0.0,0.0,0.5,0.8457421626813754,1.0,0.8571428571428571,,0.7551020408163265,0.0,,,,,,0.0,0.0,0.5,0.0,0.0,0.5,0.8338563353249708,0.8620689655172413,0.5295331018461727,,0.2,0.4017510003039939,0.2130599039287761,0.0,0.2463000918174436,0.4550611246207099,0.42105183986264116,0.0,0.2571411577378928,0.2,0.5735482360446328,0.28852072947260854,,,0.27772753459798577,-0.07772753459798576,,,,observed,imputed,observed,observed,imputed,missing,missing,missing,observed,observed,observed,observed,observed,observed,observed,missing
ERI,2011,1.0,0.367816091954023,,0.24285714285714285,1.0,,,,,,0.0,0.0,0.5,0.0,0.0,0.5,0.8210649632601632,1.0,0.3855421686746988,,0.2459016393442623,1.0,,,,,,0.0,0.0,1.0,0.0,0.0,0.5,0.7549988662347513,0.367816091954023,0.6879740353724353,,0.2,0.17141376012970408,0.43801487709801357,0.0,0.2463000918174436,0.1941594131715029,0.5252236624858967,0.0,0.2571411577378928,0.2,,,,,,,,,,observed,imputed,observed,observed,imputed,missing,missing,missing,observed,observed,observed,observed,observed,observed,observed,missing
ERI,2014,1.0,0.6551724137931034,,0.24285714285714285,1.0,,,,,,0.0,0.0,0.5,0.0,0.0,0.5,0.8837501008991187,1.0,0.6341463414634146,,0.15254237288135594,1.0,,,,,,0.0,0.0,0.5,0.0,0.0,0.5,0.8634974527853976,0.6551724137931034,0.7088690812520871,,0.2,0.3053307602310354,0.4435443786914371,0.0,0.2463000918174436,0.3458464547117395,0.5419073022579036,0.0,0.2571411577378928,0.2,0.6311285612288674,0.024043852564236023,,,0.26475828461254214,-0.06475828461254213,,,,observed,imputed,observed,observed,imputed,missing,missing,missing,observed,observed,observed,observed,observed,observed,observed,missing
ERI,2020,1.0,0.5057471264367817,,0.2714285714285714,1.0,,,,1.0,,0.0,0.0,0.5,0.0,0.0,0.5,0.8638518654771514,1.0,0.37681159420289856,,0.1774193548387097,1.0,,,,0.0,,0.0,0.0,0.5,0.0,0.0,0.5,0.8794380730447071,0.5057471264367817,0.711760145635241,0.5,0.2,0.23569392017834315,0.44711438596528974,0.27628368286318133,0.2463000918174436,0.2669691931108165,0.5441482242945291,0.24870804162754795,0.2571411577378928,0.2,0.6389827602511791,-0.1332356338143974,,,0.27329068591875505,-0.07329068591875504,0.43557883857926144,0.43557883857926144,0.7310535630667013,observed,imputed,observed,observed,imputed,missing,carried_forward,missing,observed,observed,observed,observed,observed,observed,observed,missing
ESP,2010,1.0,,,0.8,1.0,,,,,,0.0,0.0,0.5,0.0,0.0,0.5,0.6223245660057046,1.0,,,0.9032258064516129,1.0,,,,,,0.0,0.0,0.5,0.0,0.0,0.5,0.5015265120809109,,0.8074415220019016,,0.2,0.0,0.5243261214487146,0.0,0.2463000918174436,0.0,0.6192972059243602,0.0,0.2571411577378928,0.2,,,,,,,,,,imputed,imputed,observed,observed,imputed,missing,missing,missing,observed,observed,observed,observed,observed,observed,observed,missing
EST,2010,1.0,0.6896551724137931,0.6561461794019934,0.7428571428571429,1.0,,0.925,,,,0.0,0.0,0.5,0.0,0.0,0.5,0.7491334730960882,1.0,0.6285714285714286,0.593320235756385,0.8387096774193549,1.0,,0.925,,,,0.0,0.0,0.5,0.0,0.0,0.5,0.6804025239013267,0.6729006759078933,0.8542476539883077,,0.2,0.6717624142975307,0.8995625149396681,0.0,0.2463000918174436,0.6738346019197885,0.848343401169516,0.0,0.2571411577378928,0.2,,,,,,,,,,imputed,imputed,observed,observed,imputed,missing,missing,missing,observed,observed,observed,observed,observed,observed,observed,missing
EST,2015,1.0,0.6896551724137931,0.6561461794019934,0.7857142857142857,1.0,,0.925,,,,0.0,0.0,0.5,0.5,0.0,1.0,0.7467720695568258,1.0,0.6285714285714286,0.6521008403361344,0.7777777777777778,1.0,,0.925,,,,0.0,0.0,0.5,1.0,0.0,1.0,0.6711038416104224,0.6729006759078933,0.8643715888177779,,0.4,0.6717624142975307,0.9073420814596319,0.0,0.6276085012649691,0.6738346019197885,0.8590201654947934,0.0,0.49148157841267115,0.4,0.6936288352311737,-0.020728159323280426,,,0.27381708688970646,0.12618291311029356,,,,observed,imputed,observed,observed,observed,missing,missing,missing,observed,observed,observed,observed,observed,observed,observed,missing
EST,2016,1.0,0.6666666666666666,0.6561461794019934,0.7857142857142857,1.0,,0.925,,,,0.0,0.0,0.5,0.0,0.0,0.5,0.7437050377328797,1.0,0.5972222222222222,0.6449399656946827,0.8181818181818182,1.0,,0.925,,,,0.0,0.0,0.5,0.0,0.0,0.5,0.6950171209932897,0.66140642303433,0.8636048308617914,,0.2,0.6610490542894241,0.907071536351232,0.0,0.2463000918174436,0.6616996385965696,0.8582038754450736,0.0,0.2571411577378928,0.2,0.6974343018234728,-0.03602787878914282,,,0.27381708688970646,-0.07381708688970645,,,,observed,imputed,observed,observed,observed,missing,missing,missing,observed,observed,observed,observed,observed,observed,observed,missing
EST,2021,1.0,0.7011494252873564,0.6561461794019934,0.8142857142857143,1.0,,0.925,1.0,,,0.0,0.0,0.0,0.5,0.0,1.0,0.7047170155821387,1.0,0.675,0.6594323873121869,0.7936507936507936,1.0,,0.925,1.0,,,0.0,0.0,0.0,0.5,0.0,1.0,0.7328995513125769,0.6786478023446749,0.8610006824669632,0.5,0.3,0.6771190943015839,0.9089576196502689,0.6400800281806298,0.5870184682448168,0.679902083581398,0.8553640536705955,0.27207333325018224,0.3641950659257678,0.3,0.6971460866349086,-0.018498284290233702,,,0.273475790837458,0.026524209162542,0.5441076104678758,0.5441076104678758,0.7706884755878989,observed,observed,observed,observed,imputed,carried_forward,missing,missing,observed,observed,observed,observed,observed,observed,observed,missing
ETH,2011,1.0,0.6551724137931034,,0.02857142857142857,1.0,,,,,,0.0,0.0,0.5,0.0,0.0,0.5,0.855889939266642,1.0,0.6867469879518072,,0.0,1.0,,,,,,0.0,0.0,1.0,0.0,0.0,0.5,0.8026818620324957,0.6551724137931034,0.6281537892793568,,0.2,0.3053307602310354,0.4011474753458777,0.0,0.2463000918174436,0.3458464547117395,0.47796606693475174,0.0,0.2571411577378928,0.2,,,,,,,,,,observed,imputed,observed,observed,imputed,missing,missing,missing,observed,observed,observed,observed,observed,observed,observed,missing
ETH,2016,1.0,0.7586206896551724,,0.11428571428571428,1.0,,,,,,0.0,0.0,0.5,0.5,0.0,1.0,0.8995215058654094,1.0,0.7083333333333334,,0.10606060606060606,1.0,,,,,,0.0,0.0,0.5,1.0,0.0,1.0,0.9087201846538997,0.7586206896551724,0.671269073383708,,0.4,0.3535408802675147,0.420971982864802,0.0,0.6276085012649691,0.4004537896662247,0.5121891047260444,0.0,0.49148157841267115,0.4,0.6086428427918363,0.14997784686333604,,,0.27329068591875505,0.12670931408124497,,,,observed,imputed,observed,observed,imputed,missing,missing,missing,observed,observed,observed,observed,observed,observed,observed,missing
ETH,2020,1.0,0.6206896551724138,,0.11428571428571428,1.0,,,,,,0.0,0.0,0.5,0.0,0.0,0.5,0.9055176887016945,1.0,0.5217391304347826,,0.0,1.0,,,,,,0.0,0.0,0.5,0.0,0.0,0.5,0.9297385738824682,0.6206896551724138,0.673267800995803,,0.2,0.28926072021887567,0.421500910514904,0.0,0.2463000918174436,0.32764400972691116,0.5137849878686142,0.0,0.2571411577378928,0.2,0.6248493648645568,-0.0041597096921429655,,,0.2763623503889917,-0.0763623503889917,,,,observed,imputed,observed,observed,imputed,missing,missing,missing,observed,observed,observed,observed,observed,observed,observed,missing
ETH,2022,1.0,0.6206896551724138,,0.12857142857142856,1.0,,,1.0,,,0.0,0.0,0.5,0.0,0.0,0.5,0.9370729053958314,1.0,0.5,,0.016129032258064516,1.0,,,1.0,,,0.0,0.0,0.5,0.0,0.0,0.5,0.9538236962729388,0.6206896551724138,0.68854811132242,0.5,0.2,0.28926072021887567,0.4269470416833503,0.6400800281806298,0.2463000918174436,0.32764400972691116,0.5259518211255934,0.27207333325018224,0.2571411577378928,0.2,0.6256006627821207,-0.004911007609706863,,,0.2722667977620095,-0.0722667977620095,0.4546761769278732,0.4546761769278732,0.6784467541342494,imputed,imputed,observed,observed,imputed,carried_forward,missing,missing,observed,observed,observed,observed,observed,observed,observed,missing
FIN,2016,1.0,0.9310344827586207,,0.9142857142857143,0.0,,0.75,,,,0.0,0.0,0.5,0.5,0.0,1.0,0.6093126860041033,1.0,0.9166666666666666,,0.9545454545454546,0.0,,0.75,,,,0.0,0.0,0.5,1.0,0.0,1.0,0.5106973398995098,0.9310344827586207,0.5683996000724544,,0.4,0.43389108032831347,0.5279673619399813,0.0,0.6276085012649691,0.4914660145903667,0.5739171981042115,0.0,0.49148157841267115,0.4,,,,,,,,,,imputed,imputed,observed,observed,observed,missing,missing,missing,observed,observed,observed,observed,observed,observed,observed,missing
FIN,2018,1.0,0.9310344827586207,,0.9142857142857143,0.0,,0.75,,,,0.0,0.0,0.5,0.0,0.0,0.5,0.6260300688665682,1.0,0.918918918918919,,0.9473684210526315,0.0,,0.75,,,,0.0,0.0,0.5,0.0,0.0,0.5,0.5370209995407407,0.9310344827586207,0.5725789457880706,,0.2,0.43389108032831347,0.5294420144438696,0.0,0.2463000918174436,0.4914660145903667,0.5783665269900232,0.0,0.2571411577378928,0.2,0.5861819543520117,0.34485252840660896,,,0.2814817911727195,-0.08148179117271948,,,,observed,imputed,observed,observed,observed,missing,missing,missing,observed,observed,observed,observed,observed,observed,observed,missing
FJI,2013,1.0,0.9425287356321839,0.16279069767441862,0.7,0.0,,0.0,,,,0.0,0.0,0.5,0.0,0.0,0.5,0.9196099615546102,1.0,0.9404761904761905,0.011764705882352969,0.6938775510204082,0.0,,0.0,,,,0.0,0.0,0.5,0.0,0.0,0.5,0.9422296141605677,0.5526597166533013,0.40490249038865256,,0.2,0.5261729202749613,0.21158796856081685,0.0,0.2463000918174436,0.5743917211073575,0.42940649169246414,0.0,0.2571411577378928,0.2,,,,,,,,,,observed,imputed,observed,observed,imputed,missing,missing,missing,observed,observed,observed,observed,observed,observed,observed,missing
FJI,2014,1.0,0.9770114942528736,0.16279069767441862,0.7,0.0,,0.0,,,,0.0,0.0,0.0,0.5,0.0,1.0,0.9111614090042648,1.0,0.975609756097561,0.03632887189292547,0.6949152542372882,0.0,,0.0,,,,0.0,0.0,0.0,1.0,0.0,1.0,0.9018714826724151,0.5699010959636461,0.4027903522510662,,0.3,0.5422429602871212,0.21084271559418338,0.0,0.5870184682448168,0.5925941660921858,0.42715791072648346,0.0,0.3641950659257678,0.3,0.5247253370071405,0.04517575895650561,,,0.27024680135974793,0.029753198640252054,,,,observed,imputed,observed,observed,imputed,missing,missing,missing,observed,observed,observed,observed,observed,observed,observed,missing
FJI,2016,1.0,0.8429118773946359,0.16279069767441862,0.6857142857142857,0.0,,0.0,,,,0.0,0.0,0.5,0.0,0.0,0.5,0.9156222174258343,1.0,0.8101851851851851,0.13550600343053176,0.7121212121212122,0.0,,0.0,,,,0.0,0.0,0.5,0.0,0.0,0.5,0.9308023909111488,0.5028512875345272,0.40033412578503,,0.2,0.47974836023983314,0.20857358420219324,0.0,0.2463000918174436,0.5218068800400754,0.42457673703223586,0.0,0.2571411577378928,0.2,0.5239314094230249,-0.021080121888497616,,,0.27075874543812073,-0.07075874543812072,,,,imputed,imputed,observed,observed,observed,missing,missing,missing,observed,observed,observed,observed,observed,observed,observed,missing
FJI,2017,1.0,0.7088122605363986,0.16279069767441862,0.6857142857142857,0.0,,0.0,,,,0.0,0.0,0.5,0.5,0.0,1.0,0.9202886164346195,1.0,0.6481481481481483,0.13550600343053176,0.711864406779661,0.0,,0.0,,,,0.0,0.0,1.0,1.0,0.0,1.0,0.9473940248893112,0.43580147910540856,0.40150072553722627,,0.4,0.4172537601925453,0.2089852106534781,0.0,0.6276085012649691,0.45101959398796504,0.42581869841299286,0.0,0.49148157841267115,0.4,0.5230081431320949,-0.08720666402668631,,,0.2687678518000044,0.13123214819999562,,,,imputed,imputed,observed,observed,observed,missing,missing,missing,observed,observed,observed,observed,observed,observed,observed,missing
FJI,2018,1.0,0.5747126436781609,0.16279069767441862,0.6714285714285714,0.0,,0.0,,,,0.0,0.0,0.5,0.0,0.0,0.5,0.8741359657501051,1.0,0.5,0.03632887189292547,0.6491228070175439,0.0,,0.0,,,,0.0,0.0,0.5,0.0,0.0,0.5,0.8874188332302119,0.3687516706762898,0.3863911342946691,,0.2,0.35475916014525727,0.20225142921337438,0.0,0.2463000918174436,0.38023230793585455,0.4097667603374871,0.0,0.2571411577378928,0.2,0.5234466540923437,-0.15469498341605392,,,0.266776958161888,-0.066776958161888,,,,observed,imputed,observed,observed,observed,missing,missing,missing,observed,observed,observed,observed,observed,observed,observed,missing
FJI,2020,1.0,0.5229885057471264,0.16279069767441862,0.6714285714285714,0.0,,0.975,,,,0.0,0.0,0.5,0.0,0.0,0.5,0.814656443963957,1.0,0.39855072463768115,0.036433365292425725,0.6290322580645161,0.0,,0.9736842105263158,,,,0.0,0.0,0.5,0.0,0.0,0.5,0.8200475666408682,0.34288960171077254,0.6152712538481321,,0.2,0.3306541001270176,0.5919597819684816,0.0,0.2463000918174436,0.35292864045861194,0.61567732222834,0.0,0.2571411577378928,0.2,0.5177671386010478,-0.1748775368902753,,,0.2647860645237717,-0.06478606452377167,,,,imputed,imputed,observed,observed,observed,missing,missing,missing,observed,observed,observed,observed,observed,observed,observed,missing
FJI,2021,1.0,0.47126436781609193,0.16279069767441862,0.6714285714285714,0.0,,0.975,,,,0.0,0.0,0.5,0.5,0.0,1.0,0.7257008175252185,1.0,0.425,0.16360601001669448,0.6349206349206349,0.0,,0.975,,,,0.0,0.0,0.5,0.5,0.0,1.0,0.7547225223617593,0.3170275327452553,0.5930323472384474,,0.4,0.306549040108778,0.5841129414467291,0.0,0.6276085012649691,0.3256249729813694,0.5920017958899432,0.0,0.49148157841267115,0.4,0.6038004510702966,-0.28677291832504126,,,0.2640181484062125,0.1359818515937875,,,,observed,observed,observed,observed,observed,missing,missing,missing,observed,observed,observed,observed,observed,observed,observed,missing
FRA,2010,1.0,0.7471264367816092,0.7740863787375415,0.8142857142857143,0.0,,0.6,,,,0.5,0.0,0.5,0.0,0.0,0.5,0.5165059907329025,1.0,0.7,0.7328094302554026,0.9193548387096774,0.0,,0.6,,,,0.5,0.0,0.5,0.0,0.0,0.5,0.3522593576228568,0.7606064077595753,0.48269792625465424,,0.2,0.7615222057047787,0.44038013728466796,0.02767499479625413,0.2463000918174436,0.7598550098679591,0.48872378595430477,0.15033100176008402,0.2571411577378928,0.2,,,,,,,,,,imputed,imputed,observed,observed,imputed,missing,missing,missing,observed,observed,observed,observed,observed,observed,observed,missing
FRA,2011,1.0,0.7471264367816092,0.7740863787375415,0.8428571428571429,0.0,,0.6,,,,0.5,0.0,0.5,0.0,0.0,0.5,0.5185466267446882,1.0,0.7831325301204819,0.7142857142857143,0.9344262295081968,0.0,,0.6,,,,0.5,0.0,1.0,0.0,0.0,0.5,0.3407852120422993,0.7606064077595753,0.49035094240045773,,0.2,0.7615222057047787,0.4458853883678197,0.02767499479625413,0.2463000918174436,0.7598550098679591,0.4968037352594554,0.15033100176008402,0.2571411577378928,0.2,0.5539677153124251,0.20663869244715027,,,0.276421311833234,-0.07642131183323397,,,,observed,imputed,observed,observed,imputed,missing,missing,missing,observed,observed,observed,observed,observed,observed,observed,missing
FRA,2012,1.0,0.7816091954022989,0.7740863787375415,0.8428571428571429,0.0,,0.6,,,,0.5,0.0,0.5,0.0,0.0,0.5,0.5128995912750629,1.0,0.7466666666666667,0.739961759082218,0.8615384615384616,0.0,,0.6,,,,0.5,0.0,0.5,0.0,0.0,0.5,0.34836703685164766,0.7778477870699202,0.48893918353305144,,0.2,0.7775922457169384,0.44538725926092904,0.02767499479625413,0.2463000918174436,0.7780574548527874,0.4953007776349925,0.15033100176008402,0.2571411577378928,0.2,0.5568443929840754,0.2210033940858448,,,0.276421311833234,-0.07642131183323397,,,,observed,imputed,observed,observed,imputed,missing,missing,missing,observed,observed,observed,observed,observed,observed,observed,missing
FRA,2013,1.0,0.8275862068965517,0.7740863787375415,0.8571428571428571,0.0,,0.6,,,,0.5,0.0,0.5,0.0,0.0,0.5,0.5079514030665997,1.0,0.8214285714285714,0.7333333333333334,0.9183673469387755,0.0,,0.6,,,,0.5,0.0,0.5,0.0,0.0,0.5,0.3382751383998715,0.8008362928170466,0.4912735650523642,,0.2,0.7990189657331515,0.44761339852735743,0.02767499479625413,0.2463000918174436,0.8023273814992252,0.4977522352736813,0.15033100176008402,0.2571411577378928,0.2,0.5563137296306668,0.24452256318637977,,,0.2769332559116068,-0.07693325591160677,,,,observed,imputed,observed,observed,imputed,missing,missing,missing,observed,observed,observed,observed,observed,observed,observed,missing
FRA,2014,1.0,0.8390804597701149,0.7740863787375415,0.8571428571428571,0.0,,0.6,,,,0.5,0.0,0.5,0.0,0.0,0.5,0.501451515757165,1.0,0.8292682926829268,0.739961759082218,0.8813559322033898,0.0,,0.6,,,,0.6,0.0,0.5,0.0,0.0,0.5,0.32830455809652015,0.8065834192538281,0.48964859322500554,,0.2,0.8043756457372047,0.44704003873924303,0.02767499479625413,0.2463000918174436,0.8083948631608346,0.4960222912628084,0.15033100176008402,0.2571411577378928,0.2,0.5571911958565029,0.24939222339732525,,,0.2776158480161038,-0.07761584801610377,,,,observed,imputed,observed,observed,imputed,missing,missing,missing,observed,observed,observed,observed,observed,observed,observed,missing
FRA,2015,1.0,0.8735632183908046,0.7740863787375415,0.8571428571428571,0.0,,0.6,,,,0.5,0.5,1.0,0.0,0.0,0.5,0.5057441045655929,1.0,0.8571428571428571,0.7714285714285716,0.8571428571428571,0.0,,0.6,,,,0.5,1.0,1.0,0.0,0.0,0.5,0.34384638987019017,0.8238247985641731,0.4907217404271125,,0.4,0.8204456857493645,0.44741869112081434,0.02767499479625413,0.28940648033474775,0.8265973081456631,0.4971647631160513,0.15033100176008402,0.45581995865416014,0.4,0.5565803882894254,0.26724441027474777,,,0.27778649604222805,0.12221350395777197,,,,observed,imputed,observed,observed,observed,missing,missing,missing,observed,observed,observed,observed,observed,observed,observed,missing
FRA,2016,1.0,0.8735632183908046,0.7740863787375415,0.8571428571428571,0.0,,0.625,,,,0.5,0.0,0.5,0.0,0.0,0.5,0.5032007184469307,1.0,0.8472222222222222,0.7667238421955404,0.8939393939393939,0.0,,0.625,,,,0.5,0.0,0.5,0.0,0.0,0.5,0.3651642468330211,0.8238247985641731,0.4963358938974469,,0.2,0.8204456857493645,0.4573213906333825,0.02767499479625413,0.2463000918174436,0.8265973081456631,0.5021735086621792,0.15033100176008402,0.2571411577378928,0.2,0.5569837715485065,0.2668410270156666,,,0.27829844012060084,-0.07829844012060083,,,,observed,imputed,observed,observed,observed,missing,missing,missing,observed,observed,observed,observed,observed,observed,observed,missing
FRA,2017,1.0,0.8735632183908046,0.7740863787375415,0.8571428571428571,0.0,,0.65,,,,0.5,0.0,0.5,0.0,0.0,0.5,0.509220860899659,1.0,0.8472222222222222,0.7667238421955404,0.9152542372881356,0.0,,0.65,,,,0.5,0.0,1.0,0.0,0.0,0.5,0.3758797156305432,0.8238247985641731,0.5040909295106291,,0.2,0.8204456857493645,0.4679794852310435,0.02767499479625413,0.2463000918174436,0.8265973081456631,0.5094614360246612,0.15033100176008402,0.2571411577378928,0.2,0.5590940650100178,0.26473073355415533,,,0.27829844012060084,-0.07829844012060083,,,,observed,imputed,observed,observed,observed,missing,missing,missing,observed,observed,observed,observed,observed,observed,observed,missing
FRA,2018,1.0,0.7931034482758621,0.7740863787375415,0.8428571428571429,0.0,,0.65,,,,0.5,0.0,0.5,0.0,0.0,0.5,0.5172726984590854,1.0,0.7567567567567568,0.739961759082218,0.8596491228070176,0.0,,0.65,,,,0.5,0.0,0.5,0.0,0.0,0.5,0.38342389658097586,0.7835949135067017,0.5025324603290571,,0.2,0.7829489257209917,0.46602712113171174,0.02767499479625413,0.2463000918174436,0.7841249365143969,0.5078360141848939,0.15033100176008402,0.2571411577378928,0.2,0.5620090905850688,0.22158582292163298,,,0.27829844012060084,-0.07829844012060083,,,,observed,imputed,observed,observed,observed,missing,missing,missing,observed,observed,observed,observed,observed,observed,observed,missing
FRA,2019,1.0,0.7931034482758621,0.7740863787375415,0.8428571428571429,0.0,,0.65,,,,0.5,0.0,0.5,0.0,0.0,0.5,0.5228458961170301,1.0,0.75,0.7667238421955404,0.8833333333333333,0.0,,0.65,,,,0.5,0.0,0.5,0.0,0.0,0.5,0.3843549477846824,0.7835949135067017,0.5039257597435433,,0.2,0.7829489257209917,0.46651873695151835,0.02767499479625413,0.2463000918174436,0.7841249365143969,0.5093193198870984,0.15033100176008402,0.2571411577378928,0.2,0.5614232805709292,0.22217163293577258,,,0.27710390393773104,-0.07710390393773103,,,,observed,observed,observed,observed,observed,missing,missing,missing,observed,observed,observed,observed,observed,observed,observed,missing
FRA,2020,1.0,0.8045977011494253,0.7682724252491694,0.8571428571428571,0.0,,0.65,,,,0.5,0.0,0.5,0.0,0.0,0.5,0.4739781236144424,1.0,0.7536231884057971,0.735378715244487,0.8387096774193549,0.0,,0.631578947368421,,,,0.5,0.0,0.5,0.0,0.0,0.5,0.4087682779586815,0.7864350631992973,0.4952802451893249,,0.2,0.7852011357270952,0.46487069773666767,0.02767499479625413,0.2463000918174436,0.7874474815740284,0.5000815868994575,0.15033100176008402,0.2571411577378928,0.2,0.561947005235717,0.2244880579635804,,,0.27710390393773104,-0.07710390393773103,,,,observed,imputed,observed,observed,observed,missing,missing,missing,observed,observed,observed,observed,observed,observed,observed,missing
FRA,2021,1.0,0.8390804597701149,0.7624584717607973,0.8571428571428571,0.0,,0.65,,,,0.5,0.5,1.0,0.0,0.0,0.5,0.4629262607894245,1.0,0.825,0.7662771285475792,0.8412698412698413,0.0,,0.65,,,,0.5,0.5,1.0,0.0,0.0,0.5,0.48143927466135283,0.800769465765456,0.49251727948307045,,0.4,0.7981667057413051,0.46389580487684473,0.02767499479625413,0.28940648033474775,0.8029049899568789,0.49714013530300055,0.15033100176008402,0.45581995865416014,0.4,0.5586972592265325,0.24207220653892358,,,0.2771882358111064,0.12281176418889361,,,,observed,observed,observed,observed,observed,missing,missing,missing,observed,observed,observed,observed,observed,observed,observed,missing
FRA,2022,1.0,0.8390804597701149,0.7624584717607973,0.8571428571428571,0.0,,0.65,,,,0.5,0.0,0.5,0.0,0.0,0.5,0.4835400197674368,1.0,0.7878787878787878,0.7662771285475792,0.8387096774193549,0.0,,0.65,,,,0.75,0.0,0.5,0.0,0.0,0.5,0.32258591104031453,0.800769465765456,0.49767071922757344,,0.2,0.7981667057413051,0.4657141595524279,0.02767499479625413,0.2463000918174436,0.8029049899568789,0.5026264840945904,0.15033100176008402,0.2571411577378928,0.2,0.5576586933064702,0.24311077245898582,,,0.27761386373673025,-0.07761386373673024,,,,imputed,imputed,observed,observed,observed,missing,missing,missing,observed,observed,observed,observed,observed,observed,observed,missing
FRA,2023,1.0,0.8390804597701149,0.7624584717607973,0.8571428571428571,0.0,0.0,0.65,,,1.0,0.5,0.0,0.5,0.0,0.0,0.5,0.4835400197674368,1.0,0.7846153846153846,0.7276264591439687,0.8541666666666666,0.0,0.0,0.65,,,1.0,0.5,0.0,1.0,0.0,0.0,0.5,0.3296025755407914,0.800769465765456,0.49767071922757344,0.75,0.2,0.7981667057413051,0.4657141595524279,0.055961294159934775,0.2463000918174436,0.8029049899568789,0.5026264840945904,0.32888762343370825,0.2571411577378928,0.2,0.5595958099625401,0.24117365580291594,,,0.27761386373673025,-0.07761386373673024,0.4944646097035213,0.4944646097035213,0.6244155307402679,imputed,imputed,imputed,observed,imputed,missing,missing,carried_forward,observed,observed,observed,observed,observed,observed,observed,observed
FSM,2011,1.0,0.26436781609195403,,0.5,0.75,,,,,,0.0,0.0,0.5,0.0,0.0,0.5,0.4115879353837778,1.0,0.27710843373493976,,0.5409836065573771,0.75,,,,,,0.0,0.0,1.0,0.0,0.0,0.5,0.19433541033258034,0.26436781609195403,0.5538626451279259,,0.2,0.12320364009322482,0.36974092743051334,0.0,0.2463000918174436,0.1395520782170177,0.42341435926787624,0.0,0.2571411577378928,0.2,,,,,,,,,,observed,imputed,observed,observed,imputed,missing,missing,missing,observed,observed,observed,observed,observed,observed,observed,missing
FSM,2022,1.0,0.26436781609195403,,0.6142857142857143,0.75,,,,,,0.0,0.0,0.5,0.0,0.0,0.5,0.560753374727045,1.0,0.030303030303030304,,0.5645161290322581,0.75,,,,,,0.0,0.0,0.5,0.0,0.0,0.5,0.43005328268978515,0.26436781609195403,0.6416796963375865,,0.2,0.12320364009322482,0.4041998997342191,0.0,0.2463000918174436,0.1395520782170177,0.49326205545361745,0.0,0.2571411577378928,0.2,0.5807176860287777,-0.3163498699368237,,,0.26168662014230554,-0.061686620142305526,,,,imputed,imputed,observed,observed,imputed,missing,missing,missing,observed,observed,observed,observed,observed,observed,observed,missing
GAB,2018,1.0,0.3103448275862069,,0.4142857142857143,0.5,,,,,,0.0,0.5,1.0,0.0,0.0,0.5,0.9421157265547745,1.0,0.1891891891891892,,0.3333333333333333,0.5,,,,,,0.0,1.0,1.0,0.0,0.0,0.5,0.9834260673181059,0.3103448275862069,0.6188004802801629,,0.4,0.14463036010943783,0.32048254553517735,0.0,0.28940648033474775,0.16382200486345558,0.4813451824003398,0.0,0.45581995865416014,0.4,,,,,,,,,,observed,imputed,observed,observed,imputed,missing,missing,missing,observed,observed,observed,observed,observed,observed,observed,missing
GAB,2023,1.0,0.3103448275862069,,0.37142857142857144,0.5,0.5,,,,,0.0,0.0,0.5,0.5,0.0,1.0,0.9421157265547745,1.0,0.07692307692307693,,0.14583333333333334,0.5,0.5,,,,,0.0,0.0,1.0,1.0,0.0,1.0,0.9817419901867157,0.3103448275862069,0.6045147659944486,,0.4,0.14463036010943783,0.3124946778911372,0.0,0.6276085012649691,0.16382200486345558,0.4700399308851274,0.0,0.49148157841267115,0.4,0.6051270452760057,-0.2947822176897988,,,0.2630518043512996,0.13694819564870042,,,,imputed,imputed,imputed,observed,imputed,missing,missing,missing,observed,observed,observed,observed,observed,observed,observed,observed
GBR,2010,1.0,0.8620689655172413,0.8687707641196012,0.8857142857142857,0.0,,1.0,,,,0.5,0.0,0.5,0.0,0.0,0.5,0.5886471903281107,1.0,0.8428571428571429,0.8447937131630647,1.0,0.0,,1.0,,,,0.5,0.0,0.5,0.0,0.0,0.5,0.45402137393243536,0.8654198648184213,0.6185903690105992,,0.2,0.8656475171404937,0.6220897329602275,0.02767499479625413,0.2463000918174436,0.8652330797162652,0.617736918971605,0.15033100176008402,0.2571411577378928,0.2,,,,,,,,,,imputed,imputed,observed,observed,imputed,missing,missing,missing,observed,observed,observed,observed,observed,observed,observed,missing
GBR,2011,1.0,0.8620689655172413,0.8687707641196012,0.8857142857142857,0.0,,1.0,,,,0.5,0.0,0.5,0.0,0.0,0.5,0.5883339572712135,1.0,0.9036144578313253,0.8340336134453781,0.9836065573770492,0.0,,1.0,,,,0.5,0.0,1.0,0.0,0.0,0.5,0.4363393048179279,0.8654198648184213,0.6185120607463748,,0.2,0.8656475171404937,0.6220621024444073,0.02767499479625413,0.2463000918174436,0.8652330797162652,0.6176535520415353,0.15033100176008402,0.2571411577378928,0.2,0.6050480669508329,0.26037179786758835,,,0.2795335122963872,-0.07953351229638717,,,,imputed,imputed,observed,observed,imputed,missing,missing,missing,observed,observed,observed,observed,observed,observed,observed,missing
GBR,2012,1.0,0.8620689655172413,0.8687707641196012,0.9,0.0,,1.0,,,,0.5,0.0,0.5,0.0,0.0,0.5,0.5835125993175079,1.0,0.84,0.8489483747609942,0.9230769230769231,0.0,,1.0,,,,0.5,0.0,0.5,0.0,0.0,0.5,0.44992215763391646,0.8654198648184213,0.620878149829377,,0.2,0.8656475171404937,0.6242994294998746,0.02767499479625413,0.2463000918174436,0.8652330797162652,0.6201387655330828,0.15033100176008402,0.2571411577378928,0.2,0.6050186318064521,0.26040123301196916,,,0.2795335122963872,-0.07953351229638717,,,,imputed,imputed,observed,observed,imputed,missing,missing,missing,observed,observed,observed,observed,observed,observed,observed,missing
GBR,2013,1.0,0.8620689655172413,0.8687707641196012,0.9,0.0,,1.0,,,,0.5,0.0,0.5,0.5,0.0,1.0,0.579161492787578,1.0,0.8571428571428571,0.8450980392156862,0.9795918367346939,0.0,,1.0,,,,0.5,0.0,0.5,1.0,0.0,1.0,0.44274922625624774,0.8654198648184213,0.6197903731968946,,0.4,0.8656475171404937,0.623915615227519,0.02767499479625413,0.6276085012649691,0.8652330797162652,0.6189807191972339,0.15033100176008402,0.49148157841267115,0.4,0.6059080165280485,0.25951184829037277,,,0.2795335122963872,0.12046648770361285,,,,imputed,imputed,observed,observed,imputed,missing,missing,missing,observed,observed,observed,observed,observed,observed,observed,missing
GBR,2014,1.0,0.8620689655172413,0.8687707641196012,0.9142857142857143,0.0,,1.0,,,,0.5,0.5,1.0,0.0,0.0,0.5,0.5829370159950282,1.0,0.8536585365853658,0.8489483747609942,0.9491525423728814,0.0,,1.0,,,,0.6,1.0,1.0,0.0,0.0,0.5,0.4423789032350981,0.8654198648184213,0.6243056825701856,,0.4,0.8656475171404937,0.6269112794242857,0.02767499479625413,0.28940648033474775,0.8652330797162652,0.623753991291788,0.15033100176008402,0.45581995865416014,0.4,0.6054991342402304,0.2599207305781909,,,0.2795335122963872,0.12046648770361285,,,,imputed,imputed,observed,observed,imputed,missing,missing,missing,observed,observed,observed,observed,observed,observed,observed,missing
GBR,2015,1.0,0.8620689655172413,0.8687707641196012,0.9142857142857143,0.0,,1.0,,,,0.5,0.0,0.5,0.0,0.0,0.5,0.5862927687315854,1.0,0.8428571428571429,0.8672268907563024,0.9206349206349206,0.0,,1.0,,,,0.5,0.0,0.5,0.0,0.0,0.5,0.4532119175466209,0.8654198648184213,0.625144620754325,,0.2,0.8656475171404937,0.6272072928144261,0.02767499479625413,0.2463000918174436,0.8652330797162652,0.624647124368134,0.15033100176008402,0.2571411577378928,0.2,0.6071963852857365,0.25822347953268476,,,0.2795335122963872,-0.07953351229638717,,,,imputed,imputed,observed,observed,observed,missing,missing,missing,observed,observed,observed,observed,observed,observed,observed,missing
GBR,2016,1.0,0.8620689655172413,0.8687707641196012,0.9142857142857143,0.0,,1.0,,,,0.5,0.0,0.5,0.0,0.0,0.5,0.5898481347086991,1.0,0.8333333333333334,0.8644939965694681,0.9545454545454546,0.0,,1.0,,,,0.5,0.0,0.5,0.0,0.0,0.5,0.4840016106581759,0.8654198648184213,0.6260334622486033,,0.2,0.8656475171404937,0.627520914233731,0.02767499479625413,0.2463000918174436,0.8652330797162652,0.6255933844778502,0.15033100176008402,0.2571411577378928,0.2,0.607511732162867,0.25790813265555423,,,0.2795335122963872,-0.07953351229638717,,,,observed,imputed,observed,observed,imputed,missing,missing,missing,observed,observed,observed,observed,observed,observed,observed,missing
GBR,2017,1.0,0.8735632183908046,0.8687707641196012,0.9285714285714286,0.0,,1.0,,,,0.5,0.0,0.5,0.0,0.0,0.5,0.5981512217470539,1.0,0.8472222222222222,0.8644939965694681,1.0,0.0,,1.0,,,,0.5,0.0,1.0,0.0,0.0,0.5,0.49952106931854695,0.8711669912552029,0.6316806625796206,,0.2,0.871004197144547,0.6309159581297417,0.02767499479625413,0.2463000918174436,0.8713005613778746,0.6315716669918541,0.15033100176008402,0.2571411577378928,0.2,0.6078458371002555,0.2633211541549474,,,0.2795335122963872,-0.07953351229638717,,,,observed,imputed,observed,observed,imputed,missing,missing,missing,observed,observed,observed,observed,observed,observed,observed,missing
GBR,2018,1.0,0.9195402298850575,0.8687707641196012,0.9285714285714286,0.0,,1.0,,,,0.5,0.0,0.5,0.0,0.0,0.5,0.5912090610145946,1.0,0.9054054054054054,0.8489483747609942,0.9649122807017544,0.0,,1.0,,,,0.5,0.0,0.5,0.0,0.0,0.5,0.48784358831644004,0.8941554970023293,0.6299451223965058,,0.2,0.8924309171607601,0.6303035850812365,0.02767499479625413,0.2463000918174436,0.8955704880243125,0.6297240119772507,0.15033100176008402,0.2571411577378928,0.2,0.6099685524833247,0.2841869445190046,,,0.27970416032251144,-0.07970416032251143,,,,observed,imputed,observed,observed,observed,missing,missing,missing,observed,observed,observed,observed,observed,observed,observed,missing
GBR,2019,1.0,0.9195402298850575,0.8687707641196012,0.9285714285714286,0.0,,1.0,,1.0,,0.5,0.0,0.5,0.0,0.0,0.5,0.5803842871328473,1.0,0.9117647058823529,0.8644939965694681,0.9833333333333333,0.0,,1.0,,0.0,,0.5,0.0,0.5,0.0,0.0,0.5,0.4635153425642427,0.8941554970023293,0.6272389289260689,0.75,0.2,0.8924309171607601,0.6293487239023026,0.30395867765943546,0.2463000918174436,0.8955704880243125,0.6268430000682289,0.39903904338763196,0.2571411577378928,0.2,0.6093161835874671,0.28483931341486224,,,0.2803867524270085,-0.08038675242700849,0.538560290558257,0.538560290558257,0.6563768430152341,observed,observed,observed,observed,observed,missing,carried_forward,missing,observed,observed,observed,observed,observed,observed,observed,missing
GBR,2020,1.0,0.9425287356321839,0.8596345514950166,0.9428571428571428,0.0,,1.0,,1.0,,0.5,0.5,1.0,0.0,0.0,0.5,0.4793422145989006,1.0,0.927536231884058,0.8408437200383507,0.9354838709677419,0.0,,1.0,,0.0,,0.5,1.0,1.0,0.0,0.0,0.5,0.4152440041576692,0.9010816435636002,0.6055498393640109,0.75,0.4,0.8982658243149454,0.6230983517258365,0.30395867765943546,0.28940648033474775,0.9033919795444233,0.603719085126369,0.39903904338763196,0.45581995865416014,0.4,0.6082989576750613,0.29278268588853895,0.613234362516601,-0.007684523152590161,0.2803867524270085,0.11961324757299152,0.6360757264871328,0.6360757264871328,0.7912744377475524,observed,imputed,observed,observed,observed,missing,carried_forward,missing,observed,observed,observed,observed,observed,observed,observed,missing
GBR,2021,1.0,0.9195402298850575,0.8504983388704319,0.9428571428571428,0.0,,1.0,,1.0,,0.5,0.0,0.5,0.0,0.0,0.5,0.4766520569933477,1.0,0.9125,0.8547579298831385,0.9365079365079365,0.0,,1.0,,0.0,,0.5,0.0,0.5,0.0,0.0,0.5,0.49571398302915537,0.8850192843777447,0.6048772999626226,0.75,0.2,0.8826740114529179,0.6228610509664102,0.30395867765943546,0.2463000918174436,0.8869435444180963,0.6030031000920938,0.39903904338763196,0.2571411577378928,0.2,0.6001462870844196,0.28487299729332505,0.613234362516601,-0.00835706255397839,0.2805924088106516,-0.0805924088106516,0.5323261731523544,0.5323261731523544,0.6458793135893364,observed,observed,observed,observed,observed,missing,carried_forward,missing,observed,observed,observed,observed,observed,observed,observed,missing
GBR,2022,1.0,0.9195402298850575,0.8504983388704319,0.9428571428571428,0.0,,1.0,,1.0,,0.5,0.0,0.5,0.0,0.0,0.5,0.5252823429832657,1.0,0.8939393939393939,0.8547579298831385,0.9354838709677419,0.0,,1.0,,1.0,,0.75,0.0,0.5,0.0,0.0,0.5,0.380683862682158,0.8850192843777447,0.6170348714601022,0.75,0.2,0.8826740114529179,0.6271507638712246,0.30395867765943546,0.2463000918174436,0.8869435444180963,0.6159460432525354,0.39903904338763196,0.2571411577378928,0.2,0.599893487529,0.28512579684874473,0.613234362516601,0.0038005089435011463,0.2801154730897977,-0.08011547308979766,0.5349810828139154,0.5349810828139154,0.6495416384131065,imputed,imputed,observed,observed,imputed,missing,carried_forward,missing,observed,observed,observed,observed,observed,observed,observed,missing
GBR,2023,1.0,0.9195402298850575,0.8504983388704319,0.9428571428571428,0.0,0.0,1.0,,1.0,,0.5,0.0,0.5,0.0,0.0,0.5,0.5252823429832657,1.0,0.8923076923076924,0.8307392996108949,0.9791666666666666,0.0,0.0,1.0,,1.0,,0.5,0.0,1.0,0.0,0.0,0.5,0.3889642334416004,0.8850192843777447,0.6170348714601022,0.75,0.2,0.8826740114529179,0.6271507638712246,0.30395867765943546,0.2463000918174436,0.8869435444180963,0.6159460432525354,0.39903904338763196,0.2571411577378928,0.2,0.6044633739374417,0.28055591044030304,0.613234362516601,0.0038005089435011463,0.2801154730897977,-0.08011547308979766,0.5349810828139154,0.5349810828139154,0.6755801936190121,imputed,imputed,imputed,observed,imputed,missing,carried_forward,missing,observed,observed,observed,observed,observed,observed,observed,observed
GEO,2017,1.0,0.7011494252873564,,0.6857142857142857,1.0,,0.975,,1.0,0.0,0.0,0.0,0.5,0.0,0.0,0.5,0.7307983891703738,1.0,0.6388888888888888,,0.711864406779661,1.0,,0.975,,0.0,0.0,0.0,0.0,1.0,0.0,0.0,0.5,0.6839426232942718,0.7011494252873564,0.8478781687211648,0.3333333333333333,0.2,0.32675748024724843,0.9075487805608136,0.27628368286318133,0.2463000918174436,0.3701163813581774,0.839761187450128,0.24870804162754795,0.2571411577378928,0.2,,,,,,,0.44618317967902876,0.44618317967902876,0.6811547440250137,observed,imputed,observed,observed,observed,missing,carried_forward,carried_forward,observed,observed,observed,observed,observed,observed,observed,missing
GEO,2022,1.0,0.7011494252873564,,0.7,1.0,,0.975,,1.0,0.0,0.0,0.0,0.5,0.5,0.0,1.0,0.7159135904720892,1.0,0.6060606060606061,,0.6612903225806451,1.0,,0.975,,1.0,0.0,0.0,0.0,0.5,1.0,0.0,1.0,0.646008936726675,0.7011494252873564,0.8477283976180223,0.3333333333333333,0.4,0.32675748024724843,0.9088984041872323,0.27628368286318133,0.6276085012649691,0.3701163813581774,0.8395680177303869,0.24870804162754795,0.49148157841267115,0.4,0.6912346215383223,0.009914803749034085,0.5907650035190783,0.256963394098944,0.27465587012774917,0.12534412987225085,0.5305807785367505,0.5305807785367505,0.7975773198430909,imputed,imputed,observed,observed,observed,missing,carried_forward,carried_forward,observed,observed,observed,observed,observed,observed,observed,missing
GHA,2011,1.0,0.2988505747126437,,0.24285714285714285,1.0,,0.825,,,,0.5,0.0,0.0,0.0,1.0,0.0,0.8559110860140686,1.0,0.3132530120481928,,0.2459016393442623,1.0,,0.825,,,,0.5,0.0,0.0,0.0,1.0,0.0,0.8027108165468789,0.2988505747126437,0.7309420572178029,,0.2,0.13927368010538457,0.7752814428640069,0.02767499479625413,0.15117040407034077,0.1577545232018461,0.7221249759794883,0.15033100176008402,0.13396155686684127,0.2,,,,,,,,,,observed,imputed,observed,observed,imputed,missing,missing,missing,observed,observed,observed,observed,observed,observed,observed,missing
GHA,2014,1.0,0.6436781609195402,,0.34285714285714286,1.0,,0.825,,,,0.5,0.0,0.0,0.0,1.0,0.0,0.8786207337881171,1.0,0.6219512195121951,,0.2711864406779661,1.0,,0.825,,,,0.6,0.0,0.0,0.0,1.0,0.0,0.856316675929947,0.6436781609195402,0.761619469161315,,0.2,0.29997408022698213,0.7959230352511026,0.02767499479625413,0.15117040407034077,0.33977897305013005,0.7545480654549733,0.15033100176008402,0.13396155686684127,0.2,0.6472797291713699,-0.0036015682518296677,,,0.26271050829905107,-0.06271050829905106,,,,observed,imputed,observed,observed,imputed,missing,missing,missing,observed,observed,observed,observed,observed,observed,observed,missing
GHA,2015,1.0,0.5287356321839081,,0.38571428571428573,1.0,,0.825,,,,0.5,0.0,0.5,0.0,0.0,0.5,0.852173385848928,1.0,0.42857142857142855,,0.3333333333333333,1.0,,0.825,,,,0.5,0.0,0.5,0.0,0.0,0.5,0.8142132363276462,0.5287356321839081,0.7657219178908035,,0.2,0.24640728018644964,0.801577963093465,0.02767499479625413,0.2463000918174436,0.2791041564340354,0.758814359370958,0.15033100176008402,0.2571411577378928,0.2,0.6588110031528462,-0.13007537096893818,,,0.2729493898665066,-0.07294938986650656,,,,imputed,imputed,observed,observed,imputed,missing,missing,missing,observed,observed,observed,observed,observed,observed,observed,missing
GHA,2020,1.0,0.41379310344827586,,0.4142857142857143,1.0,,0.825,,1.0,,0.5,0.0,0.5,0.0,0.0,0.5,0.8576884676238021,1.0,0.2608695652173913,,0.3387096774193548,1.0,,0.8157894736842105,,0.0,,0.5,0.0,0.5,0.0,0.0,0.5,0.8719973944526846,0.41379310344827586,0.7742435454773791,0.75,0.2,0.1928404801459171,0.8073896975649745,0.30395867765943546,0.2463000918174436,0.21842933981794074,0.7678190318832683,0.39903904338763196,0.2571411577378928,0.2,0.6603530647968271,-0.24655996134855124,,,0.2695364293440214,-0.06953642934402138,0.46820713237545863,0.46820713237545863,0.7039443523088952,observed,imputed,observed,observed,observed,missing,carried_forward,missing,observed,observed,observed,observed,observed,observed,observed,missing
GIN,2011,1.0,0.0,,0.05714285714285714,1.0,,,,,,0.0,0.0,0.5,0.0,0.0,0.5,0.8900173739868584,1.0,0.0,,0.03278688524590164,1.0,,,,,,0.0,0.0,1.0,0.0,0.0,0.5,0.8494097715089914,0.0,0.6490534103765718,,0.2,0.0,0.4094831262856594,0.0,0.2463000918174436,0.0,0.4945859127967487,0.0,0.2571411577378928,0.2,,,,,,,,,,observed,imputed,observed,observed,imputed,missing,missing,missing,observed,observed,observed,observed,observed,observed,observed,missing
GIN,2014,1.0,0.4482758620689655,,0.21428571428571427,1.0,,,,1.0,,0.0,0.0,0.5,0.0,0.0,0.5,0.8398658783869142,1.0,0.4146341463414634,,0.11864406779661017,1.0,,,,0.0,,0.0,0.0,0.5,0.0,0.0,0.5,0.8020624253218338,0.4482758620689655,0.6847171975575428,0.5,0.2,0.20891052015807685,0.43434807440263945,0.27628368286318133,0.2463000918174436,0.23663178480276917,0.5226906888209355,0.24870804162754795,0.2571411577378928,0.2,0.616498761583969,-0.16822289951500347,,,0.25383681094058963,-0.05383681094058962,0.41856619252040395,0.41856619252040395,0.7068262649944531,observed,imputed,observed,observed,imputed,missing,carried_forward,missing,observed,observed,observed,observed,observed,observed,observed,missing
GIN,2017,1.0,0.5402298850574713,,0.21428571428571427,1.0,,,1.0,1.0,,0.0,0.0,0.5,0.0,0.0,0.5,0.8837097161368119,1.0,0.4444444444444444,,0.15254237288135594,1.0,,,1.0,0.0,,0.0,0.0,1.0,0.0,0.0,0.5,0.8965377739290753,0.5402298850574713,0.699331810140842,0.6666666666666666,0.2,0.2517639601905029,0.4382155712261481,0.9163637110438112,0.2463000918174436,0.2851716380956449,0.5343597195161324,0.5207813748777301,0.2571411577378928,0.2,0.6299043546619669,-0.08967446960449565,0.5997527471180873,0.09957906302275465,0.2671473569782818,-0.06714735697828178,0.47375101810112136,0.47375101810112136,0.7624543572085258,observed,imputed,observed,observed,imputed,carried_forward,carried_forward,missing,observed,observed,observed,observed,observed,observed,observed,missing
GMB,2011,1.0,0.45977011494252873,,0.42857142857142855,0.25,,,,,,0.0,0.0,0.5,0.0,0.0,0.5,0.8608779094797653,1.0,0.4819277108433735,,0.45901639344262296,0.25,,,,,,0.0,0.0,1.0,0.0,0.0,0.5,0.8095114823218933,0.45977011494252873,0.513149779350398,,0.2,0.2142672001621301,0.2358982321242624,0.0,0.2463000918174436,0.24269926646437862,0.4028336028934209,0.0,0.2571411577378928,0.2,,,,,,,,,,observed,imputed,observed,observed,imputed,missing,missing,missing,observed,observed,observed,observed,observed,observed,observed,missing
GMB,2011,1.0,0.45977011494252873,,0.42857142857142855,0.25,,,,,,0.0,0.0,0.5,0.0,0.0,0.5,0.8608779094797653,1.0,0.4819277108433735,,0.45901639344262296,0.25,,,,,,0.0,0.0,1.0,0.0,0.0,0.5,0.8095114823218933,0.45977011494252873,0.513149779350398,,0.2,0.2142672001621301,0.2358982321242624,0.0,0.2463000918174436,0.24269926646437862,0.4028336028934209,0.0,0.2571411577378928,0.2,0.5654142044079614,-0.10564408946543269,,,0.26748865303053027,-0.06748865303053025,,,,observed,imputed,observed,observed,imputed,missing,missing,missing,observed,observed,observed,observed,observed,observed,observed,missing
GMB,2011,1.0,0.45977011494252873,,0.42857142857142855,0.25,,,,,,0.0,0.0,0.5,0.0,0.0,0.5,0.8608779094797653,1.0,0.4819277108433735,,0.45901639344262296,0.25,,,,,,0.0,0.0,1.0,0.0,0.0,0.5,0.8095114823218933,0.45977011494252873,0.513149779350398,,0.2,0.2142672001621301,0.2358982321242624,0.0,0.2463000918174436,0.24269926646437862,0.4028336028934209,0.0,0.2571411577378928,0.2,0.5654142044079614,-0.10564408946543269,,,0.26748865303053027,-0.06748865303053025,,,,observed,imputed,observed,observed,imputed,missing,missing,missing,observed,observed,observed,observed,observed,observed,observed,missing
GMB,2011,1.0,0.45977011494252873,,0.42857142857142855,0.25,,,,,,0.0,0.0,0.5,0.0,0.0,0.5,0.8608779094797653,1.0,0.4819277108433735,,0.45901639344262296,0.25,,,,,,0.0,0.0,1.0,0.0,0.0,0.5,0.8095114823218933,0.45977011494252873,0.513149779350398,,0.2,0.2142672001621301,0.2358982321242624,0.0,0.2463000918174436,0.24269926646437862,0.4028336028934209,0.0,0.2571411577378928,0.2,0.5654142044079614,-0.10564408946543269,,,0.26748865303053027,-0.06748865303053025,,,,observed,imputed,observed,observed,imputed,missing,missing,missing,observed,observed,observed,observed,observed,observed,observed,missing
GMB,2011,1.0,0.45977011494252873,,0.42857142857142855,0.25,,,,,,0.0,0.0,0.5,0.0,0.0,0.5,0.8608779094797653,1.0,0.4819277108433735,,0.45901639344262296,0.25,,,,,,0.0,0.0,1.0,0.0,0.0,0.5,0.8095114823218933,0.45977011494252873,0.513149779350398,,0.2,0.2142672001621301,0.2358982321242624,0.0,0.2463000918174436,0.24269926646437862,0.4028336028934209,0.0,0.2571411577378928,0.2,0.5654142044079614,-0.10564408946543269,,,0.26748865303053027,-0.06748865303053025,,,,observed,imputed,observed,observed,imputed,missing,missing,missing,observed,observed,observed,observed,observed,observed,observed,missing
GMB,2011,1.0,0.45977011494252873,,0.42857142857142855,0.25,,,,,,0.0,0.0,0.5,0.0,0.0,0.5,0.8608779094797653,1.0,0.4819277108433735,,0.45901639344262296,0.25,,,,,,0.0,0.0,1.0,0.0,0.0,0.5,0.8095114823218933,0.45977011494252873,0.513149779350398,,0.2,0.2142672001621301,0.2358982321242624,0.0,0.2463000918174436,0.24269926646437862,0.4028336028934209,0.0,0.2571411577378928,0.2,0.5654142044079614,-0.10564408946543269,,,0.26748865303053027,-0.06748865303053025,,,,observed,imputed,observed,observed,imputed,missing,missing,missing,observed,observed,observed,observed,observed,observed,observed,missing
GMB,2011,1.0,0.45977011494252873,,0.42857142857142855,0.25,,,,,,0.0,0.0,0.5,0.0,0.0,0.5,0.8608779094797653,1.0,0.4819277108433735,,0.45901639344262296,0.25,,,,,,0.0,0.0,1.0,0.0,0.0,0.5,0.8095114823218933,0.45977011494252873,0.513149779350398,,0.2,0.2142672001621301,0.2358982321242624,0.0,0.2463000918174436,0.24269926646437862,0.4028336028934209,0.0,0.2571411577378928,0.2,0.5654142044079614,-0.10564408946543269,,,0.26748865303053027,-0.06748865303053025,,,,observed,imputed,observed,observed,imputed,missing,missing,missing,observed,observed,observed,observed,observed,observed,observed,missing
GMB,2011,1.0,0.45977011494252873,,0.42857142857142855,0.25,,,,,,0.0,0.0,0.5,0.0,0.0,0.5,0.8608779094797653,1.0,0.4819277108433735,,0.45901639344262296,0.25,,,,,,0.0,0.0,1.0,0.0,0.0,0.5,0.8095114823218933,0.45977011494252873,0.513149779350398,,0.2,0.2142672001621301,0.2358982321242624,0.0,0.2463000918174436,0.24269926646437862,0.4028336028934209,0.0,0.2571411577378928,0.2,0.5654142044079614,-0.10564408946543269,,,0.26748865303053027,-0.06748865303053025,,,,observed,imputed,observed,observed,imputed,missing,missing,missing,observed,observed,observed,observed,observed,observed,observed,missing
GMB,2014,1.0,0.22988505747126436,,0.42857142857142855,0.25,,,,,,0.0,0.0,0.5,0.0,0.0,0.5,0.9270470365445433,1.0,0.18292682926829268,,0.3728813559322034,0.25,,,,,,0.0,0.0,0.5,0.0,0.0,0.5,0.9241103172317273,0.22988505747126436,0.5352061550386573,,0.2,0.10713360008106505,0.24173505895947636,0.0,0.2463000918174436,0.12134963323218931,0.420444505916961,0.0,0.2571411577378928,0.2,0.5654142044079614,-0.33552914693669705,,,0.26748865303053027,-0.06748865303053025,,,,observed,imputed,observed,observed,imputed,missing,missing,missing,observed,observed,observed,observed,observed,observed,observed,missing
GMB,2014,1.0,0.22988505747126436,,0.42857142857142855,0.25,,,,,,0.0,0.0,0.5,0.0,0.0,0.5,0.9270470365445433,1.0,0.18292682926829268,,0.3728813559322034,0.25,,,,,,0.0,0.0,0.5,0.0,0.0,0.5,0.9241103172317273,0.22988505747126436,0.5352061550386573,,0.2,0.10713360008106505,0.24173505895947636,0.0,0.2463000918174436,0.12134963323218931,0.420444505916961,0.0,0.2571411577378928,0.2,0.5737049334814576,-0.3438198760101932,,,0.26066273198555995,-0.06066273198555994,,,,observed,imputed,observed,observed,imputed,missing,missing,missing,observed,observed,observed,observed,observed,observed,observed,missing
GMB,2014,1.0,0.22988505747126436,,0.42857142857142855,0.25,,,,,,0.0,0.0,0.5,0.0,0.0,0.5,0.9270470365445433,1.0,0.18292682926829268,,0.3728813559322034,0.25,,,,,,0.0,0.0,0.5,0.0,0.0,0.5,0.9241103172317273,0.22988505747126436,0.5352061550386573,,0.2,0.10713360008106505,0.24173505895947636,0.0,0.2463000918174436,0.12134963323218931,0.420444505916961,0.0,0.2571411577378928,0.2,0.5737049334814576,-0.3438198760101932,,,0.26066273198555995,-0.06066273198555994,,,,observed,imputed,observed,observed,imputed,missing,missing,missing,observed,observed,observed,observed,observed,observed,observed,missing
GMB,2014,1.0,0.22988505747126436,,0.42857142857142855,0.25,,,,,,0.0,0.0,0.5,0.0,0.0,0.5,0.9270470365445433,1.0,0.18292682926829268,,0.3728813559322034,0.25,,,,,,0.0,0.0,0.5,0.0,0.0,0.5,0.9241103172317273,0.22988505747126436,0.5352061550386573,,0.2,0.10713360008106505,0.24173505895947636,0.0,0.2463000918174436,0.12134963323218931,0.420444505916961,0.0,0.2571411577378928,0.2,0.5737049334814576,-0.3438198760101932,,,0.26066273198555995,-0.06066273198555994,,,,observed,imputed,observed,observed,imputed,missing,missing,missing,observed,observed,observed,observed,observed,observed,observed,missing
GMB,2014,1.0,0.22988505747126436,,0.42857142857142855,0.25,,,,,,0.0,0.0,0.5,0.0,0.0,0.5,0.9270470365445433,1.0,0.18292682926829268,,0.3728813559322034,0.25,,,,,,0.0,0.0,0.5,0.0,0.0,0.5,0.9241103172317273,0.22988505747126436,0.5352061550386573,,0.2,0.10713360008106505,0.24173505895947636,0.0,0.2463000918174436,0.12134963323218931,0.420444505916961,0.0,0.2571411577378928,0.2,0.5737049334814576,-0.3438198760101932,,,0.26066273198555995,-0.06066273198555994,,,,observed,imputed,observed,observed,imputed,missing,missing,missing,observed,observed,observed,observed,observed,observed,observed,missing
GMB,2014,1.0,0.22988505747126436,,0.42857142857142855,0.25,,,,,,0.0,0.0,0.5,0.0,0.0,0.5,0.9270470365445433,1.0,0.18292682926829268,,0.3728813559322034,0.25,,,,,,0.0,0.0,0.5,0.0,0.0,0.5,0.9241103172317273,0.22988505747126436,0.5352061550386573,,0.2,0.10713360008106505,0.24173505895947636,0.0,0.2463000918174436,0.12134963323218931,0.420444505916961,0.0,0.2571411577378928,0.2,0.5737049334814576,-0.3438198760101932,,,0.26066273198555995,-0.06066273198555994,,,,observed,imputed,observed,observed,imputed,missing,missing,missing,observed,observed,observed,observed,observed,observed,observed,missing
GMB,2014,1.0,0.22988505747126436,,0.42857142857142855,0.25,,,,,,0.0,0.0,0.5,0.0,0.0,0.5,0.9270470365445433,1.0,0.18292682926829268,,0.3728813559322034,0.25,,,,,,0.0,0.0,0.5,0.0,0.0,0.5,0.9241103172317273,0.22988505747126436,0.5352061550386573,,0.2,0.10713360008106505,0.24173505895947636,0.0,0.2463000918174436,0.12134963323218931,0.420444505916961,0.0,0.2571411577378928,0.2,0.5737049334814576,-0.3438198760101932,,,0.26066273198555995,-0.06066273198555994,,,,observed,imputed,observed,observed,imputed,missing,missing,missing,observed,observed,observed,observed,observed,observed,observed,missing
GMB,2014,1.0,0.22988505747126436,,0.42857142857142855,0.25,,,,,,0.0,0.0,0.5,0.0,0.0,0.5,0.9270470365445433,1.0,0.18292682926829268,,0.3728813559322034,0.25,,,,,,0.0,0.0,0.5,0.0,0.0,0.5,0.9241103172317273,0.22988505747126436,0.5352061550386573,,0.2,0.10713360008106505,0.24173505895947636,0.0,0.2463000918174436,0.12134963323218931,0.420444505916961,0.0,0.2571411577378928,0.2,0.5737049334814576,-0.3438198760101932,,,0.26066273198555995,-0.06066273198555994,,,,observed,imputed,observed,observed,imputed,missing,missing,missing,observed,observed,observed,observed,observed,observed,observed,missing
GNB,2020,1.0,0.25287356321839083,,0.3142857142857143,0.75,,,1.0,1.0,,0.0,0.0,0.5,0.0,0.0,0.5,0.626821138047625,1.0,0.057971014492753624,,0.22580645161290322,0.75,,,0.0,0.0,,0.0,0.0,0.5,0.0,0.0,0.5,0.5932859372908893,0.25287356321839083,0.5637022841111131,0.6666666666666666,0.2,0.11784696008917157,0.35411271169153635,0.9163637110438112,0.2463000918174436,0.13348459655540826,0.4317092199256933,0.5207813748777301,0.2571411577378928,0.2,,,,,,,0.371298324833033,0.371298324833033,0.663637531976674,observed,imputed,observed,observed,imputed,carried_forward,carried_forward,missing,observed,observed,observed,observed,observed,observed,observed,missing
GRC,2014,1.0,,,0.7428571428571429,0.25,,,,,,0.0,0.0,0.5,0.0,0.0,0.5,0.6839817507085791,1.0,,,0.7457627118644068,0.25,,,,,,0.0,0.0,0.5,0.0,0.0,0.5,0.5838348912145849,,0.5589462978552406,,0.2,0.0,0.2788717893266297,0.0,0.2463000918174436,0.0,0.438657895135611,0.0,0.2571411577378928,0.2,,,,,,,,,,imputed,imputed,observed,observed,imputed,missing,missing,missing,observed,observed,observed,observed,observed,observed,observed,missing
GRC,2017,1.0,,,0.7571428571428571,0.25,,,,,,0.0,0.0,0.5,0.5,0.0,1.0,0.6717383364762958,1.0,,,0.7966101694915254,0.25,,,,,,0.0,0.0,1.0,1.0,0.0,1.0,0.601830453789963,,0.5596270645397176,,0.4,0.0,0.28045441139835336,0.0,0.6276085012649691,0.0,0.439167729486531,0.0,0.49148157841267115,0.4,,,,,,,,,,imputed,imputed,observed,observed,imputed,missing,missing,missing,observed,observed,observed,observed,observed,observed,observed,missing
GRD,2016,1.0,0.6091954022988506,0.159468438538206,0.7857142857142857,1.0,,0.925,1.0,,,1.0,0.0,0.5,0.5,0.0,1.0,0.8573906551166918,1.0,0.5277777777777778,0.13207547169811323,0.8181818181818182,1.0,,0.925,1.0,,,1.0,0.0,0.5,1.0,0.0,1.0,0.8509375125940316,0.3843319204185283,0.8920262352077444,1.0,0.4,0.36905521730144575,0.9170998273648657,0.6954300177731381,0.6276085012649691,0.39686621771955277,0.8884612850820116,0.5727353367703503,0.49148157841267115,0.4,,,,,,,0.6085356402064013,0.6085356402064013,0.9639458941674202,observed,imputed,observed,observed,imputed,carried_forward,missing,missing,observed,observed,observed,observed,observed,observed,observed,missing
GRD,2019,1.0,0.6091954022988506,0.159468438538206,0.8,1.0,,0.925,1.0,,,1.0,0.0,0.5,0.0,0.0,0.5,0.8326376086916446,1.0,0.5147058823529411,0.13207547169811323,0.8333333333333334,1.0,,0.925,1.0,,,1.0,0.0,0.5,0.0,0.0,0.5,0.8105614133096085,0.3843319204185283,0.8894094021729111,1.0,0.2,0.36905521730144575,0.9175789656803371,0.6954300177731381,0.2463000918174436,0.39686621771955277,0.8856416827427477,0.5727353367703503,0.2571411577378928,0.2,0.7078293542148135,-0.3234974337962852,0.6267159779151146,0.2626934242577965,0.26524868508628796,-0.06524868508628795,0.5113397349088407,0.5113397349088407,0.8302482184964941,imputed,observed,observed,observed,observed,carried_forward,missing,missing,observed,observed,observed,observed,observed,observed,observed,missing
GTM,2010,1.0,0.5287356321839081,0.21760797342192692,0.5142857142857142,1.0,,0.45,,,,0.0,0.0,0.0,0.0,1.0,0.0,0.7727192793389398,1.0,0.42857142857142855,0.07465618860510806,0.5806451612903226,1.0,,0.45,,,,0.0,0.0,0.0,0.0,1.0,0.0,0.7136725445417798,0.3731718028029175,0.6842512484061636,,0.2,0.36260315725257103,0.666627059703496,0.0,0.15117040407034077,0.38184321210806554,0.6862984050754646,0.0,0.13396155686684127,0.2,,,,,,,,,,imputed,imputed,observed,observed,imputed,missing,missing,missing,observed,observed,observed,observed,observed,observed,observed,missing
GTM,2014,1.0,0.5287356321839081,0.21760797342192692,0.5,1.0,,0.45,,,,0.0,0.0,0.5,0.5,0.0,1.0,0.7845841617693023,1.0,0.5,0.09942638623326965,0.4576271186440678,1.0,,0.45,,,,0.0,0.0,0.5,1.0,0.0,1.0,0.7246716551494462,0.3731718028029175,0.6836460404423257,,0.4,0.36260315725257103,0.6650110470661499,0.0,0.6276085012649691,0.38184321210806554,0.6856878245434982,0.0,0.49148157841267115,0.4,0.6297292099223819,-0.2565574071194644,,,0.2649173104309071,0.13508268956909292,,,,observed,imputed,observed,observed,imputed,missing,missing,missing,observed,observed,observed,observed,observed,observed,observed,missing
GTM,2021,1.0,0.367816091954023,0.21760797342192692,0.5285714285714286,1.0,,0.45,1.0,,,0.0,0.5,0.0,1.0,0.0,1.0,0.7299222809313749,1.0,0.3125,0.21869782971619367,0.47619047619047616,1.0,,0.45,1.0,,,0.0,0.5,0.0,1.0,0.0,1.0,0.7591128074944358,0.29271203268797497,0.677123427375701,0.5,0.5,0.28760963719582544,0.6655145278879444,0.6400800281806298,0.765133174392203,0.296898468845533,0.6786764076824705,0.27207333325018224,0.5400731297789206,0.5,0.6295017194528587,-0.33678968676488374,,,0.2649173104309071,0.2350826895690929,0.471804529603932,0.471804529603932,0.6933443970513031,observed,observed,observed,observed,observed,carried_forward,missing,missing,observed,observed,observed,observed,observed,observed,observed,missing
GUY,2014,1.0,0.7586206896551724,0.23255813953488372,0.6857142857142857,0.0,,0.6,1.0,,,0.0,0.0,0.5,0.0,0.0,0.5,0.8820809142869084,1.0,0.7439024390243902,0.11663479923518166,0.6779661016949152,0.0,,0.6,0.0,,,0.0,0.0,0.5,0.0,0.0,0.5,0.8611607012265787,0.49558941459502803,0.5419488000002985,0.5,0.2,0.477719680185507,0.4486641643083179,0.6400800281806298,0.2463000918174436,0.5102512537453409,0.5521057412642763,0.27207333325018224,0.2571411577378928,0.2,,,,,,,0.4048275593041834,0.4048275593041834,0.6666184990163916,observed,imputed,observed,observed,imputed,carried_forward,missing,missing,observed,observed,observed,observed,observed,observed,observed,missing
GUY,2019,1.0,0.8620689655172413,0.23255813953488372,0.8,0.0,,0.6,1.0,,,0.0,0.5,1.0,0.5,0.0,1.0,0.8340732267158867,1.0,0.8382352941176471,0.20754716981132076,0.8333333333333334,0.0,,0.6,1.0,,,0.0,1.0,1.0,1.0,0.0,1.0,0.8125365135434752,0.5473135525260625,0.5585183066789717,0.5,0.6,0.5259298002219862,0.46573035164707033,0.6400800281806298,0.6707148897822732,0.5648585886998261,0.5694758399514694,0.27207333325018224,0.6901603793289385,0.6,0.5762394134615704,-0.028925860935507863,0.5997527471180873,-0.041234440439115616,0.2685522267747466,0.3314477732252534,0.5502989921272893,0.5502989921272893,0.8608368964257911,observed,observed,observed,observed,observed,carried_forward,missing,missing,observed,observed,observed,observed,observed,observed,observed,missing
HND,2013,1.0,0.4482758620689655,0.17109634551495018,0.5571428571428572,0.75,,,,,,0.0,0.0,0.5,0.0,0.0,0.5,0.6545561772386757,1.0,0.42857142857142855,0.02156862745098042,0.4897959183673469,0.75,,,,,,0.0,0.0,0.5,0.0,0.0,0.5,0.5533626367730899,0.3096861037919578,0.6538996781271776,,0.2,0.30027063724059977,0.40182382299154,0.0,0.2463000918174436,0.31741134766097606,0.5031539882737177,0.0,0.2571411577378928,0.2,,,,,,,,,,observed,imputed,observed,observed,imputed,missing,missing,missing,observed,observed,observed,observed,observed,observed,observed,missing
HND,2019,1.0,0.5402298850574713,0.17109634551495018,0.6,0.75,,,1.0,,,0.0,0.0,0.5,0.0,0.0,0.5,0.7145736602242085,1.0,0.4264705882352941,0.14408233276157806,0.6,0.75,,,1.0,,,0.0,0.0,0.5,0.0,0.0,0.5,0.6481309281167444,0.35566311528621075,0.6881912200747361,0.5,0.2,0.34312407727302585,0.4151058764713553,0.6400800281806298,0.2463000918174436,0.36595120095385175,0.5304328836839212,0.27207333325018224,0.2571411577378928,0.2,0.6183204159439498,-0.26265730065773907,,,0.2630322450260461,-0.0630322450260461,0.3955368849679187,0.3955368849679187,0.617743229521305,observed,observed,observed,observed,imputed,carried_forward,missing,missing,observed,observed,observed,observed,observed,observed,observed,missing
HRV,2011,1.0,0.9425287356321839,,0.7428571428571429,0.0,,,,,,0.0,0.0,0.5,0.5,0.0,1.0,0.6965593940557749,1.0,0.9879518072289156,,0.819672131147541,0.0,,,,,,0.0,0.0,1.0,1.0,0.0,1.0,0.5845235575923518,0.9425287356321839,0.4798055123043059,,0.4,0.4392477603323667,0.19990038338057592,0.0,0.6276085012649691,0.4975334962519761,0.38134686886496344,0.0,0.49148157841267115,0.4,,,,,,,,,,observed,imputed,observed,observed,imputed,missing,missing,missing,observed,observed,observed,observed,observed,observed,observed,missing
HRV,2012,1.0,0.8448275862068966,,0.7428571428571429,0.0,,,,,1.0,0.0,0.0,0.5,0.0,0.0,0.5,0.6959652759356694,1.0,0.82,,0.7538461538461538,0.0,,,,,0.0,0.0,0.0,0.5,0.0,0.0,0.5,0.6116507891260382,0.8448275862068966,0.4796074729309374,0.5,0.2,0.3937159802979141,0.19984797578899133,0.028286299363680645,0.2463000918174436,0.4459599021282957,0.38118874441838485,0.17855662167362427,0.2571411577378928,0.2,0.552880491338293,0.2919470948686036,,,0.28182308722496796,-0.08182308722496795,0.44865602778369323,0.44865602778369323,0.630287315725414,imputed,imputed,observed,observed,imputed,missing,missing,carried_forward,observed,observed,observed,observed,observed,observed,observed,missing
HRV,2020,1.0,0.7471264367816092,,0.7714285714285715,0.0,,,,,1.0,0.0,0.0,0.5,0.0,0.0,0.5,0.6961332946295951,1.0,0.6811594202898551,,0.7419354838709677,0.0,,,,,0.0,0.0,0.0,0.5,0.0,0.0,0.5,0.6769620996801337,0.7471264367816092,0.4891872886860555,0.5,0.2,0.3481842002634614,0.20518804193623977,0.028286299363680645,0.2463000918174436,0.39438630800461527,0.38877029691148823,0.17855662167362427,0.2571411577378928,0.2,0.5528060506952024,0.19432038608640678,0.5997527471180873,-0.11056545843203186,0.2789220707808556,-0.07892207078085561,0.43723741385182663,0.43723741385182663,0.6236455634439348,observed,imputed,observed,observed,imputed,missing,missing,carried_forward,observed,observed,observed,observed,observed,observed,observed,missing
HTI,2013,1.0,0.367816091954023,0.23920265780730893,0.24285714285714285,0.75,,,,,,0.0,0.0,0.0,0.5,0.0,1.0,0.874160377434783,1.0,0.34523809523809523,0.10196078431372547,0.04081632653061224,0.75,,,,,,0.0,0.0,0.0,1.0,0.0,1.0,0.8755494026487468,0.303509374880666,0.6223391734306419,,0.3,0.299140525759639,0.36261757319258414,0.0,0.5870184682448168,0.3070939476528795,0.4786964347089671,0.0,0.3641950659257678,0.3,,,,,,,,,,observed,imputed,observed,observed,imputed,missing,missing,missing,observed,observed,observed,observed,observed,observed,observed,missing
HTI,2021,1.0,0.47126436781609193,0.23920265780730893,0.3142857142857143,0.75,,,1.0,,,0.0,0.0,0.5,0.0,0.0,0.5,0.907466655321428,1.0,0.425,0.24040066777963268,0.23809523809523808,0.75,,,1.0,,,0.0,0.0,0.5,0.0,0.0,0.5,0.9437574087334925,0.35523351281170046,0.6572507898690474,0.5,0.2,0.3473506457961183,0.37886865693474003,0.6400800281806298,0.2463000918174436,0.36170128260736467,0.5064029813208174,0.27207333325018224,0.2571411577378928,0.2,0.6064571979084926,-0.25122368509679216,,,0.26284884091823485,-0.06284884091823484,0.3908960318928032,0.3908960318928032,0.6458823199436601,observed,observed,observed,observed,imputed,carried_forward,missing,missing,observed,observed,observed,observed,observed,observed,observed,missing
HUN,2011,1.0,0.8505747126436781,,0.8142857142857143,0.0,,,,,,0.0,0.0,0.5,0.0,0.0,0.5,0.7045810937328825,1.0,0.891566265060241,,0.9016393442622951,0.0,,,,,,0.0,0.0,1.0,0.0,0.0,0.5,0.5955070158989167,0.8505747126436781,0.506288936006199,,0.2,0.39639432029994065,0.2139210960848002,0.0,0.2463000918174436,0.44899364295910044,0.4023239288628623,0.0,0.2571411577378928,0.2,,,,,,,,,,observed,imputed,observed,observed,imputed,missing,missing,missing,observed,observed,observed,observed,observed,observed,observed,missing
IDN,2012,1.0,0.8390804597701149,,0.45714285714285713,0.25,,0.0,,,,0.0,0.0,0.0,0.5,0.0,1.0,0.9339825167130881,1.0,0.8133333333333334,,0.4461538461538462,0.25,,0.0,,,,0.0,0.0,0.0,1.0,0.0,1.0,0.9539654745574191,0.8390804597701149,0.4102813434639863,,0.3,0.39103764029588745,0.2476720878066054,0.0,0.5870184682448168,0.44292616129749096,0.4298272172439777,0.0,0.3641950659257678,0.3,,,,,,,,,,observed,imputed,observed,observed,imputed,missing,missing,missing,observed,observed,observed,observed,observed,observed,observed,missing
IDN,2015,1.0,0.9540229885057471,,0.5285714285714286,0.25,,0.0,1.0,,,0.0,0.0,0.5,0.0,0.0,0.5,0.9334795154571922,1.0,0.9571428571428572,,0.49206349206349204,0.25,,0.0,0.0,,,0.0,0.0,0.5,0.0,0.0,0.5,0.9246072181522423,0.9540229885057471,0.42801273600715517,0.5,0.2,0.44460444033641994,0.26094083043996547,0.6400800281806298,0.2463000918174436,0.5036009779135856,0.4485354293955262,0.27207333325018224,0.2571411577378928,0.2,0.5267471838510656,0.4272758046546815,,,0.27875142275473136,-0.07875142275473135,0.44952503443234676,0.44952503443234676,0.6026386982242202,observed,imputed,observed,observed,imputed,carried_forward,missing,missing,observed,observed,observed,observed,observed,observed,observed,missing
IDN,2017,1.0,0.9885057471264368,,0.5857142857142857,0.25,,0.0,1.0,,,0.0,0.0,0.5,0.5,0.0,1.0,0.9344897875023122,1.0,0.9861111111111112,,0.5932203389830508,0.25,,0.0,1.0,,,0.0,0.0,1.0,1.0,0.0,1.0,0.9671381482464344,0.9885057471264368,0.44255101830414945,0.5,0.4,0.4606744803485797,0.27168043746407344,0.6400800281806298,0.6276085012649691,0.5218034228984141,0.46387798183239437,0.27207333325018224,0.49148157841267115,0.4,0.5334122032426909,0.4550935438837459,0.5997527471180873,-0.1572017288139379,0.2821643832772165,0.11783561672278353,0.5438675341910657,0.5438675341910657,0.7301228091119414,observed,imputed,observed,observed,imputed,carried_forward,missing,missing,observed,observed,observed,observed,observed,observed,observed,missing
IDN,2018,1.0,0.5747126436781609,,0.5857142857142857,0.25,,0.0,1.0,,,0.0,0.0,0.5,0.0,0.0,0.5,0.9363278969449176,1.0,0.5,,0.543859649122807,0.25,,0.0,0.0,,,0.0,0.0,0.5,0.0,0.0,0.5,0.975251965120085,0.5747126436781609,0.4430105456648008,0.5,0.2,0.2678340002026626,0.27184257843519666,0.6400800281806298,0.2463000918174436,0.30337408308047326,0.4643671943787332,0.27207333325018224,0.2571411577378928,0.2,0.5388769705019167,0.03583567317624414,0.5997527471180873,-0.15674220145328654,0.2831882714339621,-0.08318827143396207,0.3994534754186532,0.3994534754186532,0.5324285913197291,observed,imputed,observed,observed,observed,carried_forward,missing,missing,observed,observed,observed,observed,observed,observed,observed,missing
IDN,2022,1.0,0.5747126436781609,,0.6571428571428571,0.25,,0.0,1.0,1.0,,0.0,0.0,0.0,0.5,0.0,1.0,0.9450492475600498,1.0,0.4393939393939394,,0.6129032258064516,0.25,,0.0,1.0,1.0,,0.0,0.0,0.0,1.0,0.0,1.0,0.9649253577434683,0.5747126436781609,0.4630480261757267,0.6666666666666666,0.3,0.2678340002026626,0.2859250078576474,0.9163637110438112,0.5870184682448168,0.30337408308047326,0.48553046636652,0.5207813748777301,0.3641950659257678,0.3,0.5390497013668089,0.03566294231135203,0.5997527471180873,-0.13670472094236064,0.27090161355301545,0.029098386446984537,0.4803156044261043,0.4803156044261043,0.6405580142020055,imputed,imputed,observed,observed,imputed,carried_forward,carried_forward,missing,observed,observed,observed,observed,observed,observed,observed,missing
IND,2011,1.0,0.632183908045977,,0.45714285714285713,0.0,,0.25,,,,0.3333333333333333,0.0,0.5,0.0,0.0,0.5,0.9173026555141097,1.0,0.6626506024096386,,0.4918032786885246,0.0,,0.25,,,,0.3333333333333333,0.0,1.0,0.0,0.0,0.5,0.8867692793565246,0.632183908045977,0.4061113781642417,,0.2,0.29461740022292887,0.2673903906238566,0.018449996530836087,0.2463000918174436,0.33371149138852063,0.4215859843406876,0.10022066784005601,0.2571411577378928,0.2,,,,,,,,,,observed,imputed,observed,observed,imputed,missing,missing,missing,observed,observed,observed,observed,observed,observed,observed,missing
IND,2013,1.0,0.9310344827586207,,0.5,0.0,,0.25,,,,0.3333333333333333,0.0,0.5,0.5,0.0,1.0,0.8920320411900463,1.0,0.9285714285714286,,0.40816326530612246,0.0,,0.25,,,,0.3333333333333333,0.0,0.5,1.0,0.0,1.0,0.90176936356472,0.9310344827586207,0.4105080102975116,,0.4,0.43389108032831347,0.27314911899446126,0.018449996530836087,0.6276085012649691,0.4914660145903667,0.4261654657279265,0.10022066784005601,0.49148157841267115,0.4,0.5251797435320078,0.40585473922661286,,,0.27260809381425805,0.12739190618574198,,,,observed,imputed,observed,observed,imputed,missing,missing,missing,observed,observed,observed,observed,observed,observed,observed,missing
IND,2015,1.0,0.8218390804597702,,0.5714285714285714,0.0,,0.25,,,,0.3333333333333333,0.0,0.0,0.5,0.0,1.0,0.8997564808878861,1.0,0.7928571428571428,,0.5396825396825397,0.0,,0.25,,,,0.3333333333333333,0.0,0.0,1.0,0.0,1.0,0.8788195255975618,0.8218390804597702,0.4302962630791144,,0.3,0.3830026202898076,0.28714361017966317,0.018449996530836087,0.5870184682448168,0.43382493880507683,0.4470634100279178,0.10022066784005601,0.3641950659257678,0.3,0.5268323852156627,0.2950066952441075,,,0.2814817911727195,0.018518208827280502,,,,imputed,imputed,observed,observed,observed,missing,missing,missing,observed,observed,observed,observed,observed,observed,observed,missing
IND,2018,1.0,0.7126436781609196,,0.5857142857142857,0.0,,0.925,,1.0,,0.3333333333333333,0.0,0.5,0.5,0.0,1.0,0.9367841844832199,1.0,0.6621621621621622,,0.543859649122807,0.0,,0.925,,0.0,,0.3333333333333333,0.0,0.5,1.0,0.0,1.0,0.9758963761033342,0.7126436781609196,0.6118746175493763,0.6666666666666666,0.4,0.3321141602513017,0.566502916612579,0.2947336793940174,0.6276085012649691,0.37618386301978685,0.6141997638697069,0.34892870946760396,0.49148157841267115,0.4,0.5342705538871119,0.1783731242738077,,,0.27823947867635856,0.12176052132364146,0.5839503212738887,0.5839503212738887,0.762261344413834,observed,imputed,observed,observed,observed,missing,carried_forward,missing,observed,observed,observed,observed,observed,observed,observed,missing
IND,2020,1.0,0.7701149425287356,,0.6285714285714286,0.0,,1.0,,1.0,,0.3333333333333333,0.0,0.5,0.0,0.0,0.5,0.9125248468003538,1.0,0.7101449275362319,,0.5806451612903226,0.0,,1.0,,0.0,,0.3333333333333333,0.0,0.5,0.0,0.0,0.5,0.9381978706042075,0.7701149425287356,0.6352740688429456,0.6666666666666666,0.2,0.3588975602715679,0.6027320107884757,0.2947336793940174,0.2463000918174436,0.40652127132783417,0.6361053984949642,0.34892870946760396,0.2571411577378928,0.2,0.602523695917401,0.16759124661133462,0.6087404907170965,0.02653357812584911,0.27499716617999764,-0.07499716617999763,0.5053751156743038,0.5053751156743038,0.6527317781805069,observed,imputed,observed,observed,observed,missing,carried_forward,missing,observed,observed,observed,observed,observed,observed,observed,missing
IND,2022,1.0,0.7701149425287356,,0.6571428571428571,0.0,,1.0,,1.0,,0.3333333333333333,0.0,0.5,0.5,0.0,1.0,0.9143118223026258,1.0,0.696969696969697,,0.6129032258064516,0.0,,1.0,,1.0,,0.5,0.0,0.5,1.0,0.0,1.0,0.922144283078141,0.7701149425287356,0.6428636698613708,0.6666666666666666,0.4,0.3588975602715679,0.6082148862935498,0.2947336793940174,0.6276085012649691,0.40652127132783417,0.6441178360943978,0.34892870946760396,0.49148157841267115,0.4,0.6113192711236537,0.15879567140508188,0.6087404907170965,0.03412317914427432,0.27670364644124024,0.12329635355875979,0.6027827165341558,0.6027827165341558,0.7825462005564937,imputed,imputed,observed,observed,imputed,missing,carried_forward,missing,observed,observed,observed,observed,observed,observed,observed,missing
IND,2023,1.0,0.7701149425287356,,0.6714285714285714,0.0,0.0,1.0,,1.0,,0.3333333333333333,0.0,0.5,0.0,0.0,0.5,0.9143118223026258,1.0,0.6923076923076923,,0.5833333333333334,0.0,0.0,1.0,,1.0,,0.3333333333333333,0.0,1.0,0.0,0.0,0.5,0.9422021245211403,0.7701149425287356,0.6464350984327993,0.6666666666666666,0.2,0.3588975602715679,0.6108775088415632,0.2947336793940174,0.2463000918174436,0.40652127132783417,0.6478862532661352,0.34892870946760396,0.2571411577378928,0.2,0.6141721118037836,0.15594283072495196,0.6087404907170965,0.03769460771570288,0.27670364644124024,-0.07670364644124023,0.507580353446902,0.507580353446902,0.6409782410533212,imputed,imputed,imputed,observed,imputed,missing,carried_forward,missing,observed,observed,observed,observed,observed,observed,observed,observed
IRL,2013,1.0,,,0.8428571428571429,0.25,,,,1.0,1.0,0.5,0.0,0.5,0.0,0.0,0.5,0.5636434971817816,1.0,,,0.8979591836734694,0.25,,,,0.0,0.0,0.5,0.0,0.5,0.0,0.0,0.5,0.4199823902274311,,0.5521668800129748,0.8333333333333334,0.2,0.0,0.2868950222752457,0.3322449770231161,0.2463000918174436,0.0,0.43300880761133154,0.5775956650612561,0.2571411577378928,0.2,,,,,,,,,,imputed,imputed,observed,observed,imputed,missing,carried_forward,carried_forward,observed,observed,observed,observed,observed,observed,observed,missing
IRN,2011,1.0,0.6091954022988506,0.3903654485049834,0.7285714285714285,0.0,,,,,,0.0,0.0,0.0,0.5,0.0,1.0,0.7740704610628857,1.0,0.6385542168674698,0.22899159663865543,0.8032786885245902,0.0,,,,,,0.0,0.0,0.0,1.0,0.0,1.0,0.6906531320015677,0.49978042540191703,0.5008806298781048,,0.3,0.4923470257914524,0.20407506844114354,0.0,0.5870184682448168,0.5058794141981038,0.39820801029352304,0.0,0.3641950659257678,0.3,,,,,,,,,,observed,imputed,observed,observed,imputed,missing,missing,missing,observed,observed,observed,observed,observed,observed,observed,missing
IRN,2012,1.0,0.896551724137931,0.3903654485049834,0.7714285714285715,0.0,,,,,,0.0,0.0,0.5,0.5,0.0,1.0,0.7728412875325255,1.0,0.88,0.2982791586998088,0.7846153846153846,0.0,,,,,,0.0,0.0,0.5,1.0,0.0,1.0,0.7222133166179274,0.6434585863214572,0.5147566196536989,,0.4,0.6262640258927836,0.2119545097938693,0.0,0.6276085012649691,0.6575664557383405,0.4091861174620814,0.0,0.49148157841267115,0.4,0.5608023771669539,0.08265620915450334,,,0.26867666943831564,0.13132333056168438,,,,observed,imputed,observed,observed,imputed,missing,missing,missing,observed,observed,observed,observed,observed,observed,observed,missing
IRN,2014,1.0,0.8160919540229885,0.3903654485049834,0.7857142857142857,0.0,,,,,,0.0,0.0,0.5,0.5,0.0,1.0,0.7612861723025928,1.0,0.8048780487804879,0.2982791586998088,0.7966101694915254,0.0,,,,,,0.0,0.0,0.5,1.0,0.0,1.0,0.6920560010305867,0.603228701263986,0.5156668193389594,,0.4,0.5887672658644109,0.21359784722131525,0.0,0.6276085012649691,0.6150940841070742,0.4098791424869501,0.0,0.49148157841267115,0.4,0.5660181965509741,0.037210504713011905,,,0.2729428700914221,0.12705712990857793,,,,observed,imputed,observed,observed,imputed,missing,missing,missing,observed,observed,observed,observed,observed,observed,observed,missing
IRN,2016,1.0,0.8160919540229885,0.3903654485049834,0.8,0.0,,,,,,0.0,0.0,0.5,0.5,0.0,1.0,0.6789278789927861,1.0,0.7777777777777778,0.3704974271012007,0.8333333333333334,0.0,,,,,,0.0,0.0,0.5,1.0,0.0,1.0,0.606174924504704,0.603228701263986,0.49297595966426205,,0.4,0.5887672658644109,0.20899558480231836,0.0,0.6276085012649691,0.6150940841070742,0.39172791252108274,0.0,0.49148157841267115,0.4,0.5663603297781159,0.03686837148587008,,,0.27174833390855224,0.12825166609144778,,,,imputed,imputed,observed,observed,imputed,missing,missing,missing,observed,observed,observed,observed,observed,observed,observed,missing
IRN,2019,1.0,0.8160919540229885,0.3903654485049834,0.8285714285714286,0.0,,,,,,0.0,0.0,0.5,0.5,0.0,1.0,0.7652245405341708,1.0,0.7794117647058824,0.3704974271012007,0.8666666666666667,0.0,,,,,,0.0,0.0,0.5,1.0,0.0,1.0,0.717815596222369,0.603228701263986,0.5312653230351998,,0.4,0.5887672658644109,0.22193312119215375,0.0,0.6276085012649691,0.6150940841070742,0.42223259010318426,0.0,0.49148157841267115,0.4,0.5578311057266878,0.04539759553729816,,,0.27174833390855224,0.12825166609144778,,,,imputed,observed,observed,observed,imputed,missing,missing,missing,observed,observed,observed,observed,observed,observed,observed,missing
IRQ,2013,1.0,0.9195402298850575,,0.6714285714285714,0.5,,,,,,0.0,0.0,0.5,0.0,0.0,0.5,0.9392860807838903,1.0,0.9166666666666666,,0.6530612244897959,0.5,,,,,,0.0,0.0,0.5,0.0,0.0,0.5,0.9710969364331131,0.9195402298850575,0.7035715507374872,,0.2,0.4285344003242602,0.36816014628745275,0.0,0.2463000918174436,0.48539853292875723,0.5484235817035216,0.0,0.2571411577378928,0.2,,,,,,,,,,observed,imputed,observed,observed,imputed,missing,missing,missing,observed,observed,observed,observed,observed,observed,observed,missing
IRQ,2016,1.0,0.896551724137931,,0.6428571428571429,0.5,,,,1.0,,0.0,0.0,0.5,0.0,0.0,0.5,0.8498364944539518,1.0,0.875,,0.6666666666666666,0.5,,,,0.0,,0.0,0.0,0.5,0.0,0.0,0.5,0.8405769435453293,0.896551724137931,0.6642312124370315,0.5,0.2,0.4178210403161537,0.3549444881083239,0.27628368286318133,0.2463000918174436,0.47326356960553834,0.5170797536723387,0.24870804162754795,0.2571411577378928,0.2,0.636991481589812,0.25956024254811905,,,0.28114049512047096,-0.08114049512047095,0.49399625593904967,0.49399625593904967,0.7004234726147939,imputed,imputed,observed,observed,imputed,missing,carried_forward,missing,observed,observed,observed,observed,observed,observed,observed,missing
IRQ,2017,1.0,0.8735632183908046,,0.6428571428571429,0.5,,,,1.0,,0.0,0.0,0.5,0.0,0.0,0.5,0.8774047204663695,1.0,0.8472222222222222,,0.6610169491525424,0.5,,,,0.0,,0.0,0.0,1.0,0.0,0.0,0.5,0.8877718340153915,0.8735632183908046,0.6734206211078374,0.5,0.2,0.4071076803080472,0.3573763013802595,0.27628368286318133,0.2463000918174436,0.4611286062823194,0.5244170327989082,0.24870804162754795,0.2571411577378928,0.2,0.6222039167097679,0.2513593016810367,0.5997527471180873,0.07366787398975005,0.2804579030159739,-0.08045790301597389,0.4924874724084428,0.4924874724084428,0.6994808877145134,observed,imputed,observed,observed,imputed,missing,carried_forward,missing,observed,observed,observed,observed,observed,observed,observed,missing
ISL,2021,1.0,0.7241379310344828,0.5398671096345514,0.9714285714285714,0.0,,,,1.0,,0.5,0.0,0.5,0.0,0.0,0.5,0.5887681939256196,1.0,0.7,0.5425709515859766,0.9682539682539683,0.0,,,,0.0,,0.5,0.0,0.5,0.0,0.0,0.5,0.6123137878241117,0.6320025203345171,0.520065588451397,0.75,0.2,0.6257430543506941,0.23299400396918193,0.30395867765943546,0.2463000918174436,0.6371383148650588,0.41295293222418006,0.39903904338763196,0.2571411577378928,0.2,,,,,,,0.47121276509843446,0.47121276509843446,0.6667172789119196,observed,observed,observed,observed,imputed,missing,carried_forward,missing,observed,observed,observed,observed,observed,observed,observed,missing
ISR,2018,1.0,0.896551724137931,,0.9,0.0,,,,,,0.5,0.0,0.5,0.0,0.0,0.5,0.7173050564987343,1.0,0.8783783783783784,,0.9298245614035088,0.0,,,,,,0.5,0.0,0.5,0.0,0.0,0.5,0.6659278830049301,0.896551724137931,0.5391016854995782,,0.2,0.4178210403161537,0.23101922138490644,0.02767499479625413,0.2463000918174436,0.47326356960553834,0.42832091263263816,0.15033100176008402,0.2571411577378928,0.2,,,,,,,,,,observed,imputed,observed,observed,imputed,missing,missing,missing,observed,observed,observed,observed,observed,observed,observed,missing
ITA,2017,1.0,,,0.8714285714285714,0.0,,,,,,0.0,0.0,0.5,0.0,0.0,0.5,0.6444846494956754,1.0,,,0.9322033898305084,0.0,,,,,,0.0,0.0,1.0,0.0,0.0,0.5,0.5639392013631859,,0.5053044069747489,,0.2,0.0,0.21927043521162548,0.0,0.2463000918174436,0.0,0.40140293812979383,0.0,0.2571411577378928,0.2,,,,,,,,,,imputed,imputed,observed,observed,imputed,missing,missing,missing,observed,observed,observed,observed,observed,observed,observed,missing
JAM,2010,1.0,0.7586206896551724,,0.6428571428571429,0.25,,0.575,,,,0.5,0.0,0.5,0.0,0.0,0.5,0.8143892716372039,1.0,0.7142857142857143,,0.7258064516129032,0.25,,0.575,,,,0.5,0.0,0.5,0.0,0.0,0.5,0.7724520278282986,0.7586206896551724,0.5705616036235868,,0.2,0.3535408802675147,0.5046590031850685,0.02767499479625413,0.2463000918174436,0.4004537896662247,0.5777572661835079,0.15033100176008402,0.2571411577378928,0.2,,,,,,,,,,imputed,imputed,observed,observed,imputed,missing,missing,missing,observed,observed,observed,observed,observed,observed,observed,missing
JAM,2012,1.0,0.7586206896551724,,0.7285714285714285,0.25,,0.575,,,,0.5,0.0,0.5,0.5,0.0,1.0,0.8349867059289603,1.0,0.72,,0.7384615384615385,0.25,,0.575,,,,0.5,0.0,0.5,1.0,0.0,1.0,0.8115904108145231,0.7586206896551724,0.5971395336250972,,0.4,0.3535408802675147,0.5224516531362813,0.02767499479625413,0.6276085012649691,0.4004537896662247,0.6058497731927783,0.15033100176008402,0.49148157841267115,0.4,0.5869946257515072,0.1716260639036652,,,0.2763623503889917,0.12363764961100832,,,,observed,imputed,observed,observed,imputed,missing,missing,missing,observed,observed,observed,observed,observed,observed,observed,missing
JAM,2016,1.0,0.8045977011494253,,0.7571428571428571,0.25,,0.575,,,,0.5,0.0,0.5,0.0,0.0,0.5,0.7940045605648121,1.0,0.7638888888888888,,0.7878787878787878,0.25,,0.575,,,,0.5,0.0,0.5,0.0,0.0,0.5,0.7640031675818187,0.8045977011494253,0.5940368544269172,,0.2,0.37496760028372766,0.5241618333759752,0.02767499479625413,0.2463000918174436,0.4247237163126626,0.6024792158307819,0.15033100176008402,0.2571411577378928,0.2,0.5969849532691038,0.20761274788032147,,,0.2763623503889917,-0.0763623503889917,,,,observed,imputed,observed,observed,observed,missing,missing,missing,observed,observed,observed,observed,observed,observed,observed,missing
JOR,2010,1.0,,,0.7714285714285715,0.0,,0.0,,,,0.5,0.0,0.5,0.0,0.0,0.5,0.6699753708202711,1.0,,,0.8709677419354839,0.0,,0.0,,,,0.5,0.0,0.5,0.0,0.0,0.5,0.5687424996707061,,0.3603509855622107,,0.2,0.0,0.2028806324476081,0.02767499479625413,0.2463000918174436,0.0,0.3818083695000509,0.15033100176008402,0.2571411577378928,0.2,,,,,,,,,,imputed,imputed,observed,observed,imputed,missing,missing,missing,observed,observed,observed,observed,observed,observed,observed,missing
JOR,2015,1.0,,,0.7571428571428571,0.0,,0.0,,,,0.5,0.0,0.5,0.0,0.0,0.5,0.7056034209309302,1.0,,,0.746031746031746,0.0,,0.0,,,,0.5,0.0,0.5,0.0,0.0,0.5,0.6152068130586124,,0.3656865695184468,,0.2,0.0,0.20336078611861086,0.02767499479625413,0.2463000918174436,0.0,0.3875223524029342,0.15033100176008402,0.2571411577378928,0.2,,,,,,,,,,imputed,imputed,observed,observed,observed,missing,missing,missing,observed,observed,observed,observed,observed,observed,observed,missing
JPN,2010,1.0,0.9885057471264368,0.7109634551495015,0.8428571428571429,0.0,,1.0,,,,0.0,0.0,0.5,0.5,0.0,1.0,0.6251327636503387,1.0,1.0,0.6581532416502947,0.9516129032258065,0.0,,1.0,,,,0.0,0.0,0.5,1.0,0.0,1.0,0.5054877416711762,0.8497346011379692,0.6169974766268704,,0.4,0.8403068115264418,0.6173202842815285,0.0,0.6276085012649691,0.8574699559402834,0.6161422972023008,0.0,0.49148157841267115,0.4,,,,,,,,,,imputed,imputed,observed,observed,imputed,missing,missing,missing,observed,observed,observed,observed,observed,observed,observed,missing
JPN,2013,1.0,0.9885057471264368,0.7109634551495015,0.8571428571428571,0.0,,1.0,,,,0.0,0.5,0.5,0.5,0.0,1.0,0.5441934120698906,1.0,0.9880952380952381,0.6588235294117646,0.9183673469387755,0.0,,1.0,,,,0.0,1.0,0.5,1.0,0.0,1.0,0.39144668821166645,0.8497346011379692,0.600334067303187,,0.5,0.8403068115264418,0.6128431877447325,0.0,0.6301248567621209,0.8574699559402834,0.5983687183601566,0.0,0.5628738668420351,0.5,0.6044493176647586,0.24528528347321055,,,0.27906777358056967,0.22093222641943033,,,,observed,imputed,observed,observed,imputed,missing,missing,missing,observed,observed,observed,observed,observed,observed,observed,missing
JPN,2016,1.0,1.0,0.7109634551495015,0.8714285714285714,0.0,,1.0,,,,0.0,0.0,0.0,0.0,1.0,0.0,0.5449705173654731,1.0,1.0,0.7015437392795882,0.9090909090909091,0.0,,1.0,,,,0.0,0.0,0.0,0.0,1.0,0.0,0.42245173450594053,0.8554817275747508,0.6040997721985111,,0.2,0.8456634915304951,0.6155743593161991,0.0,0.15117040407034077,0.8635374376018928,0.602343961987171,0.0,0.13396155686684127,0.2,0.5981857404526165,0.2572959871221343,,,0.27906777358056967,-0.07906777358056966,,,,observed,imputed,observed,observed,observed,missing,missing,missing,observed,observed,observed,observed,observed,observed,observed,missing
JPN,2017,1.0,1.0,0.7109634551495015,0.8714285714285714,0.0,,1.0,,,,0.0,0.5,0.5,0.0,1.0,0.5,0.5451033751966939,1.0,1.0,0.7015437392795882,0.9322033898305084,0.0,,1.0,,,,0.0,1.0,1.0,0.0,1.0,0.5,0.4257677695992852,0.8554817275747508,0.6041329866563163,,0.5,0.8456634915304951,0.6155860788021428,0.0,0.39998685138493617,0.8635374376018928,0.6023793220785814,0.0,0.4624950030340981,0.5,0.5996012240977598,0.255880503476991,,,0.27923842160669393,0.22076157839330607,,,,observed,imputed,observed,observed,observed,missing,missing,missing,observed,observed,observed,observed,observed,observed,observed,missing
JPN,2018,1.0,0.9712643678160919,0.7109634551495015,0.8857142857142857,0.0,,1.0,,,,0.0,0.0,0.0,0.0,1.0,0.0,0.5409036110658066,1.0,0.9662162162162162,0.6673040152963671,0.9122807017543859,0.0,,1.0,,,,0.0,0.0,0.0,0.0,1.0,0.0,0.4167976321088627,0.8411139114827968,0.606654474195023,,0.2,0.832271791520362,0.6178782371009189,0.0,0.15117040407034077,0.8483687334478691,0.6050299726707719,0.0,0.13396155686684127,0.2,0.5996137090170811,0.24150020246571569,,,0.27923842160669393,-0.07923842160669392,,,,imputed,imputed,observed,observed,observed,missing,missing,missing,observed,observed,observed,observed,observed,observed,observed,missing
JPN,2019,1.0,0.9425287356321839,0.7109634551495015,0.8857142857142857,0.0,,1.0,,,,0.0,0.0,0.5,0.5,0.0,1.0,0.5293456327370537,1.0,0.9411764705882353,0.7015437392795882,0.9333333333333333,0.0,,1.0,,,,0.0,0.0,0.5,1.0,0.0,1.0,0.393297181095704,0.8267460953908428,0.6037649796128348,,0.4,0.8188800915102288,0.6168586994243217,0.0,0.6276085012649691,0.8332000292938455,0.6019538185105912,0.0,0.49148157841267115,0.4,0.6005615061683938,0.226184589222449,,,0.2788118015413833,0.12118819845861672,,,,observed,observed,observed,observed,observed,missing,missing,missing,observed,observed,observed,observed,observed,observed,observed,missing
JPN,2021,1.0,0.9770114942528736,0.739202657807309,0.9,0.0,,1.0,,,,0.0,0.0,0.5,0.0,0.0,0.5,0.5182958293339945,1.0,0.975,0.7429048414023371,0.8888888888888888,0.0,,1.0,,,,0.0,0.0,0.5,0.0,0.0,0.5,0.5390231431438878,0.8581070760300913,0.6045739573334986,,0.2,0.8500289857981449,0.6185466107756213,0.0,0.2463000918174436,0.8647350234882809,0.6027813322007102,0.0,0.2571411577378928,0.2,0.5994753795500025,0.25863169648008877,,,0.2783851814760726,-0.0783851814760726,,,,observed,observed,observed,observed,observed,missing,missing,missing,observed,observed,observed,observed,observed,observed,observed,missing
JPN,2022,1.0,0.9770114942528736,0.739202657807309,0.9,0.0,,1.0,,,,0.0,0.0,0.5,0.5,0.0,1.0,0.5066491451716173,1.0,0.9696969696969697,0.7429048414023371,0.8870967741935484,0.0,,1.0,,,,0.0,0.0,0.5,1.0,0.0,1.0,0.3547497377462574,0.8581070760300913,0.6016622862929043,,0.4,0.8500289857981449,0.6175192482929084,0.0,0.6276085012649691,0.8647350234882809,0.5996815689965104,0.0,0.49148157841267115,0.4,0.5997794646455464,0.25832761138454485,,,0.2793163754392258,0.12068362456077425,,,,imputed,imputed,observed,observed,observed,missing,missing,missing,observed,observed,observed,observed,observed,observed,observed,missing
KAZ,2011,1.0,0.8045977011494253,,0.8428571428571429,1.0,,0.85,,,,0.0,0.0,0.5,0.5,0.0,1.0,0.9496493934575376,1.0,0.8433734939759037,,0.9344262295081968,1.0,,0.85,,,,0.0,0.0,1.0,1.0,0.0,1.0,0.9310590261503277,0.8045977011494253,0.9106266340786702,,0.4,0.37496760028372766,0.9055073676254234,0.0,0.6276085012649691,0.4247237163126626,0.9110326007186779,0.0,0.49148157841267115,0.4,,,,,,,,,,observed,imputed,observed,observed,imputed,missing,missing,missing,observed,observed,observed,observed,observed,observed,observed,missing
KAZ,2013,1.0,0.7931034482758621,,0.8571428571428571,1.0,,0.85,,,,0.0,0.0,0.5,0.0,0.0,0.5,0.9466104903237555,1.0,0.7857142857142857,,0.9183673469387755,1.0,,0.85,,,,0.0,0.0,0.5,0.0,0.0,0.5,0.9818427592338185,0.7931034482758621,0.9134383368666532,,0.2,0.36961092027967446,0.9079019263172594,0.0,0.2463000918174436,0.4186562346510531,0.9139922142872701,0.0,0.2571411577378928,0.2,0.7148210227408395,0.07828242553502263,,,0.27772753459798577,-0.07772753459798576,,,,observed,imputed,observed,observed,imputed,missing,missing,missing,observed,observed,observed,observed,observed,observed,observed,missing
KAZ,2015,1.0,0.7471264367816092,,0.8571428571428571,1.0,,0.85,,,,0.0,0.0,0.5,0.0,0.0,0.5,0.9276415062732755,1.0,0.7,,0.8571428571428571,1.0,,0.85,,,,0.0,0.0,0.5,0.0,0.0,0.5,0.9166806192248765,0.7471264367816092,0.9086960908540331,,0.2,0.3481842002634614,0.9062286584345776,0.0,0.2463000918174436,0.39438630800461527,0.9089436220904734,0.0,0.2571411577378928,0.2,0.7158779083497824,0.031248528431826794,,,0.2773862385457373,-0.07738623854573728,,,,observed,imputed,observed,observed,imputed,missing,missing,missing,observed,observed,observed,observed,observed,observed,observed,missing
KAZ,2018,1.0,0.6666666666666666,,0.8571428571428571,1.0,,0.85,,,,0.0,0.0,0.0,0.5,0.0,1.0,0.9388251721036327,1.0,0.6081081081081081,,0.8771929824561403,1.0,,0.85,,,,0.0,0.0,0.0,1.0,0.0,1.0,0.9787788454430911,0.6666666666666666,0.9114920073116225,,0.3,0.31068744023508865,0.9072151777333858,0.0,0.5870184682448168,0.351913936373349,0.911920153036594,0.0,0.3641950659257678,0.3,0.7140953545228893,-0.04742868785622267,,,0.2760210543367432,0.023978945663256812,,,,observed,imputed,observed,observed,observed,missing,missing,missing,observed,observed,observed,observed,observed,observed,observed,missing
KAZ,2023,1.0,0.6666666666666666,,0.8714285714285714,1.0,1.0,0.85,1.0,,,0.0,0.0,0.5,0.0,0.0,0.5,0.9388251721036327,1.0,0.5538461538461539,,0.875,1.0,1.0,0.85,1.0,,,0.0,0.0,1.0,0.0,0.0,0.5,0.9770625005803827,0.6666666666666666,0.9150634358830511,0.5,0.2,0.31068744023508865,0.9098778002813991,0.6400800281806298,0.2463000918174436,0.351913936373349,0.9156885702083315,0.27207333325018224,0.2571411577378928,0.2,0.7151463062381496,-0.048479639571482935,,,0.2736319819710036,-0.07363198197100357,0.4969812290576124,0.4969812290576124,0.6275935462722555,imputed,imputed,imputed,observed,imputed,carried_forward,missing,missing,observed,observed,observed,observed,observed,observed,observed,observed
KEN,2012,1.0,0.6091954022988506,0.45016611295681064,0.45714285714285713,1.0,,0.9,,,,0.0,0.0,0.5,0.0,0.0,0.5,0.8283097083311001,1.0,0.5466666666666666,0.367112810707457,0.4461538461538462,1.0,,0.9,,,,0.0,0.0,0.5,0.0,0.0,0.5,0.8019876008463367,0.5296807576278306,0.7963631413684893,,0.2,0.5242787171989362,0.843167203836382,0.0,0.2463000918174436,0.5341130478184479,0.7883621332319544,0.0,0.2571411577378928,0.2,,,,,,,,,,observed,imputed,observed,observed,imputed,missing,missing,missing,observed,observed,observed,observed,observed,observed,observed,missing
KEN,2014,1.0,0.46551724137931033,0.45016611295681064,0.44285714285714284,1.0,,0.9,,1.0,,0.0,0.0,0.5,0.5,0.0,1.0,0.8336031762113255,1.0,0.4329268292682927,0.367112810707457,0.3898305084745763,1.0,,0.9,,0.0,,0.0,0.0,0.5,1.0,0.0,1.0,0.7932950538582877,0.45784167716806046,0.794115079767117,0.5,0.4,0.4573202171482704,0.8409715219409843,0.27628368286318133,0.6276085012649691,0.45826952704832963,0.7860025717249685,0.24870804162754795,0.49148157841267115,0.4,0.6718707359647682,-0.21402905879670775,,,0.26956449272373284,0.13043550727626718,0.5192866893329326,0.5192866893329326,0.7736470922422656,imputed,imputed,observed,observed,imputed,missing,carried_forward,missing,observed,observed,observed,observed,observed,observed,observed,missing
KEN,2019,1.0,0.3218390804597701,0.45016611295681064,0.42857142857142855,1.0,,0.9,,1.0,,0.0,0.0,0.5,0.0,0.0,0.5,0.8609244725079477,1.0,0.14705882352941177,0.4322469982847342,0.4,1.0,,0.9,,0.0,,0.0,0.0,0.5,0.0,0.0,0.5,0.8494780265002463,0.3860025967082904,0.797373975269844,0.5,0.2,0.3903617170976048,0.8407189308150396,0.27628368286318133,0.2463000918174436,0.38242600627821133,0.7895057133737997,0.24870804162754795,0.2571411577378928,0.2,0.6710257163685782,-0.2850231196602878,0.5997527471180873,0.19762122815175664,0.2674313923971796,-0.0674313923971796,0.41885438922214535,0.41885438922214535,0.6286526876416577,observed,observed,observed,observed,observed,missing,carried_forward,missing,observed,observed,observed,observed,observed,observed,observed,missing
KGZ,2017,1.0,,,0.7428571428571429,1.0,,0.825,,,,0.0,0.0,0.5,0.0,0.0,0.5,0.7696510922295045,1.0,,,0.7796610169491526,1.0,,0.825,,,,0.0,0.0,1.0,0.0,0.0,0.5,0.7379601798958054,,0.8343770587716619,,0.2,0.0,0.8608641752401704,0.0,0.2463000918174436,0.0,0.8310614928695288,0.0,0.2571411577378928,0.2,,,,,,,,,,imputed,imputed,observed,observed,observed,missing,missing,missing,observed,observed,observed,observed,observed,observed,observed,missing
KGZ,2023,1.0,,,0.7428571428571429,1.0,1.0,0.825,1.0,,,0.0,0.0,0.5,0.5,0.0,1.0,0.7696510922295045,1.0,,,0.6875,1.0,1.0,0.825,1.0,,,0.0,0.0,1.0,1.0,0.0,1.0,0.7364804466480326,,0.8343770587716619,0.5,0.4,0.0,0.8608641752401704,0.6400800281806298,0.6276085012649691,0.0,0.8310614928695288,0.27207333325018224,0.49148157841267115,0.4,,,,,,,,,,imputed,imputed,imputed,observed,imputed,carried_forward,missing,missing,observed,observed,observed,observed,observed,observed,observed,observed
KHM,2012,1.0,0.41379310344827586,,0.38571428571428573,0.75,,,,,,0.0,0.0,0.5,0.0,0.0,0.5,0.7928154704179354,1.0,0.32,,0.36923076923076925,0.75,,,,,,0.0,0.0,0.5,0.0,0.0,0.5,0.7509400429207587,0.41379310344827586,0.6428432520440738,,0.2,0.1928404801459171,0.3820683052478294,0.0,0.2463000918174436,0.21842933981794074,0.4947306718952401,0.0,0.2571411577378928,0.2,,,,,,,,,,observed,imputed,observed,observed,imputed,missing,missing,missing,observed,observed,observed,observed,observed,observed,observed,missing
KOR,2013,1.0,1.0,,0.9,0.0,,1.0,,,,0.0,0.0,0.5,0.0,0.0,0.5,0.7633632751519841,1.0,1.0,,0.9795918367346939,0.0,,1.0,,,,0.0,0.0,0.5,0.0,0.0,0.5,0.7129962273405721,1.0,0.6658408187879961,,0.2,0.466031160352633,0.6401641884533114,0.0,0.2463000918174436,0.5278709045600235,0.6680059953325382,0.0,0.2571411577378928,0.2,,,,,,,,,,observed,imputed,observed,observed,imputed,missing,missing,missing,observed,observed,observed,observed,observed,observed,observed,missing
KOR,2014,1.0,1.0,,0.9142857142857143,0.0,,1.0,,,,0.0,0.0,0.5,0.0,0.0,0.5,0.7537585329762929,1.0,1.0,,0.9491525423728814,0.0,,1.0,,,,0.0,0.0,0.5,0.0,0.0,0.5,0.6815178006872078,1.0,0.6670110618155018,,0.2,0.466031160352633,0.6419795697067328,0.0,0.2463000918174436,0.5278709045600235,0.6692181118467709,0.0,0.2571411577378928,0.2,0.6228089485771717,0.37719105142282827,,,0.28352956748621055,-0.08352956748621054,,,,observed,imputed,observed,observed,imputed,missing,missing,missing,observed,observed,observed,observed,observed,observed,observed,missing
KOR,2020,1.0,0.9770114942528736,,0.9285714285714286,0.0,,1.0,,,,0.0,0.0,0.5,0.0,0.0,0.5,0.6606709526418844,1.0,0.9710144927536232,,0.9193548387096774,0.0,,1.0,,,,0.0,0.0,0.5,0.0,0.0,0.5,0.6341506675562849,0.9770114942528736,0.6473105953033282,,0.2,0.4553178003445265,0.6364308690739355,0.0,0.2463000918174436,0.5157359412368046,0.6482112837842715,0.0,0.2571411577378928,0.2,0.6232488290012417,0.3537626652516319,,,0.28352956748621055,-0.08352956748621054,,,,observed,imputed,observed,observed,observed,missing,missing,missing,observed,observed,observed,observed,observed,observed,observed,missing
KWT,2014,1.0,0.8275862068965517,,0.8714285714285714,0.0,,,,,,0.0,0.0,0.5,0.0,0.0,0.5,0.9338957196120108,1.0,0.8170731707317073,,0.8983050847457628,0.0,,,,,,0.0,0.0,0.5,0.0,0.0,0.5,0.9336980234334743,0.8275862068965517,0.6017747636801941,,0.2,0.3856809602918342,0.2447995962478483,0.0,0.2463000918174436,0.4368586796358815,0.4784296500700631,0.0,0.2571411577378928,0.2,,,,,,,,,,observed,imputed,observed,observed,imputed,missing,missing,missing,observed,observed,observed,observed,observed,observed,observed,missing
LAO,2019,1.0,0.25287356321839083,0.2790697674418604,0.5142857142857142,0.75,,,,,,0.0,0.0,0.0,0.5,0.0,1.0,0.9496114699556203,1.0,0.058823529411764705,0.25557461406518006,0.5,0.75,,,,,,0.0,0.0,0.0,1.0,0.0,1.0,0.9714921740255346,0.2659716653301256,0.7379657280804448,,0.3,0.2668615199907623,0.41986299736539123,0.0,0.5870184682448168,0.2652415534503476,0.5703776576785802,0.0,0.3641950659257678,0.3,,,,,,,,,,observed,observed,observed,observed,imputed,missing,missing,missing,observed,observed,observed,observed,observed,observed,observed,missing
LBN,2011,1.0,0.4367816091954023,,0.6285714285714286,0.0,,,,,,0.5,0.0,0.5,0.5,0.0,1.0,0.6696143692198995,1.0,0.4578313253012048,,0.6885245901639344,0.0,,,,,,0.5,0.0,1.0,1.0,0.0,1.0,0.5476299354465635,0.4367816091954023,0.432728599263776,,0.4,0.2035538401540236,0.17622256275368356,0.02767499479625413,0.6276085012649691,0.2305643031411597,0.3440281172620846,0.15033100176008402,0.49148157841267115,0.4,,,,,,,,,,observed,imputed,observed,observed,imputed,missing,missing,missing,observed,observed,observed,observed,observed,observed,observed,missing
LBN,2012,1.0,0.5057471264367817,,0.6428571428571429,0.0,,,,,,0.5,0.0,0.5,0.0,0.0,0.5,0.7285461349949085,1.0,0.4266666666666667,,0.6461538461538462,0.0,,,,,,0.5,0.0,0.5,0.0,0.0,0.5,0.6585083465177618,0.5057471264367817,0.4571344259506838,,0.2,0.23569392017834315,0.18408359923249237,0.02767499479625413,0.2463000918174436,0.2669691931108165,0.36348121485968954,0.15033100176008402,0.2571411577378928,0.2,0.5351848401056507,-0.029437713668869048,,,0.26680606092603326,-0.06680606092603325,,,,observed,imputed,observed,observed,imputed,missing,missing,missing,observed,observed,observed,observed,observed,observed,observed,missing
LBN,2022,1.0,0.5057471264367817,,0.6571428571428571,0.0,,,1.0,,1.0,0.5,0.0,0.5,0.5,0.0,1.0,0.7922977518295076,1.0,0.3484848484848485,,0.6129032258064516,0.0,,,1.0,,1.0,0.75,0.0,0.5,1.0,0.0,1.0,0.7523222171303693,0.5057471264367817,0.48314686965745485,0.8333333333333334,0.4,0.23569392017834315,0.1923697982796211,0.6960413223405646,0.6276085012649691,0.2669691931108165,0.3842171150778466,0.6009609566838905,0.49148157841267115,0.4,0.5443586998428858,-0.038611573406104105,,,0.2688538372395244,0.13114616276047564,0.5342233111582259,0.5342233111582259,0.7988063179357416,imputed,imputed,observed,observed,imputed,carried_forward,missing,carried_forward,observed,observed,observed,observed,observed,observed,observed,missing
LBR,2012,1.0,,,0.22857142857142856,1.0,,,,,,0.0,0.0,0.5,0.0,0.0,0.5,0.6707695542491674,1.0,,,0.2,1.0,,,,,,0.0,0.0,0.5,0.0,0.0,0.5,0.5754144832384447,,0.6331136609401987,,0.2,0.0,0.42209458718397874,0.0,0.2463000918174436,0.0,0.48145414524849356,0.0,0.2571411577378928,0.2,,,,,,,,,,imputed,imputed,observed,observed,imputed,missing,missing,missing,observed,observed,observed,observed,observed,observed,observed,missing
LBR,2013,1.0,,,0.21428571428571427,1.0,,,,,,0.0,0.0,0.5,0.5,0.0,1.0,0.7246655310377745,1.0,,,0.0,1.0,,,,,,0.0,0.0,0.5,1.0,0.0,1.0,0.656221807672337,,0.6463170817744963,,0.4,0.0,0.4241861679568259,0.0,0.6276085012649691,0.0,0.4920301340359571,0.0,0.49148157841267115,0.4,,,,,,,,,,imputed,imputed,observed,observed,imputed,missing,missing,missing,observed,observed,observed,observed,observed,observed,observed,missing
LBR,2014,1.0,,,0.2,1.0,,,,,,0.0,0.0,0.5,0.0,0.0,0.5,0.6402100931868344,1.0,,,0.1016949152542373,1.0,,,,,,0.0,0.0,0.5,0.0,0.0,0.5,0.5225574473399387,,0.6134033643956115,,0.2,0.0,0.41407366979619453,0.0,0.2463000918174436,0.0,0.4657839150285168,0.0,0.2571411577378928,0.2,,,,,,,,,,imputed,imputed,observed,observed,imputed,missing,missing,missing,observed,observed,observed,observed,observed,observed,observed,missing
LBY,2010,1.0,0.5862068965517241,0.15448504983388706,0.6714285714285714,1.0,,,,,,0.0,0.5,1.0,0.0,0.0,0.5,0.9155796727819611,1.0,0.5,0.0,0.7580645161290323,1.0,,,,,,0.0,1.0,1.0,0.0,0.0,0.5,0.9151907029466085,0.3703459731928056,0.8623360814035109,,0.4,0.3556808830093822,0.5262307648230551,0.0,0.28940648033474775,0.38237845159463846,0.66343125308668,0.0,0.45581995865416014,0.4,,,,,,,,,,imputed,imputed,observed,observed,imputed,missing,missing,missing,observed,observed,observed,observed,observed,observed,observed,missing
LBY,2016,1.0,0.5862068965517241,0.15448504983388706,0.7,1.0,,,0.0,,,0.0,0.0,0.5,0.0,0.0,0.5,0.7703581269486969,1.0,0.5,0.12692967409948544,0.7272727272727273,1.0,,,0.0,,,0.0,0.0,0.5,0.0,0.0,0.5,0.7315719658675497,0.3703459731928056,0.823452708982899,0.0,0.2,0.3556808830093822,0.5187459117151108,0.0,0.2463000918174436,0.38237845159463846,0.6323173952713409,0.0,0.2571411577378928,0.2,0.6966691788160803,-0.32632320562327466,,,0.26483340376025466,-0.06483340376025465,0.0,0.0,0.04327105784217811,observed,imputed,observed,observed,imputed,carried_forward,missing,missing,observed,observed,observed,observed,observed,observed,observed,missing
LBY,2021,1.0,0.367816091954023,0.15448504983388706,0.6714285714285714,1.0,,,0.0,,,0.0,0.0,0.5,0.5,0.0,1.0,0.7682456623173853,1.0,0.3125,0.15525876460767946,0.6349206349206349,1.0,,,0.0,,,0.0,0.0,0.5,0.5,0.0,1.0,0.7989687899690268,0.261150570893955,0.8132247445819857,0.0,0.4,0.2539039629323704,0.5132343245771767,0.0,0.6276085012649691,0.2670963000240586,0.6242183287901159,0.0,0.49148157841267115,0.4,0.6820533819707834,-0.42090281107682836,0.5727895163210602,0.24043522826092545,0.26483340376025466,0.13516659623974536,0.0,0.0,0.03757749759978628,observed,observed,observed,observed,imputed,carried_forward,missing,missing,observed,observed,observed,observed,observed,observed,observed,missing
LCA,2023,1.0,,,0.7571428571428571,0.75,0.75,,,,,1.0,0.0,0.5,0.0,0.0,0.5,,1.0,,,0.7083333333333334,0.75,0.75,,,,,1.0,0.0,1.0,0.0,0.0,0.5,,,0.7535714285714286,,0.2,0.0,0.38136166209185485,0.05534998959250826,0.2463000918174436,0.0,0.38170180245955454,0.30066200352016803,0.2571411577378928,0.2,,,,,,,,,,imputed,imputed,imputed,observed,imputed,missing,missing,missing,observed,observed,observed,observed,observed,observed,observed,observed
LKA,2010,1.0,0.6666666666666666,0.30066445182724255,0.6428571428571429,0.75,,0.05,,,,0.8333333333333334,0.0,0.5,0.5,0.0,1.0,0.8924333773229212,1.0,0.6,0.17288801571709234,0.7258064516129032,0.75,,0.05,,,,0.8333333333333334,0.0,0.5,1.0,0.0,1.0,0.8825406540255257,0.4836655592469546,0.583822630045016,,0.4,0.471232888700493,0.4590369860550889,0.04612499132709022,0.6276085012649691,0.4938663720756349,0.6004468063796491,0.25055166960014,0.49148157841267115,0.4,,,,,,,,,,imputed,imputed,observed,observed,imputed,missing,missing,missing,observed,observed,observed,observed,observed,observed,observed,missing
LKA,2014,1.0,0.6666666666666666,0.30066445182724255,0.6714285714285714,0.75,,0.05,,,,0.8333333333333334,0.0,0.0,0.5,0.0,1.0,0.9061757995919227,1.0,0.6463414634146342,0.19502868068833656,0.6610169491525424,0.75,,0.05,,,,1.0,0.0,0.0,1.0,0.0,1.0,0.8948919571473894,0.4836655592469546,0.5944010927551235,,0.3,0.471232888700493,0.46557446021682514,0.04612499132709022,0.5870184682448168,0.4938663720756349,0.6116411843030929,0.25055166960014,0.3641950659257678,0.3,0.5919792877309034,-0.10831372848394877,,,0.2681981746408111,0.03180182535918891,,,,observed,imputed,observed,observed,imputed,missing,missing,missing,observed,observed,observed,observed,observed,observed,observed,missing
LKA,2016,1.0,0.7586206896551724,0.30066445182724255,0.6857142857142857,0.75,,0.05,,1.0,1.0,0.8333333333333334,0.0,0.0,0.0,1.0,0.0,0.8986401737268086,1.0,0.7083333333333334,0.27787307032590053,0.7121212121212122,0.75,,0.05,,0.0,0.0,0.8333333333333334,0.0,0.0,0.0,1.0,0.0,0.9075114332274372,0.5296425707412075,0.5960886148602735,0.9444444444444445,0.2,0.514086328732919,0.4675723597252468,0.3506949735539522,0.15117040407034077,0.5424062253685106,0.6134039958061582,0.6778163329013123,0.13396155686684127,0.2,0.5959556059430685,-0.06631303520186105,,,0.2681981746408111,-0.06819817464081107,0.4941684686180094,0.4941684686180094,0.7222965609444962,observed,imputed,observed,observed,observed,missing,carried_forward,carried_forward,observed,observed,observed,observed,observed,observed,observed,missing
LKA,2017,1.0,0.7241379310344828,0.30066445182724255,0.6857142857142857,0.75,,0.3416666666666667,,1.0,1.0,0.8333333333333334,0.0,0.5,0.0,0.0,0.5,0.9130536159456322,1.0,0.6666666666666666,0.27787307032590053,0.711864406779661,0.75,,0.3416666666666667,,0.0,1.0,0.8333333333333334,0.0,1.0,0.0,0.0,0.5,0.9373350838722293,0.5124011914308626,0.6726086420816462,0.9444444444444445,0.2,0.49801628872075926,0.586992736893111,0.3506949735539522,0.2463000918174436,0.5242037803836822,0.6835729172457038,0.6778163329013123,0.2571411577378928,0.2,0.5965899254150016,-0.08418873398413895,0.6237200633821115,0.04888857869953467,0.26956335884980515,-0.06956335884980513,0.5051202116024236,0.5051202116024236,0.7366448414154831,observed,imputed,observed,observed,imputed,missing,carried_forward,carried_forward,observed,observed,observed,observed,observed,observed,observed,missing
LKA,2018,1.0,0.3793103448275862,0.30066445182724255,0.6571428571428571,0.75,,0.6333333333333334,,1.0,1.0,0.8333333333333334,0.0,0.0,0.0,1.0,0.0,0.8974344575148531,1.0,0.2702702702702703,0.19502868068833656,0.631578947368421,0.75,,0.6333333333333334,,0.0,0.0,0.8333333333333334,0.0,0.0,0.0,1.0,0.0,0.9203230936494305,0.33998739832741437,0.7344776619977609,0.9444444444444445,0.2,0.33731588859916173,0.6984386714134795,0.3506949735539522,0.15117040407034077,0.34217933053539823,0.7382118322833451,0.6778163329013123,0.13396155686684127,0.2,0.6253528927925769,-0.2853654944651625,0.6237200633821115,0.11075759861564938,0.26905141477143235,-0.06905141477143234,0.46602794114808244,0.46602794114808244,0.683478007605659,observed,imputed,observed,observed,imputed,missing,carried_forward,carried_forward,observed,observed,observed,observed,observed,observed,observed,missing
LKA,2020,1.0,0.5632183908045977,0.30066445182724255,0.7,0.75,,0.925,,1.0,1.0,0.8333333333333334,0.5,0.5,0.5,1.0,1.0,0.8763651142157928,1.0,0.4492753623188406,0.1955896452540748,0.6612903225806451,0.75,,0.9210526315789475,,0.0,0.0,0.8333333333333334,1.0,0.5,0.5,1.0,1.0,0.8945445231265666,0.4319414213159201,0.8128412785539483,0.9444444444444445,0.7,0.4230227686640137,0.8227169539017738,0.3506949735539522,0.7812952608324617,0.43925903712114966,0.8102422673125781,0.6778163329013123,0.6968354237088763,0.7,0.6486087209221403,-0.21666729960622017,0.6237200633821115,0.18912121517183678,0.26393197398770457,0.4360680260122954,0.6941067453320804,0.6941067453320804,1.0,observed,imputed,observed,observed,observed,missing,carried_forward,carried_forward,observed,observed,observed,observed,observed,observed,observed,missing
LKA,2021,1.0,0.5862068965517241,0.30066445182724255,0.7142857142857143,0.75,,0.925,,1.0,1.0,0.8333333333333334,0.0,0.5,0.0,0.0,0.5,0.8780249580844847,1.0,0.55,0.3021702838063439,0.6825396825396826,0.75,,0.925,,0.0,1.0,0.8333333333333334,0.0,0.5,0.0,0.0,0.5,0.9131383003286643,0.4434356741894833,0.8168276680925497,0.9444444444444445,0.2,0.43373612867212025,0.8255259924849505,0.3506949735539522,0.2463000918174436,0.4513940004443686,0.8144524516754881,0.6778163329013123,0.2571411577378928,0.2,0.6780646715855357,-0.23462899739605242,0.6237200633821115,0.1931076047104382,0.26666234240569275,-0.06666234240569274,0.51143667767653,0.51143667767653,0.7480151083779815,observed,observed,observed,observed,imputed,missing,carried_forward,carried_forward,observed,observed,observed,observed,observed,observed,observed,missing
LSO,2012,1.0,,,0.38571428571428573,0.75,,,,,,0.0,0.0,0.5,0.0,0.0,0.5,0.5758629015678177,1.0,,,0.36923076923076925,0.75,,,,,,0.0,0.0,0.5,0.0,0.0,0.5,0.438920417296631,,0.5705257290940345,,0.2,0.0,0.36293076132053426,0.0,0.2463000918174436,0.0,0.4369887789579657,0.0,0.2571411577378928,0.2,,,,,,,,,,imputed,imputed,observed,observed,imputed,missing,missing,missing,observed,observed,observed,observed,observed,observed,observed,missing
LSO,2023,1.0,,,0.4714285714285714,0.75,0.75,,1.0,,,0.0,0.0,0.5,0.0,0.0,0.5,0.5758629015678177,1.0,,,0.2916666666666667,0.75,0.75,,1.0,,,0.0,0.0,1.0,0.0,0.0,0.5,0.46089472469871906,,0.599097157665463,0.5,0.2,0.0,0.3789064966086145,0.6400800281806298,0.2463000918174436,0.0,0.4595992819883904,0.27207333325018224,0.2571411577378928,0.2,,,,,,,,,,imputed,imputed,imputed,observed,imputed,carried_forward,missing,missing,observed,observed,observed,observed,observed,observed,observed,observed
LTU,2012,1.0,0.8160919540229885,,0.7285714285714285,0.75,,,,,,0.0,0.0,0.5,0.0,0.0,0.5,0.7651267933358512,1.0,0.7866666666666666,,0.7384615384615385,0.75,,,,,,0.0,0.0,0.5,0.0,0.0,0.5,0.7111183864961793,0.8160919540229885,0.7478994073024267,,0.2,0.3803242802877809,0.44352880805173345,0.0,0.2463000918174436,0.43079119797427207,0.5778033468566448,0.0,0.2571411577378928,0.2,,,,,,,,,,observed,imputed,observed,observed,imputed,missing,missing,missing,observed,observed,observed,observed,observed,observed,observed,missing
LTU,2014,1.0,0.7931034482758621,,0.7428571428571429,0.75,,,,,0.0,0.0,0.0,0.0,0.5,0.0,1.0,0.7692762272032664,1.0,0.7804878048780488,,0.7457627118644068,0.75,,,,,0.0,0.0,0.0,0.0,1.0,0.0,1.0,0.7032415527883227,0.7931034482758621,0.7540444566868031,0.0,0.3,0.36961092027967446,0.4465574551798288,0.0,0.5870184682448168,0.4186562346510531,0.5826761352160224,0.0,0.3641950659257678,0.3,0.6536537952166304,0.13944965305923174,,,0.2780688306502343,0.02193116934976569,0.0,0.0,0.01746025141000169,observed,imputed,observed,observed,imputed,missing,missing,carried_forward,observed,observed,observed,observed,observed,observed,observed,missing
LVA,2015,1.0,0.8850574712643678,,0.7714285714285715,0.5,,,,,,0.0,0.0,0.5,0.0,0.0,0.5,0.7964609988929856,1.0,0.8714285714285714,,0.7619047619047619,0.5,,,,,,0.0,0.0,0.5,0.0,0.0,0.5,0.7385693425320419,0.8850574712643678,0.6892965234405191,,0.2,0.4124643603121005,0.37419979974731443,0.0,0.2463000918174436,0.46719608794392886,0.5367896282577137,0.0,0.2571411577378928,0.2,,,,,,,,,,observed,imputed,observed,observed,imputed,missing,missing,missing,observed,observed,observed,observed,observed,observed,observed,missing
MAR,2010,1.0,0.9655172413793104,,0.5857142857142857,0.0,,0.75,,,,0.0,0.0,0.5,0.0,0.0,0.5,0.808190009703896,1.0,0.9714285714285714,,0.6612903225806451,0.0,,0.75,,,,0.0,0.0,0.5,0.0,0.0,0.5,0.7637073798670173,0.9655172413793104,0.5359760738545454,,0.2,0.44996112034047325,0.48427015673884855,0.0,0.2463000918174436,0.5096684595751951,0.5401747723659801,0.0,0.2571411577378928,0.2,,,,,,,,,,imputed,imputed,observed,observed,imputed,missing,missing,missing,observed,observed,observed,observed,observed,observed,observed,missing
MAR,2013,1.0,0.9655172413793104,,0.6142857142857143,0.0,,0.75,,,1.0,0.0,0.0,0.5,0.5,0.0,1.0,0.8163878150733512,1.0,0.9642857142857143,,0.5714285714285714,0.0,,0.75,,,0.0,0.0,0.0,0.5,1.0,0.0,1.0,0.790789844284392,0.9655172413793104,0.5451683823397664,0.5,0.4,0.44996112034047325,0.49031853621026844,0.028286299363680645,0.6276085012649691,0.5096684595751951,0.5498934513516852,0.17855662167362427,0.49148157841267115,0.4,0.5739943367996334,0.391522904579677,,,0.282505679329465,0.117494320670535,0.569613367198849,0.569613367198849,0.8134638984697914,observed,imputed,observed,observed,imputed,missing,missing,carried_forward,observed,observed,observed,observed,observed,observed,observed,missing
MAR,2022,1.0,0.9655172413793104,,0.6142857142857143,0.0,,0.75,1.0,,1.0,0.0,0.0,0.5,0.0,0.0,0.5,0.7950358286679473,1.0,0.9545454545454546,,0.5645161290322581,0.0,,0.75,1.0,,1.0,0.0,0.0,0.5,0.0,0.0,0.5,0.7561331371629899,0.9655172413793104,0.5398303857384155,0.6666666666666666,0.2,0.44996112034047325,0.48843506195626807,0.6683663275443105,0.2463000918174436,0.5096684595751951,0.5442106234434767,0.45062995492380653,0.2571411577378928,0.2,0.5774496161387287,0.3880676252405817,0.5997527471180873,-0.059922361379671885,0.282505679329465,-0.08250567932946501,0.5134392012010286,0.5134392012010286,0.7355946694505522,imputed,imputed,observed,observed,observed,carried_forward,missing,carried_forward,observed,observed,observed,observed,observed,observed,observed,missing
MCO,2021,1.0,0.735632183908046,0.28737541528239197,0.9,0.0,,,,,,0.5,0.0,0.5,0.0,0.0,0.5,0.8958957679330825,1.0,0.7125,0.28881469115191977,0.8888888888888888,0.0,,,,,,0.5,0.0,0.5,0.0,0.0,0.5,0.9317237867438183,0.511503799595219,0.5986319226443608,,0.2,0.4962770373009272,0.24677283796200689,0.02767499479625413,0.2463000918174436,0.5239971212407707,0.47585280310017164,0.15033100176008402,0.2571411577378928,0.2,,,,,,,,,,observed,observed,observed,observed,imputed,missing,missing,missing,observed,observed,observed,observed,observed,observed,observed,missing
MDA,2012,1.0,0.7011494252873564,,0.6857142857142857,0.5,,,,,,0.0,0.0,0.0,0.5,0.0,1.0,0.6212844072272853,1.0,0.6533333333333333,,0.6923076923076923,0.5,,,,,,0.0,0.0,0.0,1.0,0.0,1.0,0.5042453003633178,0.7011494252873564,0.6023328976471903,,0.3,0.32675748024724843,0.34277160987063593,0.0,0.5870184682448168,0.3701163813581774,0.46755590221274373,0.0,0.3641950659257678,0.3,,,,,,,,,,observed,imputed,observed,observed,imputed,missing,missing,missing,observed,observed,observed,observed,observed,observed,observed,missing
MDA,2022,1.0,0.7011494252873564,,0.7,0.5,,,,,1.0,0.0,0.0,0.5,0.0,0.0,0.5,0.7305124811267789,1.0,0.6060606060606061,,0.6612903225806451,0.5,,,,,1.0,0.0,0.0,0.5,0.0,0.0,0.5,0.6663280176483398,0.7011494252873564,0.643504160375593,0.5,0.2,0.32675748024724843,0.3550693202787498,0.028286299363680645,0.2463000918174436,0.3701163813581774,0.5003953545064782,0.17855662167362427,0.2571411577378928,0.2,0.5989370769858818,0.10221234830147452,,,0.27465587012774917,-0.07465587012774916,0.46088278372591135,0.46088278372591135,0.7078848680930137,imputed,imputed,observed,observed,imputed,missing,missing,carried_forward,observed,observed,observed,observed,observed,observed,observed,missing
MDG,2018,1.0,0.14942528735632185,,0.14285714285714285,0.75,,,,1.0,,0.0,0.0,0.5,0.0,0.0,0.5,0.8683154365379327,1.0,0.0,,0.0,0.75,,,,0.0,,0.0,0.0,0.5,0.0,0.0,0.5,0.879198549663841,0.14942528735632185,0.5870575264650252,0.5,0.2,0.06963684005269229,0.34346362886789183,0.27628368286318133,0.2463000918174436,0.07887726160092305,0.45076188438322806,0.24870804162754795,0.2571411577378928,0.2,,,,,,,0.3060385883266759,0.3060385883266759,0.5269275562498862,observed,imputed,observed,observed,imputed,missing,carried_forward,missing,observed,observed,observed,observed,observed,observed,observed,missing
MDG,2020,1.0,0.26436781609195403,,0.15714285714285714,0.75,,,1.0,1.0,,0.0,0.0,0.5,0.0,0.0,0.5,0.8933521306654009,1.0,0.07246376811594203,,0.04838709677419355,0.75,,,0.0,0.0,,0.0,0.0,0.5,0.0,0.0,0.5,0.9150518686924947,0.26436781609195403,0.600164995936086,0.6666666666666666,0.2,0.12320364009322482,0.3483347564186262,0.9163637110438112,0.2463000918174436,0.1395520782170177,0.4611938138584787,0.5207813748777301,0.2571411577378928,0.2,0.5931952467886462,-0.3288274306966922,0.5997527471180873,0.00041224881799861723,0.25827365961982035,-0.05827365961982034,0.3813769976637501,0.3813769976637501,0.6323716827465476,observed,imputed,observed,observed,imputed,carried_forward,carried_forward,missing,observed,observed,observed,observed,observed,observed,observed,missing
MDV,2010,1.0,0.5172413793103449,0.24584717607973422,0.6428571428571429,0.5,,0.0,,,,0.0,0.0,0.0,0.0,1.0,0.0,0.654035796470643,1.0,0.4142857142857143,0.1080550098231827,0.7258064516129032,0.5,,0.0,,,,0.0,0.0,0.0,0.0,1.0,0.0,0.5462582155995228,0.3815442776950395,0.4492232348319465,,0.2,0.37232533152427394,0.3376727660977892,0.0,0.15117040407034077,0.3891082796560631,0.4649674279233565,0.0,0.13396155686684127,0.2,,,,,,,,,,imputed,imputed,observed,observed,imputed,missing,missing,missing,observed,observed,observed,observed,observed,observed,observed,missing
MDV,2012,1.0,0.5172413793103449,0.24584717607973422,0.6428571428571429,0.5,,0.0,,,,0.0,0.0,0.5,0.0,0.0,0.5,0.6447202775056022,1.0,0.44,0.13193116634799237,0.6461538461538462,0.5,,0.0,,,,0.0,0.0,0.5,0.0,0.0,0.5,0.5379506006009376,0.3815442776950395,0.4468943550906863,,0.2,0.37232533152427394,0.3368510373930132,0.0,0.2463000918174436,0.3891082796560631,0.46248810397902407,0.0,0.2571411577378928,0.2,0.5413849772720913,-0.15984069957705183,,,0.2651659122895632,-0.0651659122895632,,,,observed,imputed,observed,observed,imputed,missing,missing,missing,observed,observed,observed,observed,observed,observed,observed,missing
MDV,2016,1.0,0.5517241379310345,0.24584717607973422,0.6285714285714286,0.5,,0.0,1.0,,,0.0,0.0,0.5,0.5,0.0,1.0,0.5627252461373409,1.0,0.4583333333333333,0.22126929674099488,0.6515151515151515,0.5,,0.0,1.0,,,0.0,0.0,0.5,1.0,0.0,1.0,0.4468024336232131,0.3987856570053844,0.42282416867719236,0.5,0.4,0.38839537153643366,0.32695557347811965,0.6400800281806298,0.6276085012649691,0.40731072464089146,0.4368967217797304,0.27207333325018224,0.49148157841267115,0.4,0.5405095790991349,-0.1417239220937505,,,0.2651659122895632,0.1348340877104368,0.4285310867864601,0.4285310867864601,0.690586290821028,observed,imputed,observed,observed,imputed,carried_forward,missing,missing,observed,observed,observed,observed,observed,observed,observed,missing
MDV,2017,1.0,0.5747126436781609,0.24584717607973422,0.6571428571428571,0.5,,0.0,1.0,,,0.0,0.0,0.5,0.0,0.0,0.5,0.6147767845280551,1.0,0.4861111111111111,0.22126929674099488,0.6779661016949152,0.5,,0.0,1.0,,,0.0,0.0,1.0,0.0,0.0,0.5,0.5226358646311996,0.4102799098789476,0.44297991041772805,0.5,0.2,0.3991087315445402,0.33687232264213357,0.6400800281806298,0.2463000918174436,0.4194456879641103,0.458287065085588,0.27207333325018224,0.2571411577378928,0.2,0.5314618825453874,-0.12118197266643982,0.5997527471180873,-0.1567728367003593,0.265677856367936,-0.065677856367936,0.3671690540405138,0.3671690540405138,0.601385362567899,observed,imputed,observed,observed,observed,carried_forward,missing,missing,observed,observed,observed,observed,observed,observed,observed,missing
MDV,2018,1.0,0.3448275862068966,0.24584717607973422,0.6428571428571429,0.5,,0.0,1.0,,,0.0,0.0,0.0,0.5,0.0,1.0,0.7068429920306902,1.0,0.22972972972972974,0.13193116634799237,0.6140350877192983,0.5,,0.0,0.0,,,0.0,0.0,0.0,1.0,0.0,1.0,0.6511523989411916,0.2953373811433154,0.4624250337219583,0.5,0.3,0.2919751314634752,0.34233092723440994,0.6400800281806298,0.5870184682448168,0.298096054731921,0.47902205492550326,0.27207333325018224,0.3641950659257678,0.3,0.5390381859421004,-0.24370080479878498,0.5997527471180873,-0.13732771339612904,0.26601915242018453,0.033980847579815454,0.3783230078495253,0.3783230078495253,0.6182900075959569,observed,imputed,observed,observed,imputed,carried_forward,missing,missing,observed,observed,observed,observed,observed,observed,observed,missing
MDV,2019,1.0,0.4367816091954023,0.24584717607973422,0.6571428571428571,0.5,,0.0,1.0,,,0.0,0.0,0.5,0.5,0.0,1.0,0.6956830346677566,1.0,0.29411764705882354,0.22126929674099488,0.6666666666666666,0.5,,0.0,1.0,,,0.0,0.0,0.5,1.0,0.0,1.0,0.6221415086998804,0.34131439263756824,0.46320647295265344,0.5,0.4,0.3348285714959012,0.34400912182477406,0.6400800281806298,0.6276085012649691,0.34663590802479677,0.47982025115609,0.27207333325018224,0.49148157841267115,0.4,0.5463473763274416,-0.20503298368987333,0.5997527471180873,-0.1365462741654339,0.26260619189769935,0.13739380810230067,0.42168660366576016,0.42168660366576016,0.6754510833535938,observed,observed,observed,observed,imputed,carried_forward,missing,missing,observed,observed,observed,observed,observed,observed,observed,missing
MDV,2022,1.0,0.4367816091954023,0.24584717607973422,0.6714285714285714,0.5,,0.0,1.0,,,0.0,0.0,0.5,0.0,0.0,0.5,0.5955094354426216,1.0,0.25757575757575757,0.24707846410684473,0.6290322580645161,0.5,,0.0,1.0,,,0.0,0.0,0.5,0.0,0.0,0.5,0.4784275891286954,0.34131439263756824,0.44173450171779827,0.5,0.2,0.3348285714959012,0.33783535831067674,0.6400800281806298,0.2463000918174436,0.34663590802479677,0.4569274802522199,0.27207333325018224,0.2571411577378928,0.2,0.5466411100324103,-0.2053267173948421,0.5997527471180873,-0.15801824540028908,0.2639713761066934,-0.0639713761066934,0.3504120084616848,0.3504120084616848,0.5813063603390972,imputed,imputed,observed,observed,imputed,carried_forward,missing,missing,observed,observed,observed,observed,observed,observed,observed,missing
MEX,2011,1.0,0.6091954022988506,0.6495016611295681,0.7285714285714285,0.75,,0.9,,,,0.0,0.0,0.5,0.0,0.0,0.5,0.8141011032524349,1.0,0.6385542168674698,0.5567226890756303,0.8032786885245902,0.75,,0.9,,,,0.0,0.0,1.0,0.0,0.0,0.5,0.7454638214030529,0.6293485317142093,0.7981681329559659,,0.2,0.6307176885572152,0.8124227918424312,0.0,0.2463000918174436,0.6282251598862618,0.7955218773125218,0.0,0.2571411577378928,0.2,,,,,,,,,,observed,imputed,observed,observed,imputed,missing,missing,missing,observed,observed,observed,observed,observed,observed,observed,missing
MEX,2015,1.0,0.9540229885057471,0.6495016611295681,0.7857142857142857,0.75,,0.9,,,,0.0,0.0,0.5,0.5,0.0,1.0,0.8027262627885708,1.0,0.9571428571428572,0.6453781512605044,0.7777777777777778,0.75,,0.9,,,,0.0,0.0,0.5,1.0,0.0,1.0,0.7470760496148647,0.8017623248176575,0.8096101371257142,,0.4,0.7914180886788127,0.8220698990821788,0.0,0.6276085012649691,0.8102496097345457,0.8075681339539532,0.0,0.49148157841267115,0.4,0.6725492108168116,0.1292131140008459,,,0.27252390367512364,0.1274760963248764,,,,observed,imputed,observed,observed,observed,missing,missing,missing,observed,observed,observed,observed,observed,observed,observed,missing
MEX,2016,1.0,0.9655172413793104,0.6495016611295681,0.8,0.75,,0.9,,,,0.0,0.0,0.5,0.0,0.0,0.5,0.8098787859396129,1.0,0.9583333333333334,0.6380789022298456,0.8333333333333334,0.75,,0.9,,,,0.0,0.0,0.5,0.0,0.0,0.5,0.7857747469051839,0.8075094512544392,0.8149696964849032,,0.2,0.7967747686828661,0.8253634509006753,0.0,0.2463000918174436,0.8163170913961553,0.8132401940657481,0.0,0.2571411577378928,0.2,0.6768501239845037,0.13065932726993545,,,0.2776433444588514,-0.0776433444588514,,,,observed,imputed,observed,observed,observed,missing,missing,missing,observed,observed,observed,observed,observed,observed,observed,missing
MEX,2019,1.0,0.8045977011494253,0.6495016611295681,0.8,0.75,,0.925,1.0,,,0.0,0.0,0.0,0.5,0.0,1.0,0.8143056390137697,1.0,0.7647058823529411,0.6380789022298456,0.8333333333333334,0.75,,0.925,1.0,,,0.0,0.0,0.0,1.0,0.0,1.0,0.7853405836832017,0.7270496811394966,0.8223264097534424,0.5,0.3,0.7217812486261205,0.8358810002831636,0.6400800281806298,0.5870184682448168,0.7313723481336227,0.8201040677043993,0.27207333325018224,0.3641950659257678,0.3,0.6788647185501924,0.04818496258930427,,,0.2778139924849756,0.022186007515024364,0.5472362981604865,0.5472362981604865,0.7142730459938371,observed,observed,observed,observed,observed,carried_forward,missing,missing,observed,observed,observed,observed,observed,observed,observed,missing
MLI,2020,1.0,0.42528735632183906,0.2159468438538206,0.2857142857142857,0.75,,,,,,0.0,0.5,1.0,1.0,0.0,1.0,0.9057680340441538,1.0,0.2753623188405797,0.0977948226270374,0.1935483870967742,0.75,,,,,,0.0,1.0,1.0,1.0,0.0,1.0,0.9300407999069067,0.32061710008782984,0.6471607732528132,,0.7,0.31350604578810604,0.37339357522012906,0.0,0.8463132404325076,0.3264516095530152,0.4984140591848209,0.0,0.7946461547527275,0.7,,,,,,,,,,observed,imputed,observed,observed,imputed,missing,missing,missing,observed,observed,observed,observed,observed,observed,observed,missing
MLI,2021,1.0,0.3563218390804598,0.2159468438538206,0.2857142857142857,0.75,,,1.0,,,0.0,0.0,0.5,0.0,0.0,0.5,0.9062443130443937,1.0,0.3,0.21702838063439064,0.20634920634920634,0.75,,,1.0,,,0.0,0.0,0.5,0.0,0.0,0.5,0.9424861834237859,0.2861343414671402,0.6473195329195598,0.5,0.2,0.2813659657637866,0.37343558813722444,0.6400800281806298,0.2463000918174436,0.2900467195833584,0.4985408207677138,0.27207333325018224,0.2571411577378928,0.2,0.6157873418181242,-0.32965300035098405,,,0.2633568164378605,-0.06335681643786051,0.36891148344463937,0.36891148344463937,0.600752397707144,observed,observed,observed,observed,imputed,carried_forward,missing,missing,observed,observed,observed,observed,observed,observed,observed,missing
MLT,2015,1.0,0.7586206896551724,,0.8571428571428571,0.0,,,,,,0.5,0.5,1.0,0.5,0.0,1.0,0.6334412755075108,1.0,0.7142857142857143,,0.8571428571428571,0.0,,,,,,0.5,1.0,1.0,1.0,0.0,1.0,0.5172281414790084,0.7586206896551724,0.49686137755012266,,0.6,0.3535408802675147,0.2156336686102635,0.02767499479625413,0.6707148897822732,0.4004537896662247,0.3946953286642264,0.15033100176008402,0.6901603793289385,0.6,,,,,,,,,,imputed,imputed,observed,observed,imputed,missing,missing,missing,observed,observed,observed,observed,observed,observed,observed,missing
MLT,2017,1.0,0.7586206896551724,,0.8571428571428571,0.0,,,,,,0.5,0.0,0.5,0.0,0.0,0.5,0.6418130266877478,1.0,0.7083333333333334,,0.9152542372881356,0.0,,,,,,0.5,0.0,1.0,0.0,0.0,0.5,0.5602247999217844,0.7586206896551724,0.49965196127686823,,0.2,0.3535408802675147,0.21637214687216808,0.02767499479625413,0.2463000918174436,0.4004537896662247,0.39692346895732755,0.15033100176008402,0.2571411577378928,0.2,0.5592915880599723,0.19932910159520012,,,0.2763623503889917,-0.0763623503889917,,,,observed,imputed,observed,observed,imputed,missing,missing,missing,observed,observed,observed,observed,observed,observed,observed,missing
MLT,2023,1.0,0.7586206896551724,,0.8571428571428571,0.0,0.0,,,,1.0,0.5,0.0,0.0,0.5,0.0,1.0,0.6418130266877478,1.0,0.676923076923077,,0.8541666666666666,0.0,0.0,,,,1.0,0.5,0.0,0.0,1.0,0.0,1.0,0.5546822397261598,0.7586206896551724,0.49965196127686823,0.75,0.3,0.3535408802675147,0.21637214687216808,0.055961294159934775,0.5870184682448168,0.4004537896662247,0.39692346895732755,0.32888762343370825,0.3641950659257678,0.3,0.5603405352651865,0.19828015438998592,,,0.2763623503889917,0.023637649611008282,0.5404041797126605,0.5404041797126605,0.6824285420383585,imputed,imputed,imputed,observed,imputed,missing,missing,carried_forward,observed,observed,observed,observed,observed,observed,observed,observed
MMR,2010,1.0,0.9195402298850575,0.362126245847176,0.35714285714285715,1.0,,,,,,0.0,0.0,0.0,0.5,0.0,1.0,0.9757027388152166,1.0,0.9142857142857143,0.24557956777996062,0.4032258064516129,1.0,,,,,,0.0,0.0,0.0,1.0,0.0,1.0,1.0,0.6408332378661168,0.7776151986526912,,0.3,0.621898531625134,0.47295656815998555,0.0,0.5870184682448168,0.6563688698519523,0.5965278201154111,0.0,0.3641950659257678,0.3,,,,,,,,,,imputed,imputed,observed,observed,imputed,missing,missing,missing,observed,observed,observed,observed,observed,observed,observed,missing
MMR,2011,1.0,0.9195402298850575,0.362126245847176,0.38571428571428573,1.0,,,,,,0.0,0.0,0.5,0.0,0.0,0.5,0.9766153641216249,1.0,0.963855421686747,0.19327731092436964,0.4098360655737705,1.0,,,,,,0.0,0.0,1.0,0.0,0.0,0.5,0.9679813277082256,0.6408332378661168,0.7874432166119701,,0.2,0.621898531625134,0.47836231659820877,0.0,0.2463000918174436,0.6563688698519523,0.604307549544267,0.0,0.2571411577378928,0.2,0.6648236074637405,-0.023990369597623684,,,0.27286491625889026,-0.07286491625889024,,,,observed,imputed,observed,observed,imputed,missing,missing,missing,observed,observed,observed,observed,observed,observed,observed,missing
MMR,2014,1.0,0.8160919540229885,0.362126245847176,0.4142857142857143,1.0,,,,,,0.0,0.0,0.5,0.5,0.0,1.0,0.859683143365052,1.0,0.8048780487804879,0.265774378585086,0.3559322033898305,1.0,,,,,,0.0,0.0,0.5,1.0,0.0,1.0,0.8298052939085117,0.5891090999350823,0.7579896192169221,,0.4,0.5736884115886547,0.473372885435246,0.0,0.6276085012649691,0.6017615348974672,0.580722891260898,0.0,0.49148157841267115,0.4,0.6685178424269764,-0.07940874249189411,,,0.27286491625889026,0.12713508374110977,,,,observed,imputed,observed,observed,imputed,missing,missing,missing,observed,observed,observed,observed,observed,observed,observed,missing
MMR,2019,1.0,0.5862068965517241,0.362126245847176,0.45714285714285713,1.0,,,,,,0.0,0.0,0.5,0.0,0.0,0.5,0.8754767499046513,1.0,0.4852941176470588,0.3413379073756432,0.43333333333333335,1.0,,,,,,0.0,0.0,0.5,0.0,0.0,0.5,0.8694988161561138,0.47416657119945005,0.7775398690158362,,0.2,0.4665548115075896,0.48275391860170414,0.0,0.2463000918174436,0.4804119016652778,0.5962316087352206,0.0,0.2571411577378928,0.2,0.6574465857666105,-0.18328001456716048,,,0.2713290840237719,-0.07132908402377192,,,,observed,observed,observed,observed,imputed,missing,missing,missing,observed,observed,observed,observed,observed,observed,observed,missing
MNE,2015,1.0,0.4942528735632184,,0.6714285714285714,0.25,,,,,,0.0,0.0,0.5,0.0,0.0,0.5,0.6271981127256253,1.0,0.38571428571428573,,0.6507936507936508,0.25,,,,,,0.0,0.0,0.5,0.0,0.0,0.5,0.5087514423421526,0.4942528735632184,0.5162088947180655,,0.2,0.23033724017428986,0.26054975057102825,0.0,0.2463000918174436,0.26090171144920704,0.4047028527335705,0.0,0.2571411577378928,0.2,,,,,,,,,,observed,imputed,observed,observed,imputed,missing,missing,missing,observed,observed,observed,observed,observed,observed,observed,missing
MNG,2010,1.0,0.8160919540229885,0.4136212624584717,0.6428571428571429,0.75,,1.0,,,,0.0,0.0,0.5,0.0,0.0,0.5,0.8925336360114342,1.0,0.7857142857142857,0.3064833005893909,0.7258064516129032,0.75,,1.0,,,,0.0,0.0,0.5,0.0,0.0,0.5,0.8826820784314532,0.6148566082407301,0.8213476947171443,,0.2,0.6011851458562101,0.8438738611367045,0.0,0.2463000918174436,0.6260738305149858,0.8165288503376618,0.0,0.2571411577378928,0.2,,,,,,,,,,imputed,imputed,observed,observed,imputed,missing,missing,missing,observed,observed,observed,observed,observed,observed,observed,missing
MNG,2019,1.0,0.8160919540229885,0.4136212624584717,0.7,0.75,,1.0,,1.0,,0.0,0.0,0.5,0.0,0.0,0.5,0.8545838136767616,1.0,0.7794117647058824,0.39451114922813035,0.7166666666666667,0.75,,1.0,,0.0,,0.0,0.0,0.5,0.0,0.0,0.5,0.8407546498576631,0.6148566082407301,0.8261459534191904,0.5,0.2,0.6011851458562101,0.8511767698928148,0.27628368286318133,0.2463000918174436,0.6260738305149858,0.8215021796285332,0.24870804162754795,0.2571411577378928,0.2,0.6812621321652903,-0.06640552392456023,,,0.27209359851954784,-0.07209359851954783,0.47474200129611405,0.47474200129611405,0.7311782938711653,observed,observed,observed,observed,observed,missing,carried_forward,missing,observed,observed,observed,observed,observed,observed,observed,missing
MNG,2020,1.0,0.8275862068965517,0.41445182724252494,0.7,0.75,,1.0,,1.0,,0.0,0.5,0.5,0.0,1.0,0.5,0.8459810053987495,1.0,0.782608695652174,0.32694151486097794,0.6612903225806451,0.75,,1.0,,0.0,,0.0,1.0,0.5,0.0,1.0,0.5,0.857863719227172,0.6210190170695383,0.8239952513496873,0.5,0.5,0.6069853215742562,0.8504179099162256,0.27628368286318133,0.39998685138493617,0.6325334459768778,0.8192125435242839,0.24870804162754795,0.4624950030340981,0.5,0.6830657404953926,-0.06204672342585427,0.5997527471180873,0.22424250423159997,0.27209359851954784,0.22790640148045216,0.5980567607834284,0.5980567607834284,0.9039422837575548,observed,imputed,observed,observed,observed,missing,carried_forward,missing,observed,observed,observed,observed,observed,observed,observed,missing
MNG,2021,1.0,0.7471264367816092,0.4152823920265781,0.7,0.75,,1.0,,1.0,,0.0,1.0,0.0,1.0,1.0,1.0,0.7181874434632165,1.0,0.725,0.4173622704507512,0.6666666666666666,0.75,,1.0,,0.0,,0.0,1.0,0.0,1.0,1.0,1.0,0.7469086788513452,0.5812044144040936,0.7920468608658041,0.5,0.8,0.5699320572598763,0.839145146850413,0.27628368286318133,0.9188199339596956,0.5904532081458941,0.7852003066078714,0.24870804162754795,0.7454269750751259,0.8,0.6822573171883146,-0.10105290278422097,0.5997527471180873,0.19229411374771677,0.27227657742463623,0.5277234225753638,0.6550658256275843,0.6550658256275843,0.9810653636238447,observed,observed,observed,observed,observed,missing,carried_forward,missing,observed,observed,observed,observed,observed,observed,observed,missing
MNG,2022,1.0,0.7471264367816092,0.4152823920265781,0.7,0.75,,1.0,,1.0,,0.0,0.0,0.0,0.0,1.0,0.0,0.6357465221260525,1.0,0.6666666666666666,0.4173622704507512,0.6612903225806451,0.75,,1.0,,1.0,,0.0,0.0,0.0,0.0,1.0,0.0,0.5344305170025366,0.5812044144040936,0.7714366305315131,0.5,0.2,0.5699320572598763,0.8318729732049991,0.27628368286318133,0.15117040407034077,0.5904532081458941,0.7632586680334535,0.24870804162754795,0.13396155686684127,0.2,0.6702482975025859,-0.0890438830984922,0.5997527471180873,0.17168388341342578,0.27109437212073056,-0.07109437212073055,0.4601583321556164,0.4601583321556164,0.7125790809723203,imputed,imputed,observed,observed,imputed,missing,carried_forward,missing,observed,observed,observed,observed,observed,observed,observed,missing
MOZ,2010,1.0,0.6436781609195402,,0.15714285714285714,1.0,,0.675,,,,0.0,0.0,0.5,0.0,0.0,0.5,0.8145246911884217,1.0,0.5714285714285714,,0.1774193548387097,1.0,,0.675,,,,0.0,0.0,0.5,0.0,0.0,0.5,0.7726430499717755,0.6436781609195402,0.6616668870828197,,0.2,0.29997408022698213,0.6948926628663374,0.0,0.2463000918174436,0.33977897305013005,0.6543854860813759,0.0,0.2571411577378928,0.2,,,,,,,,,,imputed,imputed,observed,observed,imputed,missing,missing,missing,observed,observed,observed,observed,observed,observed,observed,missing
MOZ,2017,1.0,0.6436781609195402,,0.34285714285714286,1.0,,0.675,,,,0.0,0.0,0.5,0.0,0.0,0.5,0.6883059842934415,1.0,0.5694444444444444,,0.3050847457627119,1.0,,0.675,,,,0.0,0.0,1.0,0.0,0.0,0.5,0.6248647289690905,0.6436781609195402,0.6765407817876461,,0.2,0.29997408022698213,0.7183729120335041,0.0,0.2463000918174436,0.33977897305013005,0.6697818198251438,0.0,0.2571411577378928,0.2,0.6212400173335262,0.022438143586014037,,,0.2729493898665066,-0.07294938986650656,,,,observed,imputed,observed,observed,observed,missing,missing,missing,observed,observed,observed,observed,observed,observed,observed,missing
MRT,2012,1.0,0.13793103448275862,,0.1,0.75,,,,,,1.0,0.0,0.5,0.0,0.0,0.5,0.9472973326617941,1.0,0.0,,0.06153846153846154,0.75,,,,,,1.0,0.0,0.5,0.0,0.0,0.5,0.973114747182255,0.13793103448275862,0.5990991108872646,,0.2,0.06428016004863903,0.3424428117388225,0.05534998959250826,0.2463000918174436,0.07280977993931359,0.4604776524122351,0.30066200352016803,0.2571411577378928,0.2,,,,,,,,,,observed,imputed,observed,observed,imputed,missing,missing,missing,observed,observed,observed,observed,observed,observed,observed,missing
MRT,2018,1.0,0.14942528735632185,,0.2714285714285714,0.75,,,,1.0,,1.0,0.0,0.5,0.0,0.0,0.5,0.9355218090525059,1.0,0.0,,0.15789473684210525,0.75,,,,0.0,,1.0,0.0,0.5,0.0,0.0,0.5,0.9741135340919949,0.14942528735632185,0.6523167934936924,1.0,0.2,0.06963684005269229,0.3733555548109296,0.3316336724556896,0.2463000918174436,0.07887726160092305,0.5025646046698424,0.5493700451477159,0.2571411577378928,0.2,0.5977215350361555,-0.44829624767983367,,,0.2579323635675718,-0.05793236356757181,0.3736613372109748,0.3736613372109748,0.6270422763303095,observed,imputed,observed,observed,imputed,missing,carried_forward,missing,observed,observed,observed,observed,observed,observed,observed,missing
MUS,2017,1.0,0.6666666666666666,,0.7714285714285715,1.0,,0.0,,,,0.16666666666666666,0.0,0.5,0.5,0.0,1.0,0.7991505537408925,1.0,0.5972222222222222,,0.8135593220338984,1.0,,0.0,,,,0.16666666666666666,0.0,1.0,1.0,0.0,1.0,0.7789737698506922,0.6666666666666666,0.642644781292366,,0.4,0.31068744023508865,0.5345988253684811,0.009224998265418043,0.6276085012649691,0.351913936373349,0.6588225811064466,0.050110333920028005,0.49148157841267115,0.4,,,,,,,,,,observed,imputed,observed,observed,observed,missing,missing,missing,observed,observed,observed,observed,observed,observed,observed,missing
MUS,2023,1.0,0.6666666666666666,,0.7571428571428571,1.0,1.0,0.0,1.0,,,0.16666666666666666,0.0,0.5,0.0,0.0,0.5,0.7991505537408925,1.0,0.5538461538461539,,0.7083333333333334,1.0,1.0,0.0,1.0,,,0.16666666666666666,0.0,1.0,0.0,0.0,0.5,0.7784315602322678,0.6666666666666666,0.6390733527209373,0.5833333333333334,0.2,0.31068744023508865,0.5319362028204678,0.6493050264460478,0.2463000918174436,0.351913936373349,0.6550541639347092,0.32218366717021024,0.2571411577378928,0.2,0.6140898341962313,0.05257683247043532,,,0.2736319819710036,-0.07363198197100357,0.4721734463253155,0.4721734463253155,0.5962659961962968,imputed,imputed,imputed,observed,imputed,carried_forward,missing,missing,observed,observed,observed,observed,observed,observed,observed,observed
MWI,2017,0.0,0.4942528735632184,,0.42857142857142855,1.0,,0.825,,,,0.0,0.0,0.5,0.0,0.0,0.5,0.699403405550564,0.0,0.3888888888888889,,0.4067796610169492,1.0,,0.825,,,,0.0,0.0,1.0,0.0,0.0,0.5,0.640293657555484,0.4942528735632184,0.7382437085304983,,0.2,0.23033724017428986,0.7960898796380195,0.0,0.2463000918174436,0.26090171144920704,0.7294599040517616,0.0,0.2571411577378928,0.0,,,,,,,,,,observed,imputed,observed,observed,observed,missing,missing,missing,observed,observed,observed,observed,observed,observed,observed,missing
MWI,2023,1.0,0.4942528735632184,,0.42857142857142855,1.0,1.0,0.825,1.0,1.0,,0.0,0.0,0.5,0.0,0.0,0.5,0.699403405550564,1.0,0.3230769230769231,,0.22916666666666666,1.0,1.0,0.825,1.0,1.0,,0.0,0.0,1.0,0.0,0.0,0.5,0.6365813796172548,0.4942528735632184,0.7382437085304983,0.6666666666666666,0.2,0.23033724017428986,0.7960898796380195,0.9163637110438112,0.2463000918174436,0.26090171144920704,0.7294599040517616,0.5207813748777301,0.2571411577378928,0.2,0.6500243329847206,-0.15577145942150222,,,0.26851254118727585,-0.06851254118727584,0.4696474012140877,0.4696474012140877,0.5930760777110348,imputed,imputed,imputed,observed,imputed,carried_forward,carried_forward,missing,observed,observed,observed,observed,observed,observed,observed,observed
MYS,2012,1.0,1.0,0.6710963455149501,0.8,0.0,,0.2,1.0,,,0.3333333333333333,0.0,0.5,0.0,0.0,0.5,0.9066779469411531,1.0,1.0,0.6214149139579349,0.8153846153846154,0.0,,0.2,0.0,,,0.3333333333333333,0.0,0.5,0.0,0.0,0.5,0.9146962385063226,0.8355481727574751,0.47666948673528825,0.6666666666666666,0.2,0.8243756972588394,0.31010201159895123,0.6585300247114659,0.2463000918174436,0.84471501518833,0.4978288971612876,0.37229400109023825,0.2571411577378928,0.2,,,,,,,0.48004493926957864,0.48004493926957864,0.6348706546042703,observed,imputed,observed,observed,imputed,carried_forward,missing,missing,observed,observed,observed,observed,observed,observed,observed,missing
MYS,2016,1.0,1.0,0.6710963455149501,0.8285714285714286,0.0,,0.2,1.0,,,0.3333333333333333,0.0,0.0,0.5,0.0,1.0,0.8944726571300023,1.0,1.0,0.660377358490566,0.8636363636363636,0.0,,0.2,1.0,,,0.3333333333333333,0.0,0.0,1.0,0.0,1.0,0.9017956634165312,0.8355481727574751,0.48076102142535776,0.6666666666666666,0.3,0.8243756972588394,0.3143506192016113,0.6585300247114659,0.5870184682448168,0.84471501518833,0.5021172954927844,0.37229400109023825,0.3641950659257678,0.3,0.5517016966565302,0.2838464761009448,0.6087404907170965,-0.1279794692917387,0.27864653941641576,0.021353460583584227,0.5323934266185377,0.5323934266185377,0.7120173854405016,observed,imputed,observed,observed,observed,carried_forward,missing,missing,observed,observed,observed,observed,observed,observed,observed,missing
MYS,2021,1.0,0.8275862068965517,0.6710963455149501,0.8142857142857143,0.0,,0.7,1.0,,,0.3333333333333333,0.0,0.5,0.0,0.0,0.5,0.8606694557937289,1.0,0.8125,0.6744574290484139,0.7936507936507936,0.0,,0.7,1.0,,,0.3333333333333333,0.0,0.5,0.0,0.0,0.5,0.8950887292803592,0.749341276205751,0.5937387925198607,0.6666666666666666,0.2,0.7440254971980406,0.5112472607197593,0.6585300247114659,0.2463000918174436,0.7537027902641881,0.6030655089013388,0.37229400109023825,0.2571411577378928,0.2,0.5532396558430086,0.19610162036274237,0.6087404907170965,-0.015001698197235735,0.27864653941641576,-0.07864653941641575,0.4935185193730239,0.4935185193730239,0.6568729700055714,observed,observed,observed,observed,observed,carried_forward,missing,missing,observed,observed,observed,observed,observed,observed,observed,missing
MYS,2022,1.0,0.8275862068965517,0.6710963455149501,0.8285714285714286,0.0,,0.7,1.0,,,0.3333333333333333,0.0,0.0,0.5,0.0,1.0,0.8841722321707929,1.0,0.7727272727272727,0.6744574290484139,0.8064516129032258,0.0,,0.7,1.0,,,0.5,0.0,0.0,1.0,0.0,1.0,0.8801952894648627,0.749341276205751,0.6031859151855554,0.6666666666666666,0.3,0.7440254971980406,0.5159830802698336,0.6585300247114659,0.5870184682448168,0.7537027902641881,0.6130891864024928,0.37229400109023825,0.3641950659257678,0.3,0.5957066551683137,0.1536346210374373,0.6087404907170965,-0.0055545755315410394,0.2760868190245519,0.02391318097544809,0.5483277315717908,0.5483277315717908,0.7321001671586078,imputed,imputed,observed,observed,imputed,carried_forward,missing,missing,observed,observed,observed,observed,observed,observed,observed,missing
NAM,2013,1.0,0.5517241379310345,0.23754152823920266,0.5142857142857142,0.75,,0.925,,,,0.0,0.5,1.0,0.0,0.0,0.5,0.6250583733108157,1.0,0.5357142857142857,0.10000000000000003,0.42857142857142855,0.75,,0.925,,,,0.0,1.0,1.0,0.0,0.0,0.5,0.5100856774095417,0.39463283308511854,0.7035860218991326,,0.4,0.3839604143965054,0.7659349103413138,0.0,0.28940648033474775,0.40338938663806584,0.6943675935173418,0.0,0.45581995865416014,0.4,,,,,,,,,,imputed,imputed,observed,observed,imputed,missing,missing,missing,observed,observed,observed,observed,observed,observed,observed,missing
NAM,2021,1.0,0.5517241379310345,0.23754152823920266,0.5571428571428572,0.75,,0.925,1.0,,,0.0,0.0,0.5,0.0,0.0,0.5,0.6113367461806135,1.0,0.5125,0.2387312186978297,0.5079365079365079,0.75,,0.925,1.0,,,0.0,0.0,0.5,0.0,0.0,0.5,0.6357848853792006,0.39463283308511854,0.7108699008308677,0.5,0.2,0.3839604143965054,0.772712383273966,0.6400800281806298,0.2463000918174436,0.40338938663806584,0.7020208360755885,0.27207333325018224,0.2571411577378928,0.2,0.6369969211272173,-0.24236408804209875,,,0.2655545475782947,-0.06555454757829471,0.40925673514395633,0.40925673514395633,0.635909985562108,observed,observed,observed,observed,observed,carried_forward,missing,missing,observed,observed,observed,observed,observed,observed,observed,missing
NER,2019,1.0,0.2988505747126437,0.22757475083056475,0.18571428571428572,0.25,,,,1.0,,0.0,0.0,0.5,0.0,0.0,0.5,0.7957425620083162,1.0,0.11764705882352941,0.20240137221269297,0.11666666666666667,0.25,,,,0.0,,0.0,0.0,0.5,0.0,0.0,0.5,0.7598018003051414,0.2632126627716042,0.410485615907534,0.5,0.2,0.2607915057394199,0.1848880124228045,0.27628368286318133,0.2463000918174436,0.2651991844792669,0.32143474823061424,0.24870804162754795,0.2571411577378928,0.2,,,,,,,0.3224045635581134,0.3224045635581134,0.5502628018887287,observed,observed,observed,observed,imputed,missing,carried_forward,missing,observed,observed,observed,observed,observed,observed,observed,missing
NGA,2011,1.0,0.28735632183908044,,0.2571428571428571,1.0,,,,,,0.0,0.5,0.5,0.5,0.0,1.0,0.9135636996038728,1.0,0.30120481927710846,,0.26229508196721313,1.0,,,,,,0.0,1.0,1.0,1.0,0.0,1.0,0.8816498323561129,0.28735632183908044,0.72356885224891,,0.5,0.1339170001013313,0.44883688047004466,0.0,0.6301248567621209,0.15168704154023663,0.5536106041540255,0.0,0.5628738668420351,0.5,,,,,,,,,,observed,imputed,observed,observed,imputed,missing,missing,missing,observed,observed,observed,observed,observed,observed,observed,missing
NGA,2018,1.0,0.4482758620689655,,0.34285714285714286,1.0,,,1.0,1.0,,0.0,0.0,0.5,0.0,0.0,0.5,0.9251208742557638,1.0,0.35135135135135137,,0.24561403508771928,1.0,,,0.0,0.0,,0.0,0.0,0.5,0.0,0.0,0.5,0.9594243829395955,0.4482758620689655,0.755992672370969,0.6666666666666666,0.2,0.20891052015807685,0.4658320825418014,0.9163637110438112,0.2463000918174436,0.23663178480276917,0.5792970474461575,0.5207813748777301,0.2571411577378928,0.2,0.6445082291903923,-0.19623236712142678,,,0.26236921224680254,-0.06236921224680253,0.4610525403279715,0.4610525403279715,0.6705415418575962,observed,imputed,observed,observed,imputed,carried_forward,carried_forward,missing,observed,observed,observed,observed,observed,observed,observed,missing
NGA,2022,1.0,0.4482758620689655,,0.35714285714285715,1.0,,,1.0,1.0,,0.0,0.0,0.5,0.5,0.0,1.0,0.8658391072074294,1.0,0.2727272727272727,,0.27419354838709675,1.0,,,1.0,1.0,,0.0,0.0,0.5,1.0,0.0,1.0,0.854678813008625,0.4482758620689655,0.7409939881167622,0.6666666666666666,0.4,0.20891052015807685,0.46326541729207976,0.9163637110438112,0.6276085012649691,0.23663178480276917,0.5672876314067925,0.5207813748777301,0.49148157841267115,0.4,0.6566959572178421,-0.2084200951488766,0.6087404907170965,0.13225349739966574,0.2671473569782818,0.13285264302171823,0.545547026228032,0.545547026228032,0.7863386274942389,imputed,imputed,observed,observed,imputed,carried_forward,carried_forward,missing,observed,observed,observed,observed,observed,observed,observed,missing
NIC,2012,1.0,0.7241379310344828,,0.6571428571428571,0.0,,,,,,0.0,0.0,0.5,0.0,0.0,0.5,0.7042264713176013,1.0,0.68,,0.6615384615384615,0.0,,,,,,0.0,0.0,0.5,0.0,0.0,0.5,0.6235319809641443,0.7241379310344828,0.45378977615348615,,0.2,0.3374708402553549,0.18460096655541988,0.0,0.2463000918174436,0.3822513446813963,0.36077695727229225,0.0,0.2571411577378928,0.2,,,,,,,,,,observed,imputed,observed,observed,imputed,missing,missing,missing,observed,observed,observed,observed,observed,observed,observed,missing
NIC,2020,1.0,0.8045977011494253,,0.7,0.0,,,,,,0.0,0.0,0.5,0.0,0.0,0.5,0.6488937212192641,1.0,0.7536231884057971,,0.6612903225806451,0.0,,,,,,0.0,0.0,0.5,0.0,0.0,0.5,0.6199327644118423,0.8045977011494253,0.4496312404064214,,0.2,0.37496760028372766,0.18770789205972185,0.0,0.2463000918174436,0.4247237163126626,0.3573554058321986,0.0,0.2571411577378928,0.2,0.5431014857971054,0.2614962153523199,,,0.2753384622322462,-0.07533846223224616,,,,observed,imputed,observed,observed,imputed,missing,missing,missing,observed,observed,observed,observed,observed,observed,observed,missing
NLD,2012,1.0,0.8275862068965517,0.8588039867109635,0.8571428571428571,0.25,,,,,,0.0,0.0,0.5,0.5,0.0,1.0,0.5509945275130989,1.0,0.8,0.8374760994263862,0.8769230769230769,0.25,,,,,,0.0,0.0,0.5,1.0,0.0,1.0,0.4031549004209365,0.8431950968037576,0.5527124615519853,,0.4,0.8442555285604201,0.2884418700068905,0.0,0.6276085012649691,0.8423250291280462,0.4334107034450318,0.0,0.49148157841267115,0.4,,,,,,,,,,observed,imputed,observed,observed,imputed,missing,missing,missing,observed,observed,observed,observed,observed,observed,observed,missing
NLD,2016,1.0,0.9310344827586207,0.8588039867109635,0.8857142857142857,0.25,,,,,,0.0,0.5,1.0,0.0,0.0,0.5,0.5752149370979702,1.0,0.9166666666666666,0.8542024013722127,0.9242424242424242,0.25,,,,,,0.0,1.0,1.0,0.0,0.0,0.5,0.4639321071067023,0.8949192347347921,0.5703097409374186,,0.4,0.8924656485968994,0.29590361505230367,0.0,0.28940648033474775,0.8969323640825313,0.44739379608615676,0.0,0.45581995865416014,0.4,0.5802853457137738,0.3146338890210183,,,0.2788735976704449,0.12112640232955513,,,,observed,imputed,observed,observed,imputed,missing,missing,missing,observed,observed,observed,observed,observed,observed,observed,missing
NLD,2019,1.0,0.8850574712643678,0.8588039867109635,0.9,0.25,,,,,,0.0,0.0,0.5,0.5,0.0,1.0,0.5710156752651219,1.0,0.8676470588235294,0.8542024013722127,0.95,0.25,,,,,,0.0,0.0,0.5,1.0,0.0,1.0,0.45062615673730944,0.8719307289876657,0.5736718917550406,,0.4,0.8710389285806864,0.29819581765915537,0.0,0.6276085012649691,0.8726624374360935,0.4500445803648934,0.0,0.49148157841267115,0.4,0.5868999535658201,0.2850307754218455,,,0.2804094299055632,0.1195905700944368,,,,observed,observed,observed,observed,imputed,missing,missing,missing,observed,observed,observed,observed,observed,observed,observed,missing
NOR,2010,1.0,0.9885057471264368,,0.8857142857142857,0.75,,0.975,,,,0.5,0.5,1.0,0.5,0.0,1.0,0.6354243983938719,1.0,1.0,,1.0,0.75,,0.975,,,,0.5,1.0,1.0,1.0,0.0,1.0,0.5200050703058557,0.9885057471264368,0.8115346710270394,,0.6,0.4606744803485797,0.8563315981080559,0.02767499479625413,0.6707148897822732,0.5218034228984141,0.8064766907124379,0.15033100176008402,0.6901603793289385,0.6,,,,,,,,,,imputed,imputed,observed,observed,imputed,missing,missing,missing,observed,observed,observed,observed,observed,observed,observed,missing
NOR,2017,1.0,0.9885057471264368,,0.9285714285714286,0.75,,0.975,,,,0.5,0.0,0.5,0.0,0.0,0.5,0.5665231216075103,1.0,0.9861111111111112,,1.0,0.75,,0.975,,,,0.5,0.0,1.0,0.0,0.0,0.5,0.4555479978211375,0.9885057471264368,0.8050236375447347,,0.2,0.4606744803485797,0.8582416340023522,0.02767499479625413,0.2463000918174436,0.5218034228984141,0.7994438779745915,0.15033100176008402,0.2571411577378928,0.2,0.6775735333693529,0.3109322137570839,,,0.2831882714339621,-0.08318827143396207,,,,observed,imputed,observed,observed,observed,missing,missing,missing,observed,observed,observed,observed,observed,observed,observed,missing
NOR,2020,1.0,0.9310344827586207,,0.9428571428571428,0.75,,0.975,1.0,,,0.5,0.0,0.5,0.5,0.0,1.0,0.5065322604180253,1.0,0.9130434782608695,,0.9354838709677419,0.75,,0.9736842105263158,0.0,,,0.5,0.0,0.5,0.5,0.0,1.0,0.4480688187577087,0.9310344827586207,0.793597350818792,0.75,0.4,0.43389108032831347,0.8556124190425867,0.6677550229768839,0.6276085012649691,0.4914660145903667,0.7872457366382745,0.42240433501026625,0.49148157841267115,0.4,0.675126113387339,0.2559083693712817,,,0.2831882714339621,0.11681172856603794,0.6861543288583377,0.6861543288583377,0.8975534755057543,observed,imputed,observed,observed,imputed,carried_forward,missing,missing,observed,observed,observed,observed,observed,observed,observed,missing
NPL,2010,1.0,0.5517241379310345,,0.21428571428571427,1.0,,0.05,,,,0.0,0.0,0.5,0.5,0.0,1.0,0.8612977804102661,1.0,0.45714285714285713,,0.24193548387096775,1.0,,0.05,,,,0.0,0.0,0.5,1.0,0.0,1.0,0.8386209363245114,0.5517241379310345,0.531395873673995,,0.4,0.2571206401945561,0.4564927049761606,0.0,0.6276085012649691,0.29123911975725436,0.5397661210019473,0.0,0.49148157841267115,0.4,,,,,,,,,,imputed,imputed,observed,observed,imputed,missing,missing,missing,observed,observed,observed,observed,observed,observed,observed,missing
NPL,2013,1.0,0.5517241379310345,,0.3,1.0,,0.05,,,,0.0,0.0,0.0,0.5,0.0,1.0,0.8477952556845195,1.0,0.5357142857142857,,0.12244897959183673,1.0,,0.05,,,,0.0,0.0,0.0,1.0,0.0,1.0,0.8368684789640006,0.5517241379310345,0.5494488139211298,,0.3,0.2571206401945561,0.4712773727353429,0.0,0.5870184682448168,0.29123911975725436,0.5587829291467604,0.0,0.3641950659257678,0.3,0.5722726940721052,-0.020548556141070762,,,0.27021902144851845,0.02978097855148154,,,,observed,imputed,observed,observed,imputed,missing,missing,missing,observed,observed,observed,observed,observed,observed,observed,missing
NPL,2014,1.0,0.6091954022988506,,0.32857142857142857,1.0,,0.05,,,,0.0,0.5,1.0,0.5,0.0,1.0,0.8254247093163577,1.0,0.5853658536585366,,0.2542372881355932,1.0,,0.05,,,,0.0,1.0,1.0,1.0,0.0,1.0,0.7818457376909005,0.6091954022988506,0.5509990344719465,,0.6,0.2839040402148224,0.47462929566207074,0.0,0.6707148897822732,0.3215765280653017,0.5603658460040999,0.0,0.6901603793289385,0.6,0.5790585794181133,0.03013682288073727,,,0.27021902144851845,0.32978097855148153,,,,observed,imputed,observed,observed,imputed,missing,missing,missing,observed,observed,observed,observed,observed,observed,observed,missing
NPL,2015,1.0,0.6781609195402298,,0.34285714285714286,1.0,,0.05,,,,0.0,0.0,0.5,0.5,0.0,1.0,0.8058018336791739,1.0,0.6142857142857143,,0.2857142857142857,1.0,,0.05,,,,0.0,0.0,0.5,1.0,0.0,1.0,0.751251928095778,0.6781609195402298,0.5496647441340792,,0.4,0.31604412023914186,0.47556097007484494,0.0,0.6276085012649691,0.3579814180349584,0.5589116378334912,0.0,0.49148157841267115,0.4,0.5796412888701394,0.0985196306700904,,,0.271925501709761,0.12807449829023904,,,,observed,imputed,observed,observed,observed,missing,missing,missing,observed,observed,observed,observed,observed,observed,observed,missing
NPL,2020,1.0,0.2988505747126437,,0.4142857142857143,1.0,,0.05,,,,0.0,0.0,0.5,0.0,0.0,0.5,0.8187640866345574,1.0,0.11594202898550725,,0.3387096774193548,1.0,,0.0,,,,0.0,0.0,0.5,0.0,0.0,0.5,0.8250064626281206,0.2988505747126437,0.5707624502300679,,0.2,0.13927368010538457,0.49001749257790816,0.0,0.2463000918174436,0.1577545232018461,0.5812036253289399,0.0,0.2571411577378928,0.2,0.5791397450148391,-0.2802891703021954,,,0.2739732780232521,-0.0739732780232521,,,,observed,imputed,observed,observed,imputed,missing,missing,missing,observed,observed,observed,observed,observed,observed,observed,missing
NZL,2014,1.0,0.9885057471264368,,0.9571428571428572,0.0,,0.875,,,,0.5,0.0,0.0,0.0,1.0,0.0,0.6081210341372296,1.0,0.9878048780487805,,1.0,0.0,,0.875,,,,0.6,0.0,0.0,0.0,1.0,0.0,0.47763487355059703,0.9885057471264368,0.6100659728200217,,0.2,0.4606744803485797,0.5864853803677508,0.02767499479625413,0.15117040407034077,0.5218034228984141,0.6133336285161011,0.15033100176008402,0.13396155686684127,0.2,,,,,,,,,,observed,imputed,observed,observed,imputed,missing,missing,missing,observed,observed,observed,observed,observed,observed,observed,missing
NZL,2015,1.0,0.9770114942528736,,0.9571428571428572,0.0,,0.875,,,,0.5,0.0,0.5,0.0,0.0,0.5,0.6140602563759325,1.0,0.9857142857142858,,0.9682539682539683,0.0,,0.875,,,,0.5,0.0,0.5,0.0,0.0,0.5,0.49091342346128924,0.9770114942528736,0.6115507783796974,,0.2,0.4553178003445265,0.5870092834821024,0.02767499479625413,0.2463000918174436,0.5157359412368046,0.6149143516043571,0.15033100176008402,0.2571411577378928,0.2,0.6018438478928106,0.37516764636006295,,,0.2831882714339621,-0.08318827143396207,,,,observed,imputed,observed,observed,observed,missing,missing,missing,observed,observed,observed,observed,observed,observed,observed,missing
NZL,2018,1.0,0.8850574712643678,,0.9571428571428572,0.0,,0.875,,,,0.5,0.0,0.5,0.5,0.0,1.0,0.6263835359963603,1.0,0.8648648648648649,,1.0,0.0,,0.875,,,,0.5,0.0,0.5,1.0,0.0,1.0,0.5375201981414806,0.8850574712643678,0.6146315982848044,,0.4,0.4124643603121005,0.5880963289423808,0.02767499479625413,0.6276085012649691,0.46719608794392886,0.6181941905859847,0.15033100176008402,0.49148157841267115,0.4,0.6024019686283331,0.2826555026360348,,,0.28284697538171355,0.11715302461828647,,,,observed,imputed,observed,observed,observed,missing,missing,missing,observed,observed,observed,observed,observed,observed,observed,missing
NZL,2023,1.0,0.8850574712643678,,0.9571428571428572,0.0,0.0,0.875,,,1.0,0.5,0.0,0.5,0.5,0.0,1.0,0.6263835359963603,1.0,0.8461538461538461,,1.0,0.0,0.0,0.875,,,1.0,0.5,0.0,1.0,1.0,0.0,1.0,0.5327399979570544,0.8850574712643678,0.6146315982848044,0.75,0.4,0.4124643603121005,0.5880963289423808,0.055961294159934775,0.6276085012649691,0.46719608794392886,0.6181941905859847,0.32888762343370825,0.49148157841267115,0.4,0.6035600121581717,0.28149745910619617,,,0.2801166069637254,0.1198833930362746,0.6355897761874014,0.6355897761874014,0.8026299954391216,imputed,imputed,imputed,observed,imputed,missing,missing,carried_forward,observed,observed,observed,observed,observed,observed,observed,observed
OMN,2012,1.0,0.9080459770114943,0.38372093023255816,0.7571428571428571,1.0,,,,,,0.0,0.0,0.0,0.0,1.0,0.0,0.9659911076169025,1.0,0.8933333333333333,0.29063097514340347,0.7692307692307693,1.0,,,,,,0.0,0.0,0.0,0.0,1.0,0.0,1.0,0.6458834536220261,0.9077113215865866,,0.2,0.6280727401848942,0.5466533294513225,0.0,0.15117040407034077,0.6604968669976894,0.6994587517695718,0.0,0.13396155686684127,0.2,,,,,,,,,,observed,imputed,observed,observed,imputed,missing,missing,missing,observed,observed,observed,observed,observed,observed,observed,missing
OMN,2013,1.0,0.8390804597701149,0.38372093023255816,0.7428571428571429,1.0,,,,,,0.0,0.0,0.0,0.5,0.0,1.0,0.9545199766190311,1.0,0.8333333333333334,0.27254901960784317,0.7551020408163265,1.0,,,,,,0.0,0.0,0.0,1.0,0.0,1.0,0.9934469626458524,0.6114006950013365,0.899125706492058,,0.3,0.5959326601605748,0.5429788300929489,0.0,0.5870184682448168,0.6240919770280327,0.6926372948414528,0.0,0.3641950659257678,0.3,0.7137251914774416,-0.10232449647610509,,,0.27301487108583333,0.026985128914166656,,,,observed,imputed,observed,observed,imputed,missing,missing,missing,observed,observed,observed,observed,observed,observed,observed,missing
OMN,2015,1.0,0.9310344827586207,0.38372093023255816,0.7571428571428571,1.0,,,,,1.0,0.0,0.0,0.5,0.0,0.0,0.5,0.8755154770834306,1.0,0.9285714285714286,0.37647058823529417,0.746031746031746,1.0,,,,,0.0,0.0,0.0,0.5,0.0,0.0,0.5,0.8459061284614248,0.6573777064955895,0.8775527780754292,0.5,0.2,0.6387861001930009,0.5386724082625983,0.028286299363680645,0.2463000918174436,0.6726318303209083,0.6753786765744018,0.17855662167362427,0.2571411577378928,0.2,0.7104979609621423,-0.053120254466552885,,,0.27199098292908774,-0.07199098292908773,0.49008572675860074,0.49008572675860074,0.6817441049634325,observed,imputed,observed,observed,imputed,missing,missing,carried_forward,observed,observed,observed,observed,observed,observed,observed,missing
OMN,2016,1.0,0.9425287356321839,0.38372093023255816,0.7571428571428571,1.0,,,,,1.0,0.0,0.0,0.0,0.5,0.0,1.0,0.8706157606356961,1.0,0.9305555555555556,0.36363636363636365,0.7878787878787878,1.0,,,,,0.0,0.0,0.0,0.0,1.0,0.0,1.0,0.8690758108144881,0.663124832932371,0.8759195392595177,0.5,0.3,0.6441427801970541,0.5382402007102896,0.028286299363680645,0.5870184682448168,0.6786993119825178,0.6740746177930396,0.17855662167362427,0.3641950659257678,0.3,0.7023889539633452,-0.03926412103097421,0.5997527471180873,0.27616679214143036,0.2733561671380818,0.026643832861918182,0.543297480837068,0.543297480837068,0.7551472533640986,observed,imputed,observed,observed,imputed,missing,missing,carried_forward,observed,observed,observed,observed,observed,observed,observed,missing
OMN,2020,1.0,0.7586206896551724,0.38372093023255816,0.7285714285714285,1.0,,,,,1.0,0.0,0.5,1.0,0.0,0.0,0.5,0.8232279088443583,1.0,0.6956521739130435,0.2914669223394055,0.6935483870967742,1.0,,,,,0.0,0.0,1.0,1.0,0.0,0.0,0.5,0.8303953515405913,0.5711708099438653,0.8505997791385956,0.5,0.4,0.558435900132202,0.5287348387339532,0.028286299363680645,0.28940648033474775,0.5816196053967664,0.6539255139605907,0.17855662167362427,0.45581995865416014,0.4,0.7017750389336765,-0.13060422898981128,0.5997527471180873,0.2508470320205083,0.27352681516420607,0.12647318483579395,0.5583163118257112,0.5583163118257112,0.773967181179999,observed,imputed,observed,observed,imputed,missing,missing,carried_forward,observed,observed,observed,observed,observed,observed,observed,missing
OMN,2021,1.0,0.7126436781609196,0.38372093023255816,0.7285714285714285,1.0,,,1.0,,1.0,0.0,0.0,0.5,0.0,0.0,0.5,0.8608473697590158,1.0,0.6875,0.38564273789649417,0.6984126984126984,1.0,,,1.0,,1.0,0.0,0.0,0.5,0.0,0.0,0.5,0.8952737582529083,0.5481823041967389,0.8631395994434814,0.6666666666666666,0.2,0.5370091801159891,0.5320532787487051,0.6683663275443105,0.2463000918174436,0.5573496787503285,0.6639379277153816,0.45062995492380653,0.2571411577378928,0.2,0.6922576424975877,-0.14407533830084884,0.5997527471180873,0.26338685232539405,0.27079644674621794,-0.07079644674621793,0.5011713055558984,0.5011713055558984,0.6951382936865598,observed,observed,observed,observed,imputed,carried_forward,missing,carried_forward,observed,observed,observed,observed,observed,observed,observed,missing
PAK,2013,1.0,0.3333333333333333,,0.35714285714285715,1.0,,0.425,,,,0.0,0.0,0.5,0.5,0.0,1.0,0.9589865614680444,1.0,0.30952380952380953,,0.20408163265306123,1.0,,0.425,,,,0.0,0.0,0.5,1.0,0.0,1.0,1.0,0.3333333333333333,0.6852823546527254,,0.4,0.15534372011754433,0.6436419306856365,0.0,0.6276085012649691,0.1759569681866745,0.688735157395689,0.0,0.49148157841267115,0.4,,,,,,,,,,observed,imputed,observed,observed,imputed,missing,missing,missing,observed,observed,observed,observed,observed,observed,observed,missing
PAK,2015,1.0,0.3850574712643678,,0.38571428571428573,1.0,,0.425,,,,0.0,0.0,0.5,0.0,0.0,0.5,0.955045782205881,1.0,0.25,,0.3333333333333333,1.0,,0.425,,,,0.0,0.0,0.5,0.0,0.0,0.5,0.9538889718275171,0.3850574712643678,0.6914400169800416,,0.2,0.17944878013578394,0.6486195567761028,0.0,0.2463000918174436,0.20326063566391708,0.6952231539427216,0.0,0.2571411577378928,0.2,0.6301167904867075,-0.24505931922233976,,,0.2637343964557966,-0.0637343964557966,,,,imputed,imputed,observed,observed,observed,missing,missing,missing,observed,observed,observed,observed,observed,observed,observed,missing
PAK,2018,1.0,0.4367816091954023,,0.44285714285714284,1.0,,0.425,,,1.0,0.0,0.0,0.0,0.0,1.0,0.0,0.9382933389403189,1.0,0.33783783783783783,,0.3684210526315789,1.0,,0.425,,,0.0,0.0,0.0,0.0,0.0,1.0,0.0,0.9780277420205197,0.4367816091954023,0.7015376204493654,0.5,0.2,0.2035538401540236,0.6577923017606049,0.028286299363680645,0.15117040407034077,0.2305643031411597,0.7058381624229507,0.17855662167362427,0.13396155686684127,0.2,0.6324313824579092,-0.19564977326250688,,,0.26527022869091493,-0.06527022869091492,0.4183876218930108,0.4183876218930108,0.5911904475115236,observed,imputed,observed,observed,observed,missing,missing,carried_forward,observed,observed,observed,observed,observed,observed,observed,missing
PAN,2012,1.0,0.7471264367816092,0.622923588039867,0.8,0.75,,,,,,0.0,0.0,0.5,0.0,0.0,0.5,0.7536456666070102,1.0,0.7066666666666667,0.5659655831739961,0.8153846153846154,0.75,,,,,,0.0,0.0,0.5,0.0,0.0,0.5,0.6946063125315193,0.6850250124107381,0.7678818888690033,,0.2,0.6808059857580837,0.45582916225073944,0.0,0.2463000918174436,0.6884866582165334,0.5935897325966853,0.0,0.2571411577378928,0.2,,,,,,,,,,observed,imputed,observed,observed,imputed,missing,missing,missing,observed,observed,observed,observed,observed,observed,observed,missing
PAN,2016,1.0,0.6666666666666666,0.622923588039867,0.8142857142857143,0.75,,,,1.0,,0.0,0.0,0.0,0.5,0.0,1.0,0.7240465491647563,1.0,0.5972222222222222,0.6106346483704974,0.8484848484848485,0.75,,,,0.0,,0.0,0.0,0.0,1.0,0.0,1.0,0.6680554058145589,0.6447951273532668,0.7627774211501569,0.5,0.3,0.6433092257297108,0.45588082511635497,0.27628368286318133,0.5870184682448168,0.6460142865852672,0.5894803491991695,0.24870804162754795,0.3641950659257678,0.3,0.661164972176352,-0.016369844823085122,,,0.27417709186176265,0.025822908138237344,0.521167960180038,0.521167960180038,0.753847547892705,observed,imputed,observed,observed,imputed,missing,carried_forward,missing,observed,observed,observed,observed,observed,observed,observed,missing
PAN,2021,1.0,0.7241379310344828,0.622923588039867,0.8714285714285714,0.75,,,0.0,1.0,,0.0,0.0,0.5,0.0,0.0,0.5,0.621480805760394,1.0,0.7,0.6260434056761268,0.8571428571428571,0.75,,,0.0,0.0,,0.0,0.0,0.5,0.0,0.0,0.5,0.6463346188894206,0.6735307595371749,0.7476364590629885,0.3333333333333333,0.2,0.6700926257499771,0.457483916468007,0.27628368286318133,0.2463000918174436,0.6763516948933146,0.577256161003963,0.24870804162754795,0.2571411577378928,0.2,0.6592462635217886,0.014284496015386283,0.5997527471180873,0.14788371194490113,0.27298255567889285,-0.07298255567889284,0.4280447372246067,0.4280447372246067,0.6253883780621824,observed,observed,observed,observed,imputed,carried_forward,carried_forward,missing,observed,observed,observed,observed,observed,observed,observed,missing
PER,2013,1.0,0.7126436781609196,0.6461794019933554,0.6714285714285714,0.5,,1.0,,,,0.0,0.0,0.5,0.5,0.0,1.0,0.8431072578600729,1.0,0.7023809523809523,0.5823529411764706,0.6530612244897959,0.5,,1.0,,,,0.0,0.0,0.5,1.0,0.0,1.0,0.8299906011449892,0.6794115400771374,0.7536339573221611,,0.4,0.6771538257377232,0.764758280443498,0.0,0.6276085012649691,0.6812639596396167,0.7502522975948237,0.0,0.49148157841267115,0.4,,,,,,,,,,observed,imputed,observed,observed,imputed,missing,missing,missing,observed,observed,observed,observed,observed,observed,observed,missing
PER,2015,1.0,0.8735632183908046,0.6461794019933554,0.7,0.5,,1.0,,,,0.0,0.0,0.5,0.0,0.0,0.5,0.8331611037075168,1.0,0.8571428571428571,0.6420168067226891,0.6825396825396826,0.5,,1.0,,,,0.0,0.0,0.5,0.0,0.0,0.5,0.7883991736084475,0.75987131019208,0.7582902759268793,,0.2,0.7521473457944687,0.7692061680460824,0.0,0.2463000918174436,0.7662087029021493,0.7551419645354951,0.0,0.2571411577378928,0.2,0.6558093443079227,0.10406196588415728,,,0.27401041239438545,-0.07401041239438544,,,,observed,imputed,observed,observed,imputed,missing,missing,missing,observed,observed,observed,observed,observed,observed,observed,missing
PER,2021,1.0,0.2988505747126437,0.6461794019933554,0.6571428571428571,0.5,,1.0,,1.0,,0.0,0.0,0.5,0.0,0.0,0.5,0.7448701682633131,1.0,0.2375,0.6494156928213689,0.6190476190476191,0.5,,1.0,,0.0,,0.0,0.0,0.5,0.0,0.0,0.5,0.7746584799791546,0.47251498835299954,0.7255032563515426,0.5,0.2,0.48431334559180605,0.7534300927564683,0.27628368286318133,0.2463000918174436,0.46283461982167595,0.720338094088174,0.24870804162754795,0.2571411577378928,0.2,0.657559599045021,-0.1850446106920215,,,0.2763994847601251,-0.07639948476012509,0.430292462731423,0.430292462731423,0.5985029272740953,observed,observed,observed,observed,observed,missing,carried_forward,missing,observed,observed,observed,observed,observed,observed,observed,missing
PHL,2011,1.0,0.7011494252873564,0.49335548172757476,0.5857142857142857,1.0,,0.45,,,,0.0,0.0,0.0,0.5,0.0,1.0,0.878181474153325,1.0,0.7349397590361446,0.3592436974789916,0.639344262295082,1.0,,0.45,,,,0.0,0.0,0.0,1.0,0.0,1.0,0.8332038404002405,0.5972524535074656,0.7284739399669027,,0.3,0.5901939343589893,0.6892430693699578,0.0,0.5870184682448168,0.6030438587260167,0.7332092379150149,0.0,0.3641950659257678,0.3,,,,,,,,,,observed,imputed,observed,observed,imputed,missing,missing,missing,observed,observed,observed,observed,observed,observed,observed,missing
PHL,2012,1.0,0.7126436781609196,0.49335548172757476,0.6,1.0,,0.45,,,,0.0,0.0,0.5,0.5,0.0,1.0,0.8705512655675345,1.0,0.6666666666666666,0.41682600382409185,0.6,1.0,,0.45,,,,0.0,0.0,0.5,1.0,0.0,1.0,0.8627391049402938,0.6029995799442471,0.7301378163918837,,0.4,0.5955506143630425,0.6912326256677814,0.0,0.6276085012649691,0.609111340387626,0.7349468762414731,0.0,0.49148157841267115,0.4,0.6463519932759514,-0.043352413331704254,,,0.2715708826388616,0.12842911736113843,,,,observed,imputed,observed,observed,imputed,missing,missing,missing,observed,observed,observed,observed,observed,observed,observed,missing
PHL,2015,1.0,0.8160919540229885,0.49335548172757476,0.6285714285714286,1.0,,0.45,,,,0.0,0.0,0.5,0.0,0.0,0.5,0.8845561887915309,1.0,0.7857142857142857,0.4873949579831933,0.6031746031746031,1.0,,0.45,,,,0.0,0.0,0.5,0.0,0.0,0.5,0.8581812197588957,0.6547237178752816,0.7407819043407399,,0.2,0.6437607343995218,0.6977932552297224,0.0,0.2463000918174436,0.6637186753421114,0.7462111187538434,0.0,0.2571411577378928,0.2,0.6469774246181749,0.00774629325710674,,,0.27174153066498585,-0.07174153066498584,,,,observed,imputed,observed,observed,imputed,missing,missing,missing,observed,observed,observed,observed,observed,observed,observed,missing
PHL,2017,1.0,0.7816091954022989,0.49335548172757476,0.6571428571428571,1.0,,0.45,,,,0.0,0.0,0.5,0.0,0.0,0.5,0.8814342557919608,1.0,0.7361111111111112,0.476843910806175,0.6779661016949152,1.0,,0.45,,,,0.0,0.0,1.0,0.0,0.0,0.5,0.8933741637219431,0.6374823385649369,0.7471442782337046,,0.2,0.627690694387362,0.7028431123447079,0.0,0.2463000918174436,0.645516230357283,0.7529170511081233,0.0,0.2571411577378928,0.2,0.6509784105764167,-0.013496072011479843,,,0.2732773629001042,-0.07327736290010417,,,,observed,imputed,observed,observed,imputed,missing,missing,missing,observed,observed,observed,observed,observed,observed,observed,missing
PHL,2018,1.0,0.6609195402298851,0.49335548172757476,0.6428571428571429,1.0,,0.45,,,,0.0,0.0,0.0,0.5,0.0,1.0,0.8817662245656991,1.0,0.6013513513513513,0.41682600382409185,0.6140350877192983,1.0,,0.45,,,,0.0,0.0,0.0,1.0,0.0,1.0,0.8981949824191575,0.5771375109787299,0.7436558418557105,,0.3,0.5714455543448029,0.7002097730037272,0.0,0.5870184682448168,0.5818076729103836,0.7492369873746204,0.0,0.3641950659257678,0.3,0.6533699511883646,-0.07623244020963471,,,0.2727654188217314,0.027234581178268602,,,,imputed,imputed,observed,observed,observed,missing,missing,missing,observed,observed,observed,observed,observed,observed,observed,missing
PHL,2021,1.0,0.5402298850574713,0.49335548172757476,0.6571428571428571,1.0,,1.0,,,,0.0,0.0,0.5,0.0,0.0,0.5,0.7802423979828914,1.0,0.5,0.4958263772954925,0.6190476190476191,1.0,,1.0,,,,0.0,0.0,0.5,0.0,0.0,0.5,0.8114452904536956,0.516792683392523,0.8593463137814371,,0.2,0.5152004143022437,0.9167120809041134,0.0,0.2463000918174436,0.5180991154634842,0.8510695358432426,0.0,0.2571411577378928,0.2,0.6520586894784242,-0.1352660060859011,,,0.2709736145474267,-0.07097361454742668,,,,observed,observed,observed,observed,observed,missing,missing,missing,observed,observed,observed,observed,observed,observed,observed,missing
PHL,2023,1.0,0.5402298850574713,0.49335548172757476,0.6714285714285714,1.0,1.0,1.0,1.0,,,0.0,0.0,0.5,0.0,0.0,0.5,0.7802423979828914,1.0,0.38461538461538464,0.4124513618677043,0.5833333333333334,1.0,1.0,1.0,1.0,,,0.0,0.0,1.0,0.0,0.0,0.5,0.7515423172009636,0.516792683392523,0.8629177423528657,0.5,0.2,0.5152004143022437,0.9193747034521268,0.6400800281806298,0.2463000918174436,0.5180991154634842,0.8548379530149801,0.27207333325018224,0.2571411577378928,0.2,0.6955453607555945,-0.17875267736307143,,,0.269181810273122,-0.06918181027312198,0.45953800948716367,0.45953800948716367,0.5803098229038132,imputed,imputed,imputed,observed,imputed,carried_forward,missing,missing,observed,observed,observed,observed,observed,observed,observed,observed
PNG,2011,1.0,0.39080459770114945,,0.07142857142857142,1.0,,0.0,,,,0.0,0.0,0.5,0.0,0.0,0.5,0.9651397124414052,1.0,0.40963855421686746,,0.04918032786885246,1.0,,0.0,,,,0.0,0.0,1.0,0.0,0.0,0.5,0.9522686549775253,0.39080459770114945,0.5091420709674941,,0.2,0.1821271201378106,0.4187723449588757,0.0,0.2463000918174436,0.20629437649472185,0.5183481288307473,0.0,0.2571411577378928,0.2,,,,,,,,,,observed,imputed,observed,observed,imputed,missing,missing,missing,observed,observed,observed,observed,observed,observed,observed,missing
PNG,2015,1.0,0.39080459770114945,,0.08571428571428572,1.0,,0.0,,,,0.0,0.0,0.5,0.5,0.0,1.0,0.9890069562753075,1.0,0.2571428571428571,,0.0,1.0,,0.0,,,,0.0,0.0,0.5,1.0,0.0,1.0,1.0,0.39080459770114945,0.5186803104973983,,0.4,0.1821271201378106,0.4235403144484611,0.0,0.6276085012649691,0.20629437649472185,0.5284688092896603,0.0,0.49148157841267115,0.4,0.5639077545325215,-0.17310315683137206,,,0.2654408767170392,0.13455912328296082,,,,imputed,imputed,observed,observed,observed,missing,missing,missing,observed,observed,observed,observed,observed,observed,observed,missing
POL,2022,1.0,,,0.8714285714285714,0.0,,0.875,,0.0,,0.0,0.0,0.5,0.5,0.0,1.0,0.7590826410368757,1.0,,,0.8548387096774194,0.0,,0.875,,0.0,,0.0,0.0,0.5,1.0,0.0,1.0,0.7060926412001768,,0.6263778031163618,0.0,0.4,0.0,0.5838260782460967,0.0,0.6276085012649691,0.0,0.6309015340172678,0.0,0.49148157841267115,0.4,,,,,,,,,,imputed,imputed,observed,observed,observed,missing,carried_forward,missing,observed,observed,observed,observed,observed,observed,observed,missing
POL,2023,1.0,,,0.8571428571428571,0.0,0.0,0.875,,0.0,,0.0,0.0,0.5,0.5,0.0,1.0,0.7590826410368757,1.0,,,0.8541666666666666,0.0,0.0,0.875,,0.0,,0.0,0.0,1.0,1.0,0.0,1.0,0.7214510775112346,,0.6228063745449333,0.0,0.4,0.0,0.5811634556980834,0.0,0.6276085012649691,0.0,0.6271331168455303,0.0,0.49148157841267115,0.4,,,0.5727895163210602,0.05001685822387303,,,,,,imputed,imputed,imputed,observed,imputed,missing,carried_forward,missing,observed,observed,observed,observed,observed,observed,observed,observed
PRK,2011,1.0,0.2988505747126437,,0.7285714285714285,0.0,,,,,,0.0,0.0,0.0,0.5,0.0,1.0,,1.0,0.3132530120481928,,0.8032786885245902,0.0,,,,,,0.0,0.0,0.0,1.0,0.0,1.0,,0.2988505747126437,0.36428571428571427,,0.3,0.13927368010538457,0.1357937499486818,0.0,0.5870184682448168,0.1577545232018461,0.19218927575861025,0.0,0.3641950659257678,0.3,,,,,,,,,,observed,imputed,imputed,observed,imputed,missing,missing,missing,observed,observed,observed,observed,observed,observed,observed,missing
PRK,2013,1.0,0.5862068965517241,,0.7857142857142857,0.0,,,,,,0.0,0.0,0.5,0.0,0.0,0.5,,1.0,0.5714285714285714,,0.8163265306122449,0.0,,,,,,0.0,0.0,0.5,0.0,0.0,0.5,,0.5862068965517241,0.39285714285714285,,0.2,0.2731906802067159,0.14644424014073526,0.0,0.2463000918174436,0.30944156474208273,0.2072629444455601,0.0,0.2571411577378928,0.2,0.5094579743512005,0.07674892220052354,,,0.26271050829905107,-0.06271050829905106,,,,observed,imputed,imputed,observed,imputed,missing,missing,missing,observed,observed,observed,observed,observed,observed,observed,missing
PRK,2017,1.0,0.6206896551724138,,0.8285714285714286,0.0,,,0.0,,,0.0,0.0,0.0,0.5,0.0,1.0,,1.0,0.5416666666666666,,0.8813559322033898,0.0,,,0.0,,,0.0,0.0,0.0,1.0,0.0,1.0,,0.6206896551724138,0.4142857142857143,0.0,0.3,0.28926072021887567,0.1544321077847754,0.0,0.5870184682448168,0.32764400972691116,0.21856819596077245,0.0,0.3641950659257678,0.3,0.5201976342516506,0.10049202092076326,,,0.271242909605264,0.028757090394736007,0.0,0.0,0.0,observed,imputed,imputed,observed,imputed,carried_forward,missing,missing,observed,observed,observed,observed,observed,observed,observed,missing
PRK,2023,1.0,0.6206896551724138,,0.7857142857142857,0.0,0.0,,0.0,,,0.0,0.0,0.5,0.0,0.0,0.5,,1.0,0.49230769230769234,,0.75,0.0,0.0,,0.0,,,0.0,0.0,1.0,0.0,0.0,0.5,,0.6206896551724138,0.39285714285714285,0.0,0.2,0.28926072021887567,0.14644424014073526,0.0,0.2463000918174436,0.32764400972691116,0.2072629444455601,0.0,0.2571411577378928,0.2,0.5282523791769882,0.09243727599542562,0.5727895163210602,-0.17993237346391738,0.2722667977620095,-0.0722667977620095,0.0,0.0,0.0,imputed,imputed,imputed,observed,imputed,carried_forward,missing,missing,observed,observed,observed,observed,observed,observed,observed,observed
PRT,2021,1.0,0.8275862068965517,0.6428571428571429,0.8714285714285714,0.5,,0.9,1.0,,,0.0,0.0,0.5,0.0,0.0,0.5,0.5216257137215616,1.0,0.8125,0.6460767946577629,0.8571428571428571,0.5,,0.9,1.0,,,0.0,0.0,0.5,0.0,0.0,0.5,0.5424861938714974,0.7352216748768473,0.6982635712875332,0.5,0.2,0.7289466429222844,0.7331686614258339,0.6400800281806298,0.2463000918174436,0.7403702410545812,0.6947052048280988,0.27207333325018224,0.2571411577378928,0.2,,,,,,,0.47600270619121415,0.47600270619121415,0.63119243484322,observed,observed,observed,observed,observed,carried_forward,missing,missing,observed,observed,observed,observed,observed,observed,observed,missing
PRY,2011,1.0,0.8045977011494253,0.39534883720930225,0.6857142857142857,0.0,,,,,,0.0,0.0,0.5,0.0,0.0,0.5,0.7879149000635355,1.0,0.8433734939759037,0.23529411764705874,0.7540983606557377,0.0,,,,,,0.0,0.0,1.0,0.0,0.0,0.5,0.7096091917722135,0.5999732691793638,0.4912097285926071,,0.2,0.5860715601443145,0.19730842883292693,0.0,0.2463000918174436,0.61137940524716,0.390587454095767,0.0,0.2571411577378928,0.2,,,,,,,,,,observed,imputed,observed,observed,imputed,missing,missing,missing,observed,observed,observed,observed,observed,observed,observed,missing
PRY,2012,1.0,0.5402298850574713,0.39534883720930225,0.6714285714285714,0.0,,,,,,0.0,0.0,0.0,0.5,0.0,1.0,0.7522925259207137,1.0,0.4666666666666667,0.3040152963671128,0.676923076923077,0.0,,,,,,0.0,0.0,0.0,1.0,0.0,1.0,0.6926602353193768,0.46778936113338676,0.4745736991164284,,0.3,0.4628679200510898,0.19150353074714951,0.0,0.5870184682448168,0.4718273270301423,0.3773381475073785,0.0,0.3641950659257678,0.3,0.5571672004911565,-0.08937783935776977,,,0.2716516711562128,0.028348328843787185,,,,observed,imputed,observed,observed,imputed,missing,missing,missing,observed,observed,observed,observed,observed,observed,observed,missing
PRY,2019,1.0,0.5977011494252874,0.39534883720930225,0.7857142857142857,0.0,,,1.0,1.0,,0.0,0.0,0.5,0.5,0.0,1.0,0.7206792435733103,1.0,0.5,0.3756432246998284,0.8166666666666667,0.0,,,1.0,0.0,,0.0,0.0,0.5,1.0,0.0,1.0,0.6565308916844003,0.4965249933172948,0.5021311764291987,0.6666666666666666,0.4,0.48965132007135603,0.2100158804973072,0.9163637110438112,0.6276085012649691,0.5021647353381896,0.39907161463132185,0.5207813748777301,0.49148157841267115,0.4,0.5509139150377758,-0.05438892172048093,,,0.2677267665553548,0.1322732334446452,0.5077872106226973,0.5077872106226973,0.7505722513855643,observed,observed,observed,observed,imputed,carried_forward,carried_forward,missing,observed,observed,observed,observed,observed,observed,observed,missing
PRY,2021,1.0,0.4942528735632184,0.4036544850498338,0.8142857142857143,0.0,,,1.0,1.0,,0.0,0.5,1.0,0.5,0.0,1.0,0.6768813158641442,1.0,0.45,0.40567612687813015,0.7936507936507936,0.0,,,1.0,0.0,,0.0,0.5,1.0,0.5,0.0,1.0,0.703950666323703,0.4489536793065261,0.4970556767166195,0.6666666666666666,0.6,0.44587615717480505,0.21147767852791696,0.9163637110438112,0.6707148897822732,0.4514787383865301,0.39495163722990195,0.5207813748777301,0.6901603793289385,0.6,0.5612724427296489,-0.11231876342312286,0.6087404907170965,-0.11168481400047697,0.26858000668597615,0.33141999331402383,0.5465962415661376,0.5465962415661376,0.8063849348807852,observed,observed,observed,observed,imputed,carried_forward,carried_forward,missing,observed,observed,observed,observed,observed,observed,observed,missing
QAT,2011,1.0,0.8160919540229885,0.5431893687707642,0.8571428571428571,0.5,,1.0,,,,0.0,0.0,0.5,0.0,0.0,0.5,1.0,1.0,0.8554216867469879,0.4222689075630252,0.9508196721311475,0.5,,1.0,,,,0.0,0.0,1.0,0.0,0.0,0.5,1.0,0.6796406613968764,0.8392857142857143,,0.2,0.6703704772390916,0.8132119964884355,0.0,0.2463000918174436,0.6872467033590648,0.8409987000938681,0.0,0.2571411577378928,0.2,,,,,,,,,,observed,imputed,observed,observed,imputed,missing,missing,missing,observed,observed,observed,observed,observed,observed,observed,missing
QAT,2017,1.0,0.7241379310344828,0.5431893687707642,0.8285714285714286,0.5,,1.0,,,,0.0,0.0,0.5,0.5,0.0,1.0,0.9190090121811794,1.0,0.6666666666666666,0.5283018867924528,0.8813559322033898,0.5,,1.0,,,,0.0,0.0,1.0,1.0,0.0,1.0,0.9456149699009732,0.6336636499026235,0.811895110188152,,0.4,0.6275170372066656,0.8007424774374481,0.0,0.6276085012649691,0.638706850066189,0.8119061267595853,0.0,0.49148157841267115,0.4,0.6880048201961824,-0.054341170293558894,,,0.2740172156379519,0.12598278436204813,,,,observed,imputed,observed,observed,observed,missing,missing,missing,observed,observed,observed,observed,observed,observed,observed,missing
QAT,2021,1.0,0.9080459770114943,0.5431893687707642,0.8857142857142857,0.5,,1.0,,,,0.0,0.0,0.0,0.5,0.0,1.0,0.9350613524404826,1.0,0.9,0.5459098497495827,0.873015873015873,0.5,,1.0,,,,0.0,0.0,0.0,0.5,0.0,1.0,0.9724556531209295,0.7256176728911292,0.8301939095386921,,0.3,0.7132239172715176,0.8128089562415586,0.0,0.5870184682448168,0.7357865566519405,0.8312521233454766,0.0,0.3641950659257678,0.3,0.6777090181595331,0.04790865473159611,,,0.27265203142895783,0.02734796857104216,,,,observed,observed,observed,observed,observed,missing,missing,missing,observed,observed,observed,observed,observed,observed,observed,missing
QAT,2023,1.0,0.9080459770114943,0.5431893687707642,0.8857142857142857,0.5,0.5,1.0,,,,0.0,0.0,0.5,0.0,0.0,0.5,0.9350613524404826,1.0,0.8769230769230769,0.4708171206225681,0.8958333333333334,0.5,0.5,1.0,,,,0.0,0.0,1.0,0.0,0.0,0.5,0.9717099816492003,0.7256176728911292,0.8301939095386921,,0.2,0.7132239172715176,0.8128089562415586,0.0,0.2463000918174436,0.7357865566519405,0.8312521233454766,0.0,0.2571411577378928,0.2,0.6845873190159313,0.041030353875197934,,,0.27538239984694596,-0.07538239984694595,,,,imputed,imputed,imputed,observed,imputed,missing,missing,missing,observed,observed,observed,observed,observed,observed,observed,observed
ROU,2018,1.0,0.6781609195402298,0.4900332225913621,0.7714285714285715,0.0,,0.0,,,,0.0,0.0,0.5,0.0,0.0,0.5,0.803197267659405,1.0,0.6216216216216216,0.4130019120458891,0.7719298245614035,0.0,,0.0,,,,0.0,0.0,0.5,0.0,0.0,0.5,0.787232717350021,0.584097071065796,0.39365645977199415,,0.2,0.5777065914949113,0.21463223288428174,0.0,0.2463000918174436,0.5893403602016675,0.4172653569188091,0.0,0.2571411577378928,0.2,,,,,,,,,,observed,imputed,observed,observed,imputed,missing,missing,missing,observed,observed,observed,observed,observed,observed,observed,missing
ROU,2019,1.0,0.6206896551724138,0.4900332225913621,0.7714285714285715,0.0,,0.0,,,,0.0,0.0,0.5,0.0,0.0,0.5,0.793341878762432,1.0,0.5294117647058824,0.4734133790737564,0.8,0.0,,0.0,,,,0.0,0.0,0.5,0.0,0.0,0.5,0.7564989788301262,0.5553614388818879,0.39119261254775084,,0.2,0.5509231914746452,0.21376288186006456,0.0,0.2463000918174436,0.5590029518936201,0.4146423466748633,0.0,0.2571411577378928,0.2,0.520498087965287,0.03486335091660098,,,0.27118026307075654,-0.07118026307075653,,,,observed,observed,observed,observed,observed,missing,missing,missing,observed,observed,observed,observed,observed,observed,observed,missing
RUS,2010,1.0,0.9540229885057471,0.5166112956810631,0.7571428571428571,0.25,,0.725,,,,0.0,0.0,0.5,0.0,0.0,0.5,0.8306674953244845,1.0,0.9571428571428572,0.42829076620825146,0.8548387096774194,0.25,,0.725,,,,0.0,0.0,0.5,0.0,0.0,0.5,0.7954140089659957,0.735317142093405,0.6407025881168354,,0.2,0.72045877443996,0.588158218236914,0.0,0.2463000918174436,0.7475082016893364,0.64635105452609,0.0,0.2571411577378928,0.2,,,,,,,,,,imputed,imputed,observed,observed,imputed,missing,missing,missing,observed,observed,observed,observed,observed,observed,observed,missing
RUS,2011,1.0,0.9540229885057471,0.5166112956810631,0.7571428571428571,0.25,,0.725,,,,0.0,0.0,0.5,0.0,0.0,0.5,0.8395181374547624,1.0,1.0,0.38865546218487396,0.8360655737704918,0.25,,0.725,,,,0.0,0.0,1.0,0.0,0.0,0.5,0.7802652907518112,0.735317142093405,0.6429152486494049,,0.2,0.72045877443996,0.5889389398179061,0.0,0.2463000918174436,0.7475082016893364,0.6487066515721231,0.0,0.2571411577378928,0.2,0.6133597869004153,0.12195735519298978,,,0.27567040382459085,-0.07567040382459084,,,,observed,imputed,observed,observed,imputed,missing,missing,missing,observed,observed,observed,observed,observed,observed,observed,missing
RUS,2012,1.0,0.896551724137931,0.5166112956810631,0.7571428571428571,0.25,,0.725,,,,0.0,0.0,0.5,0.0,0.0,0.5,0.8324125791703333,1.0,0.88,0.4435946462715105,0.7692307692307693,0.25,,0.725,,,,0.0,0.0,0.5,0.0,0.0,0.5,0.807888320206457,0.7065815099094971,0.6411388590782976,,0.2,0.6936753744196937,0.5883121533524729,0.0,0.2463000918174436,0.7171707933812892,0.6468155083241143,0.0,0.2571411577378928,0.2,0.6141914996562383,0.09239001025325877,,,0.27567040382459085,-0.07567040382459084,,,,imputed,imputed,observed,observed,imputed,missing,missing,missing,observed,observed,observed,observed,observed,observed,observed,missing
RUS,2013,1.0,0.8390804597701149,0.5166112956810631,0.7714285714285715,0.25,,0.725,,,,0.0,0.0,0.5,0.0,0.0,0.5,0.8251456827558921,1.0,0.8333333333333334,0.4294117647058824,0.7959183673469388,0.25,,0.725,,,,0.0,0.0,0.5,0.0,0.0,0.5,0.803638729060207,0.677845877725589,0.6428935635461159,,0.2,0.6668919743994275,0.5903337576812342,0.0,0.2463000918174436,0.6868333850732418,0.6486498421292759,0.0,0.2571411577378928,0.2,0.6135237759616844,0.06432210176390463,,,0.2748171636939696,-0.07481716369396957,,,,imputed,imputed,observed,observed,imputed,missing,missing,missing,observed,observed,observed,observed,observed,observed,observed,missing
RUS,2014,1.0,0.7816091954022989,0.5166112956810631,0.7714285714285715,0.25,,0.725,,,,0.0,0.5,1.0,0.0,0.0,0.5,0.8200701117648296,1.0,0.7682926829268293,0.4435946462715105,0.7796610169491526,0.25,,0.725,,,,0.0,1.0,1.0,0.0,0.0,0.5,0.774349653020767,0.6491102455416811,0.6416246707983503,,0.4,0.6401085743791612,0.5898860378717274,0.0,0.28940648033474775,0.6564959767651946,0.6472989796881681,0.0,0.45581995865416014,0.4,0.6141833484840403,0.03492689705764074,,,0.2739639235633483,0.1260360764366517,,,,observed,imputed,observed,observed,imputed,missing,missing,missing,observed,observed,observed,observed,observed,observed,observed,missing
RUS,2015,1.0,0.7816091954022989,0.5166112956810631,0.7714285714285715,0.25,,0.725,,,,0.0,0.0,0.5,0.0,0.0,0.5,0.8143465260741154,1.0,0.7428571428571429,0.5109243697478992,0.7619047619047619,0.25,,0.725,,,,0.0,0.0,0.5,0.0,0.0,0.5,0.7628535456059055,0.6491102455416811,0.6401937743756717,,0.2,0.6401085743791612,0.5893811562141457,0.0,0.2463000918174436,0.6564959767651946,0.6457756482340988,0.0,0.2571411577378928,0.2,0.6137063868044,0.035403858737281024,,,0.273110683432727,-0.07311068343272698,,,,observed,imputed,observed,observed,observed,missing,missing,missing,observed,observed,observed,observed,observed,observed,observed,missing
RUS,2016,1.0,0.9770114942528736,0.5166112956810631,0.8,0.25,,0.75,,,,0.0,0.0,0.5,0.0,0.0,0.5,0.8146650834902222,1.0,0.9722222222222222,0.5008576329331046,0.8333333333333334,0.25,,0.75,,,,0.0,0.0,0.5,0.0,0.0,0.5,0.7923391778823157,0.7468113949669684,0.6536662708725556,,0.2,0.7311721344480666,0.6048615549439542,0.0,0.2463000918174436,0.7596431650125555,0.6590829339567,0.0,0.2571411577378928,0.2,0.6131685298717682,0.13364286509520018,,,0.273110683432727,-0.07311068343272698,,,,observed,imputed,observed,observed,observed,missing,missing,missing,observed,observed,observed,observed,observed,observed,observed,missing
RUS,2017,1.0,0.9885057471264368,0.5166112956810631,0.8,0.25,,0.775,,,,0.0,0.0,0.0,0.5,0.0,1.0,0.8111893819820368,1.0,0.9861111111111112,0.5008576329331046,0.847457627118644,0.25,,0.775,,,,0.0,0.0,0.0,1.0,0.0,1.0,0.7957115521600066,0.75255852140375,0.6590473454955093,,0.3,0.7365288144521198,0.61468201423777,0.0,0.5870184682448168,0.765710646674165,0.6638435439048448,0.0,0.3641950659257678,0.3,0.6182326809352969,0.13432584046845308,,,0.2760116998768394,0.02398830012316061,,,,imputed,imputed,observed,observed,observed,missing,missing,missing,observed,observed,observed,observed,observed,observed,observed,missing
RUS,2018,1.0,1.0,0.5166112956810631,0.8142857142857143,0.25,,0.8,,,,0.0,0.0,0.5,0.0,0.0,0.5,0.8113747299582956,1.0,1.0,0.4435946462715105,0.8245614035087719,0.25,,0.8,,,,0.0,0.0,0.5,0.0,0.0,0.5,0.7987816773328368,0.7583056478405316,0.6689151110610025,,0.2,0.741885494456173,0.6274880399179688,0.0,0.2463000918174436,0.7717781283357743,0.6733469587837162,0.0,0.2571411577378928,0.2,0.6202553628325282,0.13805028500800332,,,0.27618234790296364,-0.07618234790296363,,,,observed,imputed,observed,observed,observed,missing,missing,missing,observed,observed,observed,observed,observed,observed,observed,missing
RUS,2019,1.0,0.9885057471264368,0.5166112956810631,0.8142857142857143,0.25,,0.825,,,,0.0,0.0,0.5,0.0,0.0,0.5,0.7966431823916007,1.0,1.0,0.5008576329331046,0.85,0.25,,0.825,,,,0.0,0.0,0.5,0.0,0.0,0.5,0.7610408593721167,0.75255852140375,0.6714822241693288,,0.2,0.7365288144521198,0.6363156128425413,0.0,0.2463000918174436,0.765710646674165,0.6751118270290838,0.0,0.2571411577378928,0.2,0.6239645384478052,0.12859398295594482,,,0.2763529959290879,-0.0763529959290879,,,,observed,observed,observed,observed,observed,missing,missing,missing,observed,observed,observed,observed,observed,observed,observed,missing
RUS,2020,1.0,1.0,0.5332225913621262,0.8285714285714286,0.25,,0.825,1.0,,,0.0,0.5,1.0,0.0,0.0,0.5,0.6764799797312694,1.0,1.0,0.4640460210930009,0.8064516129032258,0.25,,0.8157894736842105,0.0,,,0.0,1.0,1.0,0.0,0.0,0.5,0.6532359014197403,0.7666112956810631,0.6450128520756745,0.5,0.4,0.7507554087360296,0.6283785518673544,0.6400800281806298,0.28940648033474775,0.7796208043414254,0.6468988262356515,0.27207333325018224,0.45581995865416014,0.4,0.6249294857076346,0.1416818099734285,,,0.27618234790296364,0.12381765209703638,0.5607811339623777,0.5607811339623777,0.7101832782134594,observed,imputed,observed,observed,observed,carried_forward,missing,missing,observed,observed,observed,observed,observed,observed,observed,missing
RUS,2021,1.0,1.0,0.5498338870431894,0.8285714285714286,0.25,,0.85,1.0,,,0.0,0.0,0.5,0.0,0.0,0.5,0.7299705517728884,1.0,1.0,0.5525876460767947,0.8095238095238095,0.25,,0.85,1.0,,,0.0,0.0,0.5,0.0,0.0,0.5,0.7591630087487045,0.7749169435215947,0.6646354950860792,0.5,0.2,0.7596253230158863,0.6432240475929208,0.6400800281806298,0.2463000918174436,0.7874634803470767,0.6668210011552658,0.27207333325018224,0.2571411577378928,0.2,0.6149799638153837,0.159936979706211,0.5997527471180873,0.06488274796799187,0.2765996135083705,-0.07659961350837047,0.4763867481292147,0.4763867481292147,0.5922468518825337,observed,observed,observed,observed,observed,carried_forward,missing,missing,observed,observed,observed,observed,observed,observed,observed,missing
RWA,2010,1.0,0.25287356321839083,0.28405315614617943,0.3142857142857143,0.75,,,,,,0.0,0.0,0.0,0.5,0.0,1.0,0.6744120689359856,1.0,0.08571428571428572,0.15324165029469547,0.3548387096774194,0.75,,,,,,0.0,0.0,0.0,1.0,0.0,1.0,0.575000883902537,0.26846335968228513,0.5795659277405666,,0.3,0.26952249427471936,0.35831074232673055,0.0,0.5870184682448168,0.267594356252043,0.44437553888520465,0.0,0.3641950659257678,0.3,,,,,,,,,,imputed,imputed,observed,observed,imputed,missing,missing,missing,observed,observed,observed,observed,observed,observed,observed,missing
RWA,2013,1.0,0.25287356321839083,0.28405315614617943,0.4,0.75,,,,,,0.0,0.0,0.5,0.0,0.0,0.5,0.7401100404405176,1.0,0.2261904761904762,0.15490196078431376,0.2653061224489796,0.75,,,,,,0.0,0.0,0.5,0.0,0.0,0.5,0.6788808302710048,0.26846335968228513,0.6300366801468392,,0.2,0.26952249427471936,0.38008174347529833,0.0,0.2463000918174436,0.267594356252043,0.48447154695904543,0.0,0.2571411577378928,0.2,0.5903792440042497,-0.32191588432196455,,,0.2618082281210552,-0.061808228121055186,,,,observed,imputed,observed,observed,imputed,missing,missing,missing,observed,observed,observed,observed,observed,observed,observed,missing
RWA,2017,1.0,0.6091954022988506,0.28405315614617943,0.4857142857142857,0.75,,,,1.0,,0.0,0.0,0.5,0.0,0.0,0.5,0.760576174024973,1.0,0.5277777777777778,0.26072041166380794,0.4745762711864407,0.75,,,,0.0,,0.0,0.0,1.0,0.0,0.0,0.5,0.725343170803246,0.446624279222515,0.6654301532464196,0.5,0.2,0.4355795744003702,0.3978628112956013,0.27628368286318133,0.2463000918174436,0.4556862877619364,0.5125291083051982,0.24870804162754795,0.2571411577378928,0.2,0.6093505990559612,-0.1627263198334462,,,0.2618082281210552,-0.061808228121055186,0.41520368684724773,0.41520368684724773,0.6847275928595716,observed,imputed,observed,observed,imputed,missing,carried_forward,missing,observed,observed,observed,observed,observed,observed,observed,missing
RWA,2021,1.0,0.6206896551724138,0.28405315614617943,0.4714285714285714,0.75,,,,1.0,,0.0,0.0,0.5,0.0,0.0,0.5,0.7134981396638691,1.0,0.5875,0.2854757929883138,0.4126984126984127,0.75,,,,0.0,,0.0,0.0,0.5,0.0,0.0,0.5,0.7420318437891591,0.4523714056592966,0.6449755703641468,0.5,0.2,0.4409362544044234,0.3910474010881859,0.27628368286318133,0.2463000918174436,0.4617537694235459,0.49623087950604367,0.24870804162754795,0.2571411577378928,0.2,0.6226545842884439,-0.17028317862914727,0.5997527471180873,0.04522282324605942,0.2670983169309072,-0.06709831693090718,0.4132944779290418,0.4132944779290418,0.6764003674058379,observed,observed,observed,observed,imputed,missing,carried_forward,missing,observed,observed,observed,observed,observed,observed,observed,missing
RWA,2022,1.0,0.6206896551724138,0.28405315614617943,0.5142857142857142,0.75,,,,1.0,,0.0,0.0,0.0,0.0,1.0,0.0,0.6845945040859182,1.0,0.5,0.2854757929883138,0.45161290322580644,0.75,,,,1.0,,0.0,0.0,0.0,0.0,1.0,0.0,0.6024182923602278,0.4523714056592966,0.6496267394572107,0.5,0.2,0.4409362544044234,0.39648565801102864,0.27628368286318133,0.15117040407034077,0.4617537694235459,0.4998434328435588,0.24870804162754795,0.13396155686684127,0.2,0.6149659500638027,-0.1625945444045061,0.5997527471180873,0.049873992339123374,0.26726896495703145,-0.06726896495703144,0.4140375781038008,0.4140375781038008,0.6766662982887712,imputed,imputed,observed,observed,imputed,missing,carried_forward,missing,observed,observed,observed,observed,observed,observed,observed,missing
SAU,2013,1.0,1.0,,0.8571428571428571,1.0,,,,,,0.0,0.0,0.5,0.0,0.0,0.5,0.8582026198961562,1.0,1.0,,0.9183673469387755,1.0,,,,,,0.0,0.0,0.5,0.0,0.0,0.5,0.8521373809870172,1.0,0.9051151590130044,,0.2,0.466031160352633,0.5557835863714153,0.0,0.2463000918174436,0.5278709045600235,0.6971497824904997,0.0,0.2571411577378928,0.2,,,,,,,,,,observed,imputed,observed,observed,imputed,missing,missing,missing,observed,observed,observed,observed,observed,observed,observed,missing
SAU,2022,1.0,1.0,,0.8571428571428571,1.0,,,1.0,,1.0,0.0,0.0,0.5,0.0,0.0,0.5,0.8480718209845955,1.0,1.0,,0.8387096774193549,1.0,,,1.0,,1.0,0.0,0.0,0.5,0.0,0.0,0.5,0.8299498842797717,1.0,0.9017382260424842,0.6666666666666666,0.2,0.466031160352633,0.5548899412294557,0.6683663275443105,0.2463000918174436,0.5278709045600235,0.694453471913396,0.45062995492380653,0.2571411577378928,0.2,0.7127493248694123,0.28725067513058766,,,0.28352956748621055,-0.08352956748621054,0.5888501693187634,0.5888501693187634,0.7534580596892203,imputed,imputed,observed,observed,imputed,carried_forward,missing,carried_forward,observed,observed,observed,observed,observed,observed,observed,missing
SAU,2023,1.0,1.0,,0.8714285714285714,1.0,1.0,,1.0,,1.0,0.0,0.0,0.0,0.5,0.0,1.0,0.8480718209845955,1.0,1.0,,0.875,1.0,1.0,,1.0,,1.0,0.0,0.0,0.0,1.0,0.0,1.0,0.8480023772464375,1.0,0.906500130804389,0.6666666666666666,0.3,0.466031160352633,0.557552563777469,0.6683663275443105,0.5870184682448168,0.5278709045600235,0.6982218890851335,0.45062995492380653,0.3641950659257678,0.3,0.7114799759630622,0.28852002403693777,0.6087404907170965,0.2977596400872925,0.28352956748621055,0.016470432513789435,0.6525284728201751,0.6525284728201751,0.8240203741243496,imputed,imputed,imputed,observed,imputed,carried_forward,missing,carried_forward,observed,observed,observed,observed,observed,observed,observed,observed
SDN,2015,1.0,0.5977011494252874,,0.32857142857142857,0.0,,0.225,,,,0.0,0.0,0.5,0.5,0.0,1.0,0.7884740582401516,1.0,0.5142857142857142,,0.2698412698412698,0.0,,0.225,,,,0.0,0.0,0.5,1.0,0.0,1.0,0.7277250164583351,0.5977011494252874,0.3355113717028951,,0.4,0.27854736021076915,0.22193566995338965,0.0,0.6276085012649691,0.3155090464036922,0.34769685101033376,0.0,0.49148157841267115,0.4,,,,,,,,,,imputed,imputed,observed,observed,observed,missing,missing,missing,observed,observed,observed,observed,observed,observed,observed,missing
SDN,2018,0.0,0.5977011494252874,,0.35714285714285715,0.0,,0.2,,1.0,,0.0,0.0,0.5,0.0,0.0,0.5,0.856160878828685,0.0,0.527027027027027,,0.2631578947368421,0.0,,0.2,,0.0,,0.0,0.0,0.5,0.0,0.0,0.5,0.8620327718880177,0.5977011494252874,0.35332593399288553,0.5,0.2,0.27854736021076915,0.22310456528209277,0.27628368286318133,0.2463000918174436,0.3155090464036922,0.36756285490434093,0.24870804162754795,0.2571411577378928,0.0,0.4986420414892525,0.0990591079360349,,,0.2715842056575125,-0.0715842056575125,0.0,0.0,0.08464426227022555,observed,imputed,observed,observed,observed,missing,carried_forward,missing,observed,observed,observed,observed,observed,observed,observed,missing
SDN,2020,1.0,0.45977011494252873,,0.35714285714285715,0.0,,0.2,,1.0,,0.0,0.5,0.0,0.5,1.0,1.0,0.9291914473311125,1.0,0.3188405797101449,,0.27419354838709675,0.0,,0.15789473684210528,,0.0,,0.0,1.0,0.0,0.5,1.0,1.0,0.9583183983912651,0.45977011494252873,0.3715835761184924,0.5,0.6,0.2142672001621301,0.22954664485809495,0.27628368286318133,0.7407052278123094,0.24269926646437862,0.3869999295145463,0.24870804162754795,0.5695489112219729,0.6,0.5053383233986983,-0.0455682084561696,0.5997527471180873,-0.22816917099959494,0.2715842056575125,0.32841579434248747,0.47580568403873885,0.47580568403873885,0.7497262756403811,observed,imputed,observed,observed,imputed,missing,carried_forward,missing,observed,observed,observed,observed,observed,observed,observed,missing
SDN,2022,1.0,0.45977011494252873,,0.37142857142857144,0.0,,0.2,,1.0,,0.0,0.0,0.0,0.0,1.0,0.0,0.848367172231317,1.0,0.2878787878787879,,0.2903225806451613,0.0,,0.2,,1.0,,0.0,0.0,0.0,0.0,1.0,0.0,0.8303609611228275,0.45977011494252873,0.35494893591497206,0.5,0.2,0.2142672001621301,0.22507969930137334,0.27628368286318133,0.15117040407034077,0.24269926646437862,0.3692569782600847,0.24870804162754795,0.13396155686684127,0.2,0.5122011537441585,-0.0524310388016298,0.5997527471180873,-0.24480381120311528,0.26748865303053027,-0.06748865303053025,0.3574181925828455,0.3574181925828455,0.584897935674259,imputed,imputed,observed,observed,imputed,missing,carried_forward,missing,observed,observed,observed,observed,observed,observed,observed,missing
SDN,2023,1.0,0.45977011494252873,,0.37142857142857144,0.0,0.0,0.2,,1.0,,0.0,0.0,0.0,0.0,1.0,0.0,0.848367172231317,1.0,0.27692307692307694,,0.14583333333333334,0.0,0.0,0.2,,1.0,,0.0,0.0,0.0,0.0,1.0,0.0,0.848422395547235,0.45977011494252873,0.35494893591497206,0.5,0.2,0.2142672001621301,0.22507969930137334,0.27628368286318133,0.15117040407034077,0.24269926646437862,0.3692569782600847,0.24870804162754795,0.13396155686684127,0.2,0.5059483905018328,-0.046178275559304094,0.5997527471180873,-0.24480381120311528,0.26748865303053027,-0.06748865303053025,0.3574181925828455,0.3574181925828455,0.4513517571088878,imputed,imputed,imputed,observed,imputed,missing,carried_forward,missing,observed,observed,observed,observed,observed,observed,observed,observed
SEN,2011,1.0,0.19540229885057472,0.3305647840531561,0.2571428571428571,0.5,,,,,,0.0,0.0,0.5,0.0,0.0,0.5,0.8686889955892706,1.0,0.20481927710843373,0.15336134453781505,0.26229508196721313,0.5,,,,,,0.0,0.0,1.0,0.0,0.0,0.5,0.8202065646692888,0.2629835414518654,0.5419439509107092,,0.2,0.2675748542380515,0.28471667215195917,0.0,0.2463000918174436,0.25921644075981887,0.4203500803222125,0.0,0.2571411577378928,0.2,,,,,,,,,,observed,imputed,observed,observed,imputed,missing,missing,missing,observed,observed,observed,observed,observed,observed,observed,missing
SEN,2015,1.0,0.3333333333333333,0.3305647840531561,0.2857142857142857,0.5,,,,,,0.0,0.0,0.0,0.5,0.0,1.0,0.860464920032394,1.0,0.18571428571428572,0.32268907563025206,0.2222222222222222,0.5,,,,,,0.0,0.0,0.0,1.0,0.0,1.0,0.8254711264566892,0.3319490586932447,0.5487264019155599,,0.3,0.3318550142866905,0.28931646556024926,0.0,0.5870184682448168,0.33202622069913246,0.42569807821710265,0.0,0.3641950659257678,0.3,0.5762375907465148,-0.2442885320532701,,,0.26164551721242507,0.03835448278757492,,,,imputed,imputed,observed,observed,imputed,missing,missing,missing,observed,observed,observed,observed,observed,observed,observed,missing
SEN,2019,0.0,0.47126436781609193,0.3305647840531561,0.4,0.5,,,1.0,,,0.0,0.0,0.0,0.5,0.0,1.0,0.8545672378414868,0.0,0.3382352941176471,0.30874785591766724,0.36666666666666664,0.5,,,1.0,,,0.0,0.0,0.0,1.0,0.0,1.0,0.8407318450895598,0.400914575934624,0.5848557459471623,0.5,0.3,0.3961351743353295,0.3100972071078404,0.6400800281806298,0.5870184682448168,0.404836000638446,0.45427574838009827,0.27207333325018224,0.3641950659257678,0.0,0.5787870333444395,-0.1778724574098155,,,0.2636932935259162,0.036306706474083794,0.0,0.0,0.07667327793087694,observed,observed,observed,observed,imputed,carried_forward,missing,missing,observed,observed,observed,observed,observed,observed,observed,missing
SEN,2022,1.0,0.47126436781609193,0.3305647840531561,0.38571428571428573,0.5,,,1.0,,,0.0,0.0,0.5,0.0,0.0,0.5,0.8762527501445488,1.0,0.30303030303030304,0.33222036727879795,0.3064516129032258,0.5,,,1.0,,,0.0,0.0,0.5,0.0,0.0,0.5,0.8691727672777244,0.400914575934624,0.5873223452862782,0.5,0.2,0.3961351743353295,0.3093474793758937,0.6400800281806298,0.2463000918174436,0.404836000638446,0.4562789269830963,0.27207333325018224,0.2571411577378928,0.2,0.5923676237008413,-0.1914530477662173,0.5997527471180873,-0.012430401831809101,0.26574106983940726,-0.06574106983940725,0.39172572462471106,0.39172572462471106,0.6124859104741134,imputed,imputed,observed,observed,imputed,carried_forward,missing,missing,observed,observed,observed,observed,observed,observed,observed,missing
SGP,2019,1.0,0.9080459770114943,0.6611295681063122,0.9428571428571428,0.0,,,,,,0.5,0.0,0.5,0.0,0.0,0.5,0.8617158430678274,1.0,0.8970588235294118,0.6500857632933104,1.0,0.0,,,,,,0.5,0.0,0.5,0.0,0.0,0.5,0.8505667814138096,0.7845877725589032,0.6015243286416568,,0.2,0.7762003086584993,0.2517456695684126,0.02767499479625413,0.2463000918174436,0.7914695562920636,0.47806107285280747,0.15033100176008402,0.2571411577378928,0.2,,,,,,,,,,observed,observed,observed,observed,imputed,missing,missing,missing,observed,observed,observed,observed,observed,observed,observed,missing
SGP,2021,1.0,0.9310344827586207,0.6877076411960132,0.9428571428571428,0.0,,,,,,0.5,0.0,0.5,0.0,0.0,0.5,0.8208330020259185,1.0,0.925,0.691151919866444,0.9365079365079365,0.0,,,,,,0.5,0.0,0.5,0.0,0.0,0.5,0.8536591647221731,0.8093710619773169,0.5878967149610205,,0.2,0.8011055315143765,0.24813936441858658,0.02767499479625413,0.2463000918174436,0.8161528012243244,0.46718011097747525,0.15033100176008402,0.2571411577378928,0.2,0.5986331455214902,0.21073791645582673,,,0.27713338465985216,-0.07713338465985214,,,,observed,observed,observed,observed,imputed,missing,missing,missing,observed,observed,observed,observed,observed,observed,observed,missing
SLB,2012,1.0,0.21839080459770116,,0.2857142857142857,1.0,,,,,,0.5,0.0,0.0,0.5,0.0,1.0,0.8353647354328422,1.0,0.09333333333333334,,0.26153846153846155,1.0,,,,,,0.5,0.0,0.0,1.0,0.0,1.0,0.8121340901307038,0.21839080459770116,0.707026340382376,,0.3,0.1017769200770118,0.4472641380482284,0.02767499479625413,0.5870184682448168,0.11528215157057985,0.5403347961724914,0.15033100176008402,0.3641950659257678,0.3,,,,,,,,,,observed,imputed,observed,observed,imputed,missing,missing,missing,observed,observed,observed,observed,observed,observed,observed,missing
SLB,2013,1.0,0.40229885057471265,,0.3142857142857143,1.0,,,,,,0.5,0.0,0.5,0.5,0.0,1.0,0.8502343145005558,1.0,0.38095238095238093,,0.14285714285714285,1.0,,,,,,0.5,0.0,0.5,1.0,0.0,1.0,0.84044688261483,0.40229885057471265,0.72150667626209,,0.4,0.18748380014186383,0.453901039531165,0.02767499479625413,0.6276085012649691,0.2123618581563313,0.5518291667051018,0.15033100176008402,0.49148157841267115,0.4,0.6382900958932916,-0.2359912453185789,,,0.2603214359333114,0.1396785640666886,,,,observed,imputed,observed,observed,imputed,missing,missing,missing,observed,observed,observed,observed,observed,observed,observed,missing
SLE,2010,1.0,0.5172413793103449,0.30066445182724255,0.12857142857142856,0.75,,,,,,0.0,0.0,0.5,0.5,0.0,1.0,0.621924184239103,1.0,0.4142857142857143,0.17288801571709234,0.14516129032258066,0.75,,,,,,0.0,0.0,0.5,1.0,0.0,1.0,0.500961735558042,0.4089529155687937,0.5001652042701772,,0.4,0.40159604864780074,0.3190666547094685,0.0,0.6276085012649691,0.4149891104747119,0.38141647318774696,0.0,0.49148157841267115,0.4,,,,,,,,,,imputed,imputed,observed,observed,imputed,missing,missing,missing,observed,observed,observed,observed,observed,observed,observed,missing
SLE,2011,1.0,0.5172413793103449,0.30066445182724255,0.2,0.75,,,,,,0.0,0.0,0.5,0.0,0.0,0.5,0.5395144556101392,1.0,0.5421686746987951,0.11554621848739495,0.19672131147540983,0.75,,,,,,0.0,0.0,1.0,0.0,0.0,0.5,0.36949474785054,0.4089529155687937,0.4965048185367131,,0.2,0.40159604864780074,0.32511034533560396,0.0,0.2463000918174436,0.4149891104747119,0.37832522240652156,0.0,0.2571411577378928,0.2,0.5605334571969914,-0.15158054162819773,,,0.2659797503011957,-0.06597975030119568,,,,observed,imputed,observed,observed,imputed,missing,missing,missing,observed,observed,observed,observed,observed,observed,observed,missing
SLE,2019,1.0,0.3103448275862069,0.30066445182724255,0.2857142857142857,0.75,,,,,,0.0,0.0,0.0,0.0,1.0,0.0,0.6217713349459442,1.0,0.1323529411764706,0.27787307032590053,0.23333333333333334,0.75,,,,,,0.0,0.0,0.0,0.0,1.0,0.0,0.5204549786194927,0.3055046397067247,0.5524952068867433,,0.2,0.30517580857484217,0.34834201979027096,0.0,0.15117040407034077,0.30577444056574143,0.42282838126091893,0.0,0.13396155686684127,0.2,0.5591575617711262,-0.2536529220644015,,,0.2659797503011957,-0.06597975030119568,,,,observed,observed,observed,observed,imputed,missing,missing,missing,observed,observed,observed,observed,observed,observed,observed,missing
SLE,2020,1.0,0.41379310344827586,0.30066445182724255,0.2714285714285714,0.75,,,,,,0.0,0.5,0.5,0.0,1.0,0.5,0.611928302580722,1.0,0.2608695652173913,0.1955896452540748,0.1774193548387097,0.75,,,,,,0.0,1.0,0.5,0.0,1.0,0.5,0.5753067633563557,0.3572287776377592,0.5444522913364311,,0.5,0.35338592861132145,0.3448111361966953,0.0,0.39998685138493617,0.36038177552022665,0.4164402425342667,0.0,0.4624950030340981,0.5,0.5802036822711967,-0.2229749046334375,,,0.26290808583095904,0.23709191416904096,,,,observed,imputed,observed,observed,imputed,missing,missing,missing,observed,observed,observed,observed,observed,observed,observed,missing
SLV,2010,1.0,0.7126436781609196,,0.7571428571428571,0.5,,,,,,0.0,0.0,0.0,0.5,0.0,1.0,0.6331114666153382,1.0,0.6571428571428571,,0.8548387096774194,0.5,,,,,,0.0,0.0,0.0,1.0,0.0,1.0,0.5167424602759316,0.7126436781609196,0.6300847745860652,,0.3,0.3321141602513017,0.3571279961232923,0.0,0.5870184682448168,0.37618386301978685,0.4895457581142902,0.0,0.3641950659257678,0.3,,,,,,,,,,imputed,imputed,observed,observed,imputed,missing,missing,missing,observed,observed,observed,observed,observed,observed,observed,missing
SLV,2018,1.0,0.7126436781609196,,0.8,0.5,,,,,,0.0,0.0,0.5,0.5,0.0,1.0,0.6623155768800049,1.0,0.6621621621621622,,0.8070175438596491,0.5,,,,,,0.0,0.0,0.5,1.0,0.0,1.0,0.5882667118028655,0.7126436781609196,0.654105192293335,,0.4,0.3321141602513017,0.36769197957923483,0.0,0.6276085012649691,0.37618386301978685,0.5086236790990017,0.0,0.49148157841267115,0.4,0.6093686771831748,0.10327500097774478,,,0.27499716617999764,0.12500283382000238,,,,observed,imputed,observed,observed,imputed,missing,missing,missing,observed,observed,observed,observed,observed,observed,observed,missing
SLV,2022,1.0,0.7126436781609196,,0.8142857142857143,0.5,,,1.0,,,0.0,0.0,0.5,0.0,0.0,0.5,0.5860644742730228,1.0,0.6212121212121212,,0.7903225806451613,0.5,,,1.0,,,0.0,0.0,0.5,0.0,0.0,0.5,0.46528186902937996,0.7126436781609196,0.6334500628529124,0.5,0.2,0.3321141602513017,0.36362843689500357,0.6400800281806298,0.2463000918174436,0.37618386301978685,0.49209787700236435,0.27207333325018224,0.2571411577378928,0.2,0.6183976662726738,0.09424601188824577,,,0.27499716617999764,-0.07499716617999763,0.46094191853822286,0.46094191853822286,0.5820826952146421,imputed,imputed,observed,observed,imputed,carried_forward,missing,missing,observed,observed,observed,observed,observed,observed,observed,missing
SLV,2023,1.0,0.7126436781609196,,0.8142857142857143,0.5,0.5,,1.0,,,0.0,0.0,0.5,0.5,0.0,1.0,0.5860644742730228,1.0,0.6153846153846154,,0.7916666666666666,0.5,0.5,,1.0,,,0.0,0.0,1.0,1.0,0.0,1.0,0.47540235681697574,0.7126436781609196,0.6334500628529124,0.5,0.4,0.3321141602513017,0.36362843689500357,0.6400800281806298,0.6276085012649691,0.37618386301978685,0.49209787700236435,0.27207333325018224,0.49148157841267115,0.4,0.6106336489840268,0.10201002917689272,0.5997527471180873,0.03369731573482504,0.27499716617999764,0.12500283382000238,0.5481554091286592,0.5481554091286592,0.6922168826692127,imputed,imputed,imputed,observed,imputed,carried_forward,missing,missing,observed,observed,observed,observed,observed,observed,observed,observed
SMR,2015,1.0,0.22988505747126436,,0.7857142857142857,0.0,,,,,,0.5,0.0,0.0,0.5,0.0,1.0,0.6567701563035966,1.0,0.05714285714285714,,0.7777777777777778,0.0,,,,,,0.5,0.0,0.0,1.0,0.0,1.0,0.5489030970450829,0.22988505747126436,0.4808281473392941,,0.3,0.10713360008106505,0.20437841341655352,0.02767499479625413,0.5870184682448168,0.12134963323218931,0.3820622208527391,0.15033100176008402,0.3641950659257678,0.3,,,,,,,,,,imputed,imputed,observed,observed,imputed,missing,missing,missing,observed,observed,observed,observed,observed,observed,observed,missing
SMR,2020,1.0,0.22988505747126436,,0.7428571428571429,0.0,,,,,,0.5,0.0,0.0,0.5,0.0,1.0,0.6543430019510763,1.0,0.028985507246376812,,0.7096774193548387,0.0,,,,,,0.5,0.0,0.0,0.5,0.0,1.0,0.6265113347796601,0.22988505747126436,0.46573338160273975,,0.3,0.10713360008106505,0.19617644472136722,0.02767499479625413,0.5870184682448168,0.12134963323218931,0.37011098257872377,0.15033100176008402,0.3641950659257678,0.3,0.553264887675025,-0.32337983020376065,,,0.26066273198555995,0.03933726801444004,,,,observed,imputed,observed,observed,imputed,missing,missing,missing,observed,observed,observed,observed,observed,observed,observed,missing
SOM,2016,1.0,0.1724137931034483,0.03156146179401991,0.05714285714285714,0.25,,0.75,,1.0,,0.0,0.0,0.5,0.0,0.0,0.5,0.9660759959854329,1.0,0.0,0.0,0.045454545454545456,0.25,,0.75,,0.0,,0.0,0.0,0.5,0.0,0.0,0.5,1.0,0.1019876274487341,0.5058047132820724,0.5,0.2,0.0972030371925263,0.47976124918713137,0.27628368286318133,0.2463000918174436,0.10591330933487916,0.503423232173318,0.24870804162754795,0.2571411577378928,0.2,,,,,,,0.2679986400370364,0.2679986400370364,0.5181038392507689,imputed,imputed,observed,observed,imputed,missing,carried_forward,missing,observed,observed,observed,observed,observed,observed,observed,missing
SOM,2017,1.0,0.1724137931034483,0.03156146179401991,0.08571428571428572,0.25,,0.75,,1.0,,0.0,0.0,0.0,0.5,0.0,1.0,0.9581260244682436,1.0,0.0,0.0,0.0,0.25,,0.75,,0.0,,0.0,0.0,0.0,1.0,0.0,1.0,1.0,0.1019876274487341,0.5109600775456323,0.5,0.3,0.0972030371925263,0.48438522151216795,0.27628368286318133,0.5870184682448168,0.10591330933487916,0.5088441828163465,0.24870804162754795,0.3641950659257678,0.3,0.5626532815047561,-0.460665654056022,0.5997527471180873,-0.08879266957245502,0.2568651047330904,0.04313489526690961,0.2973421170505078,0.2973421170505078,0.5578226643628835,observed,imputed,observed,observed,observed,missing,carried_forward,missing,observed,observed,observed,observed,observed,observed,observed,missing
SOM,2019,1.0,0.20689655172413793,0.03156146179401991,0.08571428571428572,0.25,,0.75,,1.0,,0.0,0.0,0.5,0.0,0.0,0.5,0.9703326202542946,1.0,0.0,0.0,0.0,0.25,,0.75,,0.0,,0.0,0.0,0.5,0.0,0.0,0.5,1.0,0.11922900675907892,0.5140117264921451,0.5,0.2,0.11327307720468606,0.4854619742065307,0.27628368286318133,0.2463000918174436,0.12411575431970755,0.512092966413344,0.24870804162754795,0.2571411577378928,0.2,0.564591121564631,-0.44536211480555205,0.5997527471180873,-0.08574102062594224,0.2568651047330904,-0.056865104733090366,0.279794219793817,0.279794219793817,0.5290613052437129,imputed,observed,observed,observed,imputed,missing,carried_forward,missing,observed,observed,observed,observed,observed,observed,observed,missing
SOM,2021,1.0,0.2413793103448276,0.0,0.1,0.25,,0.75,1.0,1.0,,0.0,0.0,0.5,0.0,0.0,0.5,0.9513344526877688,1.0,0.175,0.0,0.0,0.25,,0.75,1.0,0.0,,0.0,0.0,0.5,0.0,0.0,0.5,0.9893795354822043,0.1206896551724138,0.5128336131719422,0.6666666666666666,0.2,0.11249028008511831,0.4864487545726814,0.9163637110438112,0.2463000918174436,0.12741711489379878,0.5108050241999637,0.5207813748777301,0.2571411577378928,0.2,0.56573820007837,-0.44504854490595613,0.5997527471180873,-0.08691913394614514,0.25737704881146317,-0.05737704881146316,0.301402129542362,0.301402129542362,0.5531748549785972,observed,observed,observed,observed,imputed,carried_forward,carried_forward,missing,observed,observed,observed,observed,observed,observed,observed,missing
SOM,2022,1.0,0.2413793103448276,0.0,0.11428571428571428,0.25,,0.75,1.0,1.0,,0.0,0.0,0.5,0.0,0.0,0.5,0.9486716703253217,1.0,0.0,0.0,0.0,0.25,,0.75,1.0,1.0,,0.0,0.0,0.5,0.0,0.0,0.5,0.9699671313303126,0.1206896551724138,0.5157393461527591,0.6666666666666666,0.2,0.11249028008511831,0.4888764911513778,0.9163637110438112,0.2463000918174436,0.12741711489379878,0.5138647422541816,0.5207813748777301,0.2571411577378928,0.2,0.565295361304959,-0.44460570613254524,0.6087404907170965,-0.09300114456433739,0.2574204194891991,-0.05742041948919907,0.3018281641067819,0.3018281641067819,0.5537625499136263,imputed,imputed,observed,observed,imputed,carried_forward,carried_forward,missing,observed,observed,observed,observed,observed,observed,observed,missing
SRB,2023,1.0,,,0.7285714285714285,0.0,0.0,,,,0.0,0.0,0.0,0.5,0.0,0.0,0.5,,1.0,,,0.6666666666666666,0.0,0.0,,,,0.0,0.0,0.0,1.0,0.0,0.0,0.5,,,0.36428571428571427,0.0,0.2,0.0,0.1357937499486818,0.0,0.2463000918174436,0.0,0.19218927575861025,0.0,0.2571411577378928,0.2,,,,,,,,,,imputed,imputed,imputed,observed,imputed,missing,missing,carried_forward,observed,observed,observed,observed,observed,observed,observed,observed
SSD,2015,1.0,0.41379310344827586,,0.12857142857142856,1.0,,,,,,0.0,0.0,0.5,0.0,0.0,0.5,,1.0,0.2857142857142857,,0.047619047619047616,1.0,,,,,,0.0,0.0,0.5,0.0,0.0,0.5,,0.41379310344827586,0.5642857142857143,,0.2,0.1928404801459171,0.3442871589949821,0.0,0.2463000918174436,0.21842933981794074,0.2765500110222629,0.0,0.2571411577378928,0.2,,,,,,,,,,observed,imputed,imputed,observed,imputed,missing,missing,missing,observed,observed,observed,observed,observed,observed,observed,missing
STP,2013,1.0,0.034482758620689655,,0.4142857142857143,0.25,,,,,,0.0,0.0,0.5,0.0,0.0,0.5,0.6312807409539012,1.0,0.0,,0.2857142857142857,0.25,,,,,,0.0,0.0,0.5,0.0,0.0,0.5,0.5192146672249678,0.034482758620689655,0.43185548507987187,,0.2,0.016070040012159757,0.21298267631284123,0.0,0.2463000918174436,0.018202444984828398,0.3379579345193219,0.0,0.2571411577378928,0.2,,,,,,,,,,observed,imputed,observed,observed,imputed,missing,missing,missing,observed,observed,observed,observed,observed,observed,observed,missing
SUR,2013,1.0,0.5517241379310345,,0.7285714285714285,0.75,,,,,,0.0,0.0,0.5,0.0,0.0,0.5,0.8549655099563256,1.0,0.5357142857142857,,0.7346938775510204,0.75,,,,,,0.0,0.0,0.5,0.0,0.0,0.5,0.8473881367495819,0.5517241379310345,0.7778456461759181,,0.2,0.2571206401945561,0.4514535466008489,0.0,0.2463000918174436,0.29123911975725436,0.6017139075115192,0.0,0.2571411577378928,0.2,,,,,,,,,,observed,imputed,observed,observed,imputed,missing,missing,missing,observed,observed,observed,observed,observed,observed,observed,missing
SUR,2017,1.0,0.6666666666666666,,0.7571428571428571,0.75,,,,,,0.0,0.0,0.0,0.5,0.0,1.0,0.8129996138834976,1.0,0.5972222222222222,,0.7966101694915254,0.75,,,,,,0.0,0.0,0.0,1.0,0.0,1.0,0.7982283475564615,0.6666666666666666,0.7733808236754515,,0.3,0.31068744023508865,0.45307694947486954,0.0,0.5870184682448168,0.351913936373349,0.598081525049232,0.0,0.3641950659257678,0.3,0.664910229944593,0.0017564367220735955,,,0.27021902144851845,0.02978097855148154,,,,observed,imputed,observed,observed,imputed,missing,missing,missing,observed,observed,observed,observed,observed,observed,observed,missing
SVK,2017,1.0,0.9425287356321839,,0.8571428571428571,0.0,,0.375,,,0.0,0.0,0.0,0.5,0.5,0.0,1.0,0.7409634448081696,1.0,0.9305555555555556,,0.9152542372881356,0.0,,0.375,,,0.0,0.0,0.0,1.0,1.0,0.0,1.0,0.6980752685168371,0.9425287356321839,0.49327657548775666,0.0,0.4,0.4392477603323667,0.3770240791701202,0.0,0.6276085012649691,0.4975334962519761,0.5085973481138257,0.0,0.49148157841267115,0.4,,,,,,,0.0,0.0,0.005313989559565715,observed,imputed,observed,observed,observed,missing,missing,carried_forward,observed,observed,observed,observed,observed,observed,observed,missing
SVK,2022,1.0,0.9425287356321839,,0.8285714285714286,0.0,,0.375,,,0.0,0.0,0.0,0.5,0.0,0.0,0.5,0.6920572465056256,1.0,0.9242424242424242,,0.8064516129032258,0.0,,0.375,,,0.0,0.0,0.0,0.5,0.0,0.0,0.5,0.6128051135722126,0.9425287356321839,0.47390716876926353,0.0,0.2,0.4392477603323667,0.3673847827434612,0.0,0.2463000918174436,0.4975334962519761,0.4880441365902054,0.0,0.2571411577378928,0.2,0.5579441036363637,0.38458463199582016,0.5727895163210602,-0.0988823475517967,0.28182308722496796,-0.08182308722496795,0.0,0.0,0.0,imputed,imputed,observed,observed,imputed,missing,missing,carried_forward,observed,observed,observed,observed,observed,observed,observed,missing
SVN,2021,1.0,0.7471264367816092,0.8604651162790696,0.8714285714285714,0.75,,0.65,1.0,,,0.0,0.0,0.5,0.0,0.0,0.5,0.6041594095064627,1.0,0.725,0.8647746243739565,0.8571428571428571,0.75,,0.65,1.0,,,0.0,0.0,0.5,0.0,0.0,0.5,0.62832051782202,0.8037957765303394,0.7188969952337585,0.5,0.2,0.8076457599600328,0.7192593732648672,0.6400800281806298,0.2463000918174436,0.800636925097345,0.7204734257100209,0.27207333325018224,0.2571411577378928,0.2,,,,,,,0.49029006959783217,0.49029006959783217,0.6850625519015252,observed,observed,observed,observed,observed,carried_forward,missing,missing,observed,observed,observed,observed,observed,observed,observed,missing
SWE,2015,1.0,0.9080459770114943,,0.8714285714285714,0.0,,,,,,0.5,0.0,0.5,0.0,0.0,0.5,0.5376737342177326,1.0,0.9,,0.873015873015873,0.0,,,,,,0.5,0.0,0.5,0.0,0.0,0.5,0.38719907400934667,0.9080459770114943,0.469700768548768,,0.2,0.42317772032020695,0.20984856667197058,0.02767499479625413,0.2463000918174436,0.47933105126714776,0.3729752294043347,0.15033100176008402,0.2571411577378928,0.2,,,,,,,,,,observed,imputed,observed,observed,imputed,missing,missing,missing,observed,observed,observed,observed,observed,observed,observed,missing
SWE,2023,1.0,0.9080459770114943,,0.9,0.0,0.0,,0.0,,,0.5,0.0,0.5,0.0,0.0,0.5,0.5376737342177326,1.0,0.8769230769230769,,0.9166666666666666,0.0,0.0,,0.0,,,0.5,0.0,1.0,0.0,0.0,0.5,0.40658600124719707,0.9080459770114943,0.4792245780725775,0.25,0.2,0.42317772032020695,0.21517381176799733,0.02767499479625413,0.2463000918174436,0.47933105126714776,0.38051206374780966,0.15033100176008402,0.2571411577378928,0.2,0.5490822384422445,0.3589637385692498,,,0.2807991990682224,-0.08079919906822242,0.3840645579516378,0.3840645579516378,0.485001090241202,imputed,imputed,imputed,observed,imputed,carried_forward,missing,missing,observed,observed,observed,observed,observed,observed,observed,observed
SWZ,2017,1.0,0.7126436781609196,,0.6857142857142857,0.75,,0.525,,1.0,,0.0,0.0,0.5,0.0,0.0,0.5,0.729709658171618,1.0,0.6527777777777778,,0.711864406779661,0.75,,0.525,,0.0,,0.0,0.0,1.0,0.0,0.0,0.5,0.6824289425534588,0.7126436781609196,0.6726059859714759,0.5,0.2,0.3321141602513017,0.6450848916491454,0.27628368286318133,0.2463000918174436,0.37618386301978685,0.6764708450525233,0.24870804162754795,0.2571411577378928,0.2,,,,,,,0.46790565201700346,0.46790565201700346,0.7524930922125102,observed,imputed,observed,observed,observed,missing,carried_forward,missing,observed,observed,observed,observed,observed,observed,observed,missing
SYC,2010,1.0,,,0.6428571428571429,0.5,,,,,,0.0,0.0,0.5,0.0,0.0,0.5,0.8115518402467207,1.0,,,0.7258064516129032,0.5,,,,,,0.0,0.0,0.5,0.0,0.0,0.5,0.7684495612619561,,0.6514696610346212,,0.2,0.0,0.3515673709093182,0.0,0.2463000918174436,0.0,0.5068902988247137,0.0,0.2571411577378928,0.2,,,,,,,,,,imputed,imputed,observed,observed,imputed,missing,missing,missing,observed,observed,observed,observed,observed,observed,observed,missing
SYR,2015,1.0,0.5172413793103449,0.011627906976744174,0.7,0.25,,,,,,0.0,0.0,0.5,0.0,0.0,0.5,0.9056136276270753,1.0,0.4142857142857143,0.0,0.6825396825396826,0.25,,,,,,0.0,0.0,0.5,0.0,0.0,0.5,0.8867721086781408,0.26443464314354453,0.6185378758756918,,0.2,0.247259540178296,0.29043423077870745,0.0,0.2463000918174436,0.27852654797638177,0.48633993368266165,0.0,0.2571411577378928,0.2,,,,,,,,,,imputed,imputed,observed,observed,imputed,missing,missing,missing,observed,observed,observed,observed,observed,observed,observed,missing
SYR,2021,1.0,0.5172413793103449,0.011627906976744174,0.7142857142857143,0.25,,,1.0,,,0.0,0.0,0.5,0.0,0.0,0.5,0.8439775394418233,1.0,0.475,0.011686143572621021,0.6825396825396826,0.25,,,1.0,,,0.0,0.0,0.5,0.0,0.0,0.5,0.8777292818222144,0.26443464314354453,0.6027544179091792,0.5,0.2,0.247259540178296,0.28765988914877283,0.6400800281806298,0.2463000918174436,0.27852654797638177,0.4737039154336599,0.27207333325018224,0.2571411577378928,0.2,0.6050283354062724,-0.3405936922627279,,,0.26168860442167907,-0.06168860442167906,0.355315937728382,0.355315937728382,0.5804796898101726,observed,observed,observed,observed,imputed,carried_forward,missing,missing,observed,observed,observed,observed,observed,observed,observed,missing
TCD,2010,1.0,0.3103448275862069,,0.0,0.75,,,,,,0.5,0.0,0.5,0.0,0.0,0.5,0.9276274921579972,1.0,0.15714285714285714,,0.0,0.75,,,,,,0.5,0.0,0.5,0.0,0.0,0.5,0.9321852968640691,0.3103448275862069,0.5592091640526657,,0.2,0.14463036010943783,0.3220693629624398,0.02767499479625413,0.2463000918174436,0.16382200486345558,0.4288636071756782,0.15033100176008402,0.2571411577378928,0.2,,,,,,,,,,imputed,imputed,observed,observed,imputed,missing,missing,missing,observed,observed,observed,observed,observed,observed,observed,missing
TCD,2012,1.0,0.3103448275862069,,0.04285714285714286,0.75,,,,,,0.5,0.5,1.0,0.0,0.0,0.5,0.9317375458591829,1.0,0.2,,0.0,0.75,,,,,,0.5,1.0,1.0,0.0,0.0,0.5,0.9507367736063992,0.3103448275862069,0.5748648962387752,,0.4,0.14463036010943783,0.3304197814334504,0.02767499479625413,0.28940648033474775,0.16382200486345558,0.4412627488533263,0.15033100176008402,0.45581995865416014,0.4,0.5827273788503836,-0.2723825512641767,,,0.2630518043512996,0.13694819564870042,,,,imputed,imputed,observed,observed,imputed,missing,missing,missing,observed,observed,observed,observed,observed,observed,observed,missing
TCD,2016,1.0,0.3103448275862069,,0.014285714285714285,0.75,,,,1.0,,0.5,0.0,0.0,0.5,0.0,1.0,0.8993361578891506,1.0,0.16666666666666666,,0.0,0.75,,,,0.0,,0.5,0.0,0.0,1.0,0.0,1.0,0.9084659789794641,0.3103448275862069,0.5545406240582883,0.75,0.3,0.14463036010943783,0.3222363863331699,0.30395867765943546,0.5870184682448168,0.16382200486345558,0.4251022900692612,0.39903904338763196,0.3641950659257678,0.3,0.5886121822213807,-0.27826735463517377,,,0.2630518043512996,0.03694819564870039,0.4435985308240882,0.4435985308240882,0.7307292363230642,observed,imputed,observed,observed,imputed,missing,carried_forward,missing,observed,observed,observed,observed,observed,observed,observed,missing
TGO,2012,1.0,0.5862068965517241,,0.2,0.25,,0.45,,,,0.0,0.0,0.5,0.5,0.0,1.0,0.8471153952892181,1.0,0.52,,0.16923076923076924,0.25,,0.45,,,,0.0,0.0,0.5,1.0,0.0,1.0,0.8290338047026748,0.5862068965517241,0.4367788488223045,,0.4,0.2731906802067159,0.37436923210984346,0.0,0.6276085012649691,0.30944156474208273,0.44121804979386253,0.0,0.49148157841267115,0.4,,,,,,,,,,imputed,imputed,observed,observed,imputed,missing,missing,missing,observed,observed,observed,observed,observed,observed,observed,missing
TGO,2017,1.0,0.5862068965517241,,0.2571428571428571,0.25,,0.45,,,,0.0,0.0,0.5,0.0,0.0,0.5,0.753766318595892,1.0,0.5,,0.2033898305084746,0.25,,0.45,,,,0.0,0.0,1.0,0.0,0.0,0.5,0.7158753160048602,0.5862068965517241,0.4277272939346873,,0.2,0.2731906802067159,0.3767853323370325,0.0,0.2463000918174436,0.30944156474208273,0.4314468760307409,0.0,0.2571411577378928,0.2,0.5367072807026197,0.04949961584910434,,,0.271242909605264,-0.07124290960526397,,,,observed,imputed,observed,observed,observed,missing,missing,missing,observed,observed,observed,observed,observed,observed,observed,missing
TGO,2022,1.0,0.5862068965517241,,0.24285714285714285,0.25,,0.45,,,,0.0,0.0,0.0,0.5,0.0,1.0,0.7769104039435619,1.0,0.45454545454545453,,0.14516129032258066,0.25,,0.45,,,,0.0,0.0,0.0,1.0,0.0,1.0,0.7309057428064176,0.5862068965517241,0.4299418867001762,,0.3,0.2731906802067159,0.3761642663944359,0.0,0.5870184682448168,0.30944156474208273,0.43383825362593953,0.0,0.3641950659257678,0.3,0.5333049089654054,0.0529019875863187,,,0.271242909605264,0.028757090394736007,,,,imputed,imputed,observed,observed,imputed,missing,missing,missing,observed,observed,observed,observed,observed,observed,observed,missing
TGO,2023,1.0,0.5862068965517241,,0.2857142857142857,0.25,0.25,0.45,1.0,1.0,,0.0,0.5,0.5,0.5,0.0,1.0,0.7769104039435619,1.0,0.4461538461538462,,0.020833333333333332,0.25,0.25,0.45,1.0,1.0,,0.0,1.0,1.0,1.0,0.0,1.0,0.7468038964554886,0.5862068965517241,0.4406561724144619,0.6666666666666666,0.5,0.2731906802067159,0.38415213403847603,0.9163637110438112,0.6301248567621209,0.30944156474208273,0.44514350514115186,0.5207813748777301,0.5628738668420351,0.5,0.5341373480245826,0.05206954852714152,,,0.271242909605264,0.22875709039473602,0.5416981864810806,0.5416981864810806,0.6840626284971831,imputed,imputed,imputed,observed,imputed,carried_forward,carried_forward,missing,observed,observed,observed,observed,observed,observed,observed,observed
THA,2011,1.0,0.8850574712643678,0.867109634551495,0.8,0.5,,0.6,,,,0.0,0.0,0.0,0.0,1.0,0.0,0.9011330286627838,1.0,0.927710843373494,0.8319327731092437,0.8852459016393442,0.5,,0.6,,,,0.0,0.0,0.0,0.0,1.0,0.0,0.8646295297394845,0.8760835529079314,0.700283257165696,,0.2,0.8754738857206147,0.6318075235930165,0.0,0.15117040407034077,0.8765837754389191,0.7086409241966442,0.0,0.13396155686684127,0.2,,,,,,,,,,observed,imputed,observed,observed,imputed,missing,missing,missing,observed,observed,observed,observed,observed,observed,observed,missing
THA,2013,1.0,0.9195402298850575,0.867109634551495,0.8142857142857143,0.5,,0.6,,,,0.0,0.5,0.5,0.0,1.0,0.5,0.9069155841432346,1.0,0.9166666666666666,0.8431372549019608,0.8571428571428571,0.5,,0.6,,,,0.0,1.0,0.5,0.0,1.0,0.5,0.9236053783794501,0.8933249322182762,0.7053003246072372,,0.5,0.8915439257327744,0.6349802295666639,0.0,0.39998685138493617,0.8947862204237474,0.7139483676229484,0.0,0.4624950030340981,0.5,0.6357554511783263,0.2575694810399499,,,0.27985014659070745,0.22014985340929255,,,,observed,imputed,observed,observed,imputed,missing,missing,missing,observed,observed,observed,observed,observed,observed,observed,missing
THA,2015,1.0,0.9482758620689655,0.867109634551495,0.8285714285714286,0.5,,0.6,,,,0.0,0.0,0.5,0.0,0.0,0.5,0.8868662072414397,1.0,0.95,0.865546218487395,0.8253968253968254,0.5,,0.6,,,,0.0,0.0,0.5,0.0,0.0,0.5,0.8613176639114137,0.9076927483102303,0.7038594089532171,,0.2,0.9049356257429075,0.6358742819926149,0.0,0.2463000918174436,0.9099549245777712,0.7123806462061527,0.0,0.2571411577378928,0.2,0.6376413071090186,0.2700514412012117,,,0.28036209066908024,-0.08036209066908023,,,,imputed,imputed,observed,observed,observed,missing,missing,missing,observed,observed,observed,observed,observed,observed,observed,missing
THA,2016,1.0,0.9770114942528736,0.867109634551495,0.8428571428571429,0.5,,0.6,,,,0.0,0.0,0.5,0.5,0.0,1.0,0.8825102786503392,1.0,0.9722222222222222,0.8627787307032591,0.8787878787878788,0.5,,0.6,,,,0.0,0.0,0.5,1.0,0.0,1.0,0.88538920163229,0.9220605644021843,0.7063418553768706,,0.4,0.9183273257530407,0.6381526649107488,0.0,0.6276085012649691,0.9251236287317948,0.7149897336512,0.0,0.49148157841267115,0.4,0.6370996840665891,0.2849608803355952,,,0.2807887107343909,0.11921128926560914,,,,observed,imputed,observed,observed,observed,missing,missing,missing,observed,observed,observed,observed,observed,observed,observed,missing
THA,2020,1.0,0.8275862068965517,0.867109634551495,0.8428571428571429,0.5,,0.675,,,,0.0,0.0,0.0,0.5,0.0,1.0,0.8615021152523855,1.0,0.782608695652174,0.8494726749760305,0.8225806451612904,0.5,,0.6578947368421053,,,,0.0,0.0,0.0,0.5,0.0,1.0,0.876601368906824,0.8473479207240233,0.7198398145273821,,0.3,0.8486904857003483,0.6666806798914475,0.0,0.5870184682448168,0.8462463671308718,0.7264554162987191,0.0,0.3641950659257678,0.3,0.6380328061274785,0.20931511459654484,,,0.2812153307997015,0.018784669200298476,,,,observed,imputed,observed,observed,observed,missing,missing,missing,observed,observed,observed,observed,observed,observed,observed,missing
THA,2021,1.0,0.8620689655172413,0.867109634551495,0.8571428571428571,0.5,,0.675,1.0,,,0.0,0.0,0.5,0.0,0.0,0.5,0.8215130131106317,1.0,0.85,0.8714524207011686,0.8412698412698413,0.5,,0.675,1.0,,,0.0,0.0,0.5,0.0,0.0,0.5,0.8543663703208093,0.8645893000343682,0.7134139675633722,0.5,0.2,0.8647605257125082,0.6658158346481962,0.6400800281806298,0.2463000918174436,0.8644488121157001,0.7195807400663767,0.27207333325018224,0.2571411577378928,0.2,0.6431065282994117,0.22148277173495645,,,0.2789969064600862,-0.07899690646008617,0.4983539055154396,0.4983539055154396,0.6597474542419174,observed,observed,observed,observed,imputed,carried_forward,missing,missing,observed,observed,observed,observed,observed,observed,observed,missing
THA,2022,1.0,0.8620689655172413,0.867109634551495,0.8571428571428571,0.5,,0.675,1.0,,,0.0,0.0,0.5,0.5,0.0,1.0,0.8000760378770898,1.0,0.8181818181818182,0.8714524207011686,0.8387096774193549,0.5,,0.675,1.0,,,0.0,0.0,0.5,1.0,0.0,1.0,0.7631482194185575,0.8645893000343682,0.7080547237549868,0.5,0.4,0.8647605257125082,0.6639248634678381,0.6400800281806298,0.6276085012649691,0.8644488121157001,0.7138752923945894,0.27207333325018224,0.49148157841267115,0.4,0.6406911289156085,0.22389817111875965,0.5997527471180873,0.10830197663689944,0.2795088505384589,0.1204911494615411,0.591529855611919,0.591529855611919,0.788279358719627,imputed,imputed,observed,observed,imputed,carried_forward,missing,missing,observed,observed,observed,observed,observed,observed,observed,missing
THA,2023,1.0,0.8620689655172413,0.867109634551495,0.8571428571428571,0.5,0.5,0.675,1.0,,,0.0,0.0,0.5,0.5,0.0,1.0,0.8000760378770898,1.0,0.8153846153846154,0.8501945525291829,0.8541666666666666,0.5,0.5,0.675,1.0,,,0.0,0.0,1.0,1.0,0.0,1.0,0.7797476890064501,0.8645893000343682,0.7080547237549868,0.5,0.4,0.8647605257125082,0.6639248634678381,0.6400800281806298,0.6276085012649691,0.8644488121157001,0.7138752923945894,0.27207333325018224,0.49148157841267115,0.4,0.6386766529617107,0.22591264707265746,0.5997527471180873,0.10830197663689944,0.2795088505384589,0.1204911494615411,0.591529855611919,0.591529855611919,0.7469906268157335,imputed,imputed,imputed,observed,imputed,carried_forward,missing,missing,observed,observed,observed,observed,observed,observed,observed,observed
TJK,2019,1.0,0.5632183908045977,0.2292358803986711,0.7,0.0,,1.0,,,1.0,0.0,0.0,0.5,0.0,0.0,0.5,0.7313857764967617,1.0,0.45588235294117646,0.20411663807890226,0.7166666666666667,0.0,,1.0,,,1.0,0.0,0.0,0.5,0.0,0.0,0.5,0.6712607678241032,0.39622713560163436,0.6078464441241904,0.5,0.2,0.38488213726063036,0.6000667143617016,0.028286299363680645,0.2463000918174436,0.4055355302968497,0.6067373485637715,0.17855662167362427,0.2571411577378928,0.2,,,,,,,0.39394403040662446,0.39394403040662446,0.6440137616943421,observed,observed,observed,observed,observed,missing,missing,carried_forward,observed,observed,observed,observed,observed,observed,observed,missing
TKM,2012,1.0,,,0.8142857142857143,0.25,,,,,,0.0,0.0,0.5,0.0,0.0,0.5,0.9124959646631319,1.0,,,0.8307692307692308,0.25,,,,,,0.0,0.0,0.5,0.0,0.0,0.5,0.9230636697891506,,0.6589272263162821,,0.2,0.0,0.3123423071195393,0.0,0.2463000918174436,0.0,0.518319004003539,0.0,0.2571411577378928,0.2,,,,,,,,,,imputed,imputed,observed,observed,imputed,missing,missing,missing,observed,observed,observed,observed,observed,observed,observed,missing
TLS,2010,1.0,0.5747126436781609,0.19601328903654486,0.22857142857142856,0.0,,,,,,0.0,0.0,0.5,0.0,0.0,0.5,0.7553494113242791,1.0,0.4857142857142857,0.04911591355599214,0.25806451612903225,0.0,,,,,,0.0,0.0,0.5,0.0,0.0,0.5,0.6891706953609888,0.3853629663573529,0.3279736132985692,,0.2,0.37249898870497045,0.10923188184401181,0.0,0.2463000918174436,0.3959176599471569,0.2613308047650085,0.0,0.2571411577378928,0.2,,,,,,,,,,imputed,imputed,observed,observed,imputed,missing,missing,missing,observed,observed,observed,observed,observed,observed,observed,missing
TLS,2014,1.0,0.5747126436781609,0.19601328903654486,0.3,0.0,,,1.0,,,0.0,0.0,0.5,0.0,0.0,0.5,0.6983763065211497,1.0,0.5487804878048781,0.07456978967495223,0.22033898305084745,0.0,,,0.0,,,0.0,0.0,0.5,0.0,0.0,0.5,0.6039863233477425,0.3853629663573529,0.3327921021737166,0.5,0.2,0.37249898870497045,0.11751935556250276,0.6400800281806298,0.2463000918174436,0.3959176599471569,0.26500950751520097,0.27207333325018224,0.2571411577378928,0.2,0.4958086878306549,-0.110445721473302,,,0.2652792996823368,-0.06527929968233681,0.3365198966357877,0.3365198966357877,0.5940267733283366,observed,imputed,observed,observed,imputed,carried_forward,missing,missing,observed,observed,observed,observed,observed,observed,observed,missing
TLS,2016,1.0,0.6091954022988506,0.19601328903654486,0.3142857142857143,0.0,,,1.0,,,0.0,0.0,0.0,0.5,0.0,1.0,0.7339683920922414,1.0,0.5277777777777778,0.169811320754717,0.3181818181818182,0.0,,,1.0,,,0.0,0.0,0.0,1.0,0.0,1.0,0.6816632629055019,0.40260434566769776,0.3494180354593186,0.5,0.3,0.3885690287171302,0.12332158187133349,0.6400800281806298,0.5870184682448168,0.4141201049319853,0.27825075280486733,0.27207333325018224,0.3641950659257678,0.3,0.4976199004420163,-0.09501555477431856,0.5997527471180873,-0.25033471165876875,0.2652792996823368,0.03472070031766317,0.38113493546183974,0.38113493546183974,0.657469004907881,observed,imputed,observed,observed,imputed,carried_forward,missing,missing,observed,observed,observed,observed,observed,observed,observed,missing
TLS,2021,1.0,0.5402298850574713,0.19601328903654486,0.35714285714285715,0.0,,,1.0,,,0.0,0.0,0.5,0.0,0.0,0.5,0.5061858756905779,1.0,0.5,0.19699499165275458,0.2857142857142857,0.0,,,1.0,,,0.0,0.0,0.5,0.0,0.0,0.5,0.5264288969494142,0.36812158704700804,0.28777624427781173,0.5,0.2,0.3564289486928107,0.11121658803596776,0.6400800281806298,0.2463000918174436,0.3777152149623285,0.2289317225023598,0.27207333325018224,0.2571411577378928,0.2,0.5038693908575391,-0.1357478038105311,0.5997527471180873,-0.3119765028402756,0.2657912437607096,-0.0657912437607096,0.32082009014862983,0.32082009014862983,0.5719900472783108,observed,observed,observed,observed,imputed,carried_forward,missing,missing,observed,observed,observed,observed,observed,observed,observed,missing
TON,2014,1.0,,0.14119601328903653,0.6857142857142857,0.5,,0.275,,,,0.5,0.0,0.5,0.5,0.0,1.0,0.823449623198615,1.0,,0.011472275334608057,0.6779661016949152,0.5,,0.275,,,,0.6,0.0,0.5,1.0,0.0,1.0,0.7790807469279293,0.14119601328903653,0.5710409772282251,,0.4,0.07539427137878103,0.4720023386189492,0.02767499479625413,0.6276085012649691,0.0666627460480348,0.5839044845368218,0.15033100176008402,0.49148157841267115,0.4,,,,,,,,,,imputed,imputed,observed,observed,imputed,missing,missing,missing,observed,observed,observed,observed,observed,observed,observed,missing
TON,2019,1.0,,0.14119601328903653,0.6857142857142857,0.5,,0.275,1.0,,,0.5,0.0,0.5,0.0,0.0,0.5,0.8079220839300845,1.0,,0.11320754716981134,0.7,0.5,,0.275,1.0,,,0.5,0.0,0.5,0.0,0.0,0.5,0.7765581910649813,0.14119601328903653,0.5671590924110925,0.75,0.2,0.07539427137878103,0.47063264308407127,0.6677550229768839,0.2463000918174436,0.0666627460480348,0.5797718323411143,0.42240433501026625,0.2571411577378928,0.2,0.5871748165832746,-0.4459788032942381,,,0.2580293097883932,-0.05802930978839321,0.3310584276795929,0.3310584276795929,0.609646741693286,imputed,observed,observed,observed,observed,carried_forward,missing,missing,observed,observed,observed,observed,observed,observed,observed,missing
TON,2023,1.0,,0.14119601328903653,0.7,0.5,0.5,0.275,1.0,,,0.5,0.0,0.5,0.0,0.0,0.5,0.8079220839300845,1.0,,0.0,0.625,0.5,0.5,0.275,1.0,,,0.5,0.0,1.0,0.0,0.0,0.5,0.7909055323124798,0.14119601328903653,0.5707305209825211,0.75,0.2,0.07539427137878103,0.47329526563208457,0.6677550229768839,0.2463000918174436,0.0666627460480348,0.5835402495128517,0.42240433501026625,0.2571411577378928,0.2,0.5857156622884693,-0.44451964899943275,0.613234362516601,-0.042503841534079934,0.2580293097883932,-0.05802930978839321,0.33157837426854725,0.33157837426854725,0.41872094076668487,imputed,imputed,imputed,observed,imputed,carried_forward,missing,missing,observed,observed,observed,observed,observed,observed,observed,observed
TTO,2011,1.0,,,0.7428571428571429,0.25,,,,,,0.16666666666666666,0.0,0.0,0.5,0.0,1.0,0.8431816984293995,1.0,,,0.819672131147541,0.25,,,,,,0.16666666666666666,0.0,0.0,1.0,0.0,1.0,0.7852815056237439,,0.6120129470955141,,0.3,0.0,0.29291493253013384,0.009224998265418043,0.5870184682448168,0.0,0.481028936813693,0.050110333920028005,0.3641950659257678,0.3,,,,,,,,,,imputed,imputed,observed,observed,imputed,missing,missing,missing,observed,observed,observed,observed,observed,observed,observed,missing
TTO,2022,1.0,,,0.7571428571428571,0.25,,,,,1.0,0.16666666666666666,0.0,0.5,0.5,0.0,1.0,0.7573346940922067,1.0,,,0.7258064516129032,0.25,,,,,1.0,0.25,0.0,0.5,1.0,0.0,1.0,0.7036598073461813,,0.5881591837450212,0.5833333333333334,0.4,0.0,0.2880049283734377,0.03751129762909869,0.6276085012649691,0.0,0.4619491869427601,0.22866695559365227,0.49148157841267115,0.4,,,,,,,,,,imputed,imputed,observed,observed,imputed,missing,missing,carried_forward,observed,observed,observed,observed,observed,observed,observed,missing
TUN,2010,1.0,0.5977011494252874,0.2674418604651163,0.6714285714285714,0.5,,,,,,0.0,0.0,0.0,0.5,0.0,1.0,0.7986012908356377,1.0,0.5142857142857142,0.13359528487229863,0.7580645161290323,0.5,,,,,,0.0,0.0,0.0,1.0,0.0,1.0,0.7501815808598647,0.43257150494520186,0.6566766207547364,,0.3,0.42135298011646033,0.3557502386205055,0.0,0.5870184682448168,0.44177613009467576,0.5109803464279484,0.0,0.3641950659257678,0.3,,,,,,,,,,imputed,imputed,observed,observed,imputed,missing,missing,missing,observed,observed,observed,observed,observed,observed,observed,missing
TUN,2014,1.0,0.5977011494252874,0.2674418604651163,0.7142857142857143,0.5,,,,,,0.0,0.0,0.5,0.0,0.0,0.5,0.7563804785081991,1.0,0.573170731707317,0.1567877629063098,0.711864406779661,0.5,,,,,,0.0,0.0,0.5,0.0,0.0,0.5,0.6851883521186666,0.43257150494520186,0.6568887309313044,,0.2,0.42135298011646033,0.36001377769427334,0.0,0.2463000918174436,0.44177613009467576,0.5110485352153166,0.0,0.2571411577378928,0.2,0.6193642356223563,-0.18679273067715446,,,0.26668105132550035,-0.06668105132550034,,,,observed,imputed,observed,observed,imputed,missing,missing,missing,observed,observed,observed,observed,observed,observed,observed,missing
TUN,2019,1.0,0.6666666666666666,0.2674418604651163,0.7571428571428571,0.5,,,,1.0,,0.0,0.0,0.5,0.0,0.0,0.5,0.7777506983324058,1.0,0.5882352941176471,0.2435677530017153,0.7833333333333333,0.5,,,,0.0,,0.0,0.0,0.5,0.0,0.0,0.5,0.735048883057011,0.46705426356589147,0.6782978518250876,0.5,0.2,0.45349306014077984,0.36988672797545086,0.27628368286318133,0.2463000918174436,0.4781810200643326,0.5280414674603563,0.24870804162754795,0.2571411577378928,0.2,0.619443965312878,-0.15238970174698657,,,0.26668105132550035,-0.06668105132550034,0.4218877794626259,0.4218877794626259,0.6282822606876602,observed,observed,observed,observed,imputed,missing,carried_forward,missing,observed,observed,observed,observed,observed,observed,observed,missing
TUR,2010,1.0,0.8620689655172413,,0.7,1.0,,,,,,0.0,0.0,0.0,0.5,0.0,1.0,0.8281852891069285,1.0,0.8428571428571429,,0.7903225806451613,1.0,,,,,,0.0,0.0,0.0,1.0,0.0,1.0,0.7919126212567255,0.8620689655172413,0.8427284297023094,,0.3,0.4017510003039939,0.5238468877572913,0.0,0.5870184682448168,0.4550611246207099,0.6477080856139559,0.0,0.3641950659257678,0.3,,,,,,,,,,imputed,imputed,observed,observed,imputed,missing,missing,missing,observed,observed,observed,observed,observed,observed,observed,missing
TUR,2016,1.0,0.8620689655172413,,0.7571428571428571,1.0,,,,,,0.0,0.0,0.5,0.0,0.0,0.5,0.8651465386717501,1.0,0.8333333333333334,,0.7878787878787878,1.0,,,,,,0.0,0.0,0.5,0.0,0.0,0.5,0.8615747455962658,0.8620689655172413,0.8740964652715357,,0.2,0.4017510003039939,0.5377577566620909,0.0,0.2463000918174436,0.4550611246207099,0.6726189852058517,0.0,0.2571411577378928,0.2,0.6892988959409718,0.1727700695762695,,,0.27943401485922836,-0.07943401485922835,,,,observed,imputed,observed,observed,imputed,missing,missing,missing,observed,observed,observed,observed,observed,observed,observed,missing
TUR,2018,1.0,0.6896551724137931,,0.7571428571428571,1.0,,,,,,0.0,0.0,0.5,0.0,0.0,0.5,0.8733679520490218,1.0,0.6351351351351351,,0.7543859649122807,1.0,,,,,,0.0,0.0,0.5,0.0,0.0,0.5,0.8863341740565136,0.6896551724137931,0.876836936397293,,0.2,0.3214008002431952,0.5384829735170279,0.0,0.2463000918174436,0.36404889969656795,0.6748071131157427,0.0,0.2571411577378928,0.2,0.7010897671225267,-0.011434594708733536,,,0.27943401485922836,-0.07943401485922835,,,,observed,imputed,observed,observed,imputed,missing,missing,missing,observed,observed,observed,observed,observed,observed,observed,missing
TUR,2022,1.0,0.6896551724137931,,0.7857142857142857,1.0,,,,,,0.0,0.0,0.5,0.0,0.0,0.5,0.894345274347403,1.0,0.5909090909090909,,0.7580645161290323,1.0,,,,,,0.0,0.0,0.5,0.0,0.0,0.5,0.8943543699111328,0.6896551724137931,0.8933531866872295,,0.2,0.3214008002431952,0.5456586434736131,0.0,0.2463000918174436,0.36404889969656795,0.6879270585727838,0.0,0.2571411577378928,0.2,0.7021198775975439,-0.012464705183750757,,,0.27431457407550064,-0.07431457407550063,,,,imputed,imputed,observed,observed,imputed,missing,missing,missing,observed,observed,observed,observed,observed,observed,observed,missing
TZA,2010,1.0,0.41379310344827586,,0.24285714285714285,1.0,,0.6,,,,0.0,0.0,0.5,0.0,0.0,0.5,0.8179691999884068,1.0,0.2857142857142857,,0.27419354838709675,1.0,,0.6,,,,0.0,0.0,0.5,0.0,0.0,0.5,0.7775018569038665,0.41379310344827586,0.6652065857113875,,0.2,0.1928404801459171,0.6807910804243947,0.0,0.2463000918174436,0.21842933981794074,0.660855742485812,0.0,0.2571411577378928,0.2,,,,,,,,,,imputed,imputed,observed,observed,imputed,missing,missing,missing,observed,observed,observed,observed,observed,observed,observed,missing
TZA,2012,1.0,0.41379310344827586,,0.3,1.0,,0.6,,,,0.0,0.0,0.5,0.5,0.0,1.0,0.8283229689993205,1.0,0.32,,0.27692307692307694,1.0,,0.6,,,,0.0,0.0,0.5,1.0,0.0,1.0,0.8020066722440877,0.41379310344827586,0.6820807422498302,,0.4,0.1928404801459171,0.6923548841130786,0.0,0.6276085012649691,0.21842933981794074,0.6786850652076236,0.0,0.49148157841267115,0.4,0.6225705479132579,-0.2087774444649821,,,0.2661234688215362,0.13387653117846382,,,,observed,imputed,observed,observed,imputed,missing,missing,missing,observed,observed,observed,observed,observed,observed,observed,missing
TZA,2016,1.0,0.5287356321839081,,0.3,1.0,,0.6,,,,0.0,0.0,0.5,0.0,0.0,0.5,0.8812797991450786,1.0,0.4305555555555556,,0.30303030303030304,1.0,,0.6,,,,0.0,0.0,0.5,0.0,0.0,0.5,0.8837015928500005,0.5287356321839081,0.6953199497862697,,0.2,0.24640728018644964,0.6970262446253613,0.0,0.2463000918174436,0.2791041564340354,0.692779517431816,0.0,0.2571411577378928,0.2,0.628913342494802,-0.10017771031089395,,,0.2661234688215362,-0.06612346882153619,,,,imputed,imputed,observed,observed,observed,missing,missing,missing,observed,observed,observed,observed,observed,observed,observed,missing
TZA,2017,1.0,0.6436781609195402,,0.3142857142857143,1.0,,0.6,,,,0.0,0.0,0.5,0.0,0.0,0.5,0.875539034861443,1.0,0.5694444444444444,,0.2711864406779661,1.0,,0.6,,,,0.0,0.0,1.0,0.0,0.0,0.5,0.885177940416498,0.6436781609195402,0.6974561872867894,,0.2,0.29997408022698213,0.6991824701796142,0.0,0.2463000918174436,0.33977897305013005,0.6950200310696119,0.0,0.2571411577378928,0.2,0.6338898030150513,0.009788357904488953,,,0.2695364293440214,-0.06953642934402138,,,,observed,imputed,observed,observed,observed,missing,missing,missing,observed,observed,observed,observed,observed,observed,observed,missing
TZA,2020,1.0,0.4367816091954023,,0.32857142857142857,1.0,,0.6,,,,0.0,0.0,0.5,0.0,0.0,0.5,0.9270665257084424,1.0,0.2898550724637681,,0.24193548387096775,1.0,,0.5789473684210525,,,,0.0,0.0,0.5,0.0,0.0,0.5,0.9557531155385713,0.4367816091954023,0.7139094885699678,,0.2,0.2035538401540236,0.7063903701805486,0.0,0.2463000918174436,0.2305643031411597,0.7125024820303169,0.0,0.2571411577378928,0.2,0.6346927892628271,-0.1979111800674248,,,0.2729493898665066,-0.07294938986650656,,,,observed,imputed,observed,observed,imputed,missing,missing,missing,observed,observed,observed,observed,observed,observed,observed,missing
UGA,2014,1.0,0.6436781609195402,,0.38571428571428573,1.0,,,,,,0.8333333333333334,0.0,0.5,0.5,0.0,1.0,0.8123128720050667,1.0,0.6219512195121951,,0.3220338983050847,1.0,,,,,,1.0,0.0,0.5,1.0,0.0,1.0,0.7634900271597884,0.6436781609195402,0.7326757192397841,,0.4,0.29997408022698213,0.4638690742415489,0.04612499132709022,0.6276085012649691,0.33977897305013005,0.5605784664575584,0.25055166960014,0.49148157841267115,0.4,,,,,,,,,,imputed,imputed,observed,observed,imputed,missing,missing,missing,observed,observed,observed,observed,observed,observed,observed,missing
UGA,2020,1.0,0.6436781609195402,,0.42857142857142855,1.0,,,1.0,,,0.8333333333333334,0.0,0.5,0.5,0.0,1.0,0.8173129978307255,1.0,0.5507246376811594,,0.3548387096774194,1.0,,,0.0,,,0.8333333333333334,0.0,0.5,0.5,0.0,1.0,0.8232546553207394,0.6436781609195402,0.7486281421340513,0.9166666666666667,0.4,0.29997408022698213,0.4722980066221704,0.6862050195077201,0.6276085012649691,0.33977897305013005,0.5732145006946732,0.5226250028503223,0.49148157841267115,0.4,0.6479313920888141,-0.004253231169273897,,,0.2729493898665066,0.12705061013349345,0.6483381664183451,0.6483381664183451,0.9725440109355578,observed,imputed,observed,observed,imputed,carried_forward,missing,missing,observed,observed,observed,observed,observed,observed,observed,missing
UKR,2013,1.0,,,0.8,1.0,,,,,,0.0,0.0,0.0,0.5,0.0,1.0,0.731591115934958,1.0,,,0.8367346938775511,1.0,,,,,,0.0,0.0,0.0,1.0,0.0,1.0,0.6663825049533008,,0.8438637053116528,,0.3,0.0,0.5339646033073909,0.0,0.5870184682448168,0.0,0.6483784814357788,0.0,0.3641950659257678,0.3,,,,,,,,,,imputed,imputed,observed,observed,imputed,missing,missing,missing,observed,observed,observed,observed,observed,observed,observed,missing
UKR,2023,1.0,,,0.8285714285714286,1.0,1.0,,0.0,,,0.0,0.0,0.5,0.0,0.0,0.5,0.731591115934958,1.0,,,0.8125,1.0,1.0,,0.0,,,0.0,0.0,1.0,0.0,0.0,0.5,0.6823554454872676,,0.8533875148354623,0.0,0.2,0.0,0.5392898484034176,0.0,0.2463000918174436,0.0,0.6559153157792538,0.0,0.2571411577378928,0.2,,,,,,,,,,imputed,imputed,imputed,observed,imputed,carried_forward,missing,missing,observed,observed,observed,observed,observed,observed,observed,observed
URY,2014,1.0,,,0.8857142857142857,0.0,,,,,,0.0,0.0,0.5,0.0,0.0,0.5,0.676573005328026,1.0,,,0.9152542372881356,0.0,,,,,,0.0,0.0,0.5,0.0,0.0,0.5,0.5734631345815887,,0.5207624303474372,,0.2,0.0,0.22476359497130255,0.0,0.2463000918174436,0.0,0.4137116662866701,0.0,0.2571411577378928,0.2,,,,,,,,,,imputed,imputed,observed,observed,imputed,missing,missing,missing,observed,observed,observed,observed,observed,observed,observed,missing
URY,2022,1.0,,,0.8857142857142857,0.0,,,,1.0,,0.0,0.0,0.5,0.0,0.0,0.5,0.6310440078882893,1.0,,,0.8709677419354839,0.0,,,,1.0,,0.0,0.0,0.5,0.0,0.0,0.5,0.527885446586402,,0.505586097867525,0.5,0.2,0.0,0.22074744898563034,0.27628368286318133,0.2463000918174436,0.0,0.40159413059838367,0.24870804162754795,0.2571411577378928,0.2,,,,,,,,,,imputed,imputed,observed,observed,imputed,missing,carried_forward,missing,observed,observed,observed,observed,observed,observed,observed,missing
USA,2010,1.0,0.8620689655172413,1.0,0.8857142857142857,0.5,,0.9,,,,0.5,0.5,1.0,0.0,0.0,0.5,0.26678204117748905,1.0,0.8428571428571429,1.0,1.0,0.5,,0.9,,,,0.5,1.0,1.0,0.0,0.0,0.5,0.0,0.9310344827586207,0.6381240817229437,,0.4,0.9357198399513609,0.7133513382246233,0.02767499479625413,0.28940648033474775,0.9271902201609094,0.6306470176237081,0.15033100176008402,0.45581995865416014,0.4,,,,,,,,,,imputed,imputed,observed,observed,imputed,missing,missing,missing,observed,observed,observed,observed,observed,observed,observed,missing
USA,2011,1.0,0.8620689655172413,1.0,0.9,0.5,,0.9,,,,0.5,0.0,0.5,0.0,0.0,0.5,0.2696562910142046,1.0,0.9036144578313253,1.0,1.0,0.5,,0.9,,,,0.5,0.0,1.0,0.0,0.0,0.5,0.0,0.9310344827586207,0.6424140727535511,,0.2,0.9357198399513609,0.7162675004416975,0.02767499479625413,0.2463000918174436,0.9271902201609094,0.6351804159488205,0.15033100176008402,0.2571411577378928,0.2,0.6123905570401615,0.3186439257184591,,,0.2814817911727195,-0.08148179117271948,,,,observed,imputed,observed,observed,imputed,missing,missing,missing,observed,observed,observed,observed,observed,observed,observed,missing
USA,2012,1.0,0.9540229885057471,1.0,0.9142857142857143,0.5,,0.9,,,,0.5,0.0,0.5,0.0,0.0,0.5,0.27067404730010003,1.0,0.9466666666666667,1.0,0.9384615384615385,0.5,,0.9,,,,0.5,0.0,0.5,0.0,0.0,0.5,0.0,0.9770114942528736,0.6462399403964536,,0.2,0.978573279983787,0.7190199000120887,0.02767499479625413,0.2463000918174436,0.975730073453785,0.6392197088000112,0.15033100176008402,0.2571411577378928,0.2,0.6140031136027263,0.3630083806501473,,,0.2814817911727195,-0.08148179117271948,,,,observed,imputed,observed,observed,imputed,missing,missing,missing,observed,observed,observed,observed,observed,observed,observed,missing
USA,2013,1.0,0.9540229885057471,1.0,0.9142857142857143,0.5,,0.9,,,,0.5,0.0,0.5,0.0,0.0,0.5,0.2773812832398868,1.0,0.9523809523809523,1.0,1.0,0.5,,0.9,,,,0.5,0.0,0.5,0.0,0.0,0.5,0.0,0.9770114942528736,0.6479167493814003,,0.2,0.978573279983787,0.7196115501737288,0.02767499479625413,0.2463000918174436,0.975730073453785,0.6410048386170624,0.15033100176008402,0.2571411577378928,0.2,0.6154412117085382,0.36157028254433543,,,0.28284697538171355,-0.08284697538171354,,,,observed,imputed,observed,observed,imputed,missing,missing,missing,observed,observed,observed,observed,observed,observed,observed,missing
USA,2014,1.0,0.9655172413793104,1.0,0.9142857142857143,0.5,,0.9,,,,0.5,0.5,1.0,0.0,0.0,0.5,0.26693725127142903,1.0,0.9634146341463414,1.0,0.9491525423728814,0.5,,0.9,,,,0.6,1.0,1.0,0.0,0.0,0.5,0.0,0.9827586206896552,0.6453057413892859,,0.4,0.9839299599878402,0.7186902745159489,0.02767499479625413,0.28940648033474775,0.9817975551153946,0.638225161109889,0.15033100176008402,0.45581995865416014,0.4,0.6160715042461102,0.366687116443545,,,0.28284697538171355,0.11715302461828647,,,,observed,imputed,observed,observed,imputed,missing,missing,missing,observed,observed,observed,observed,observed,observed,observed,missing
USA,2015,1.0,0.9655172413793104,1.0,0.9285714285714286,0.5,,0.9,,,,0.5,0.0,0.5,0.0,0.0,0.5,0.2524982420824395,1.0,0.9714285714285714,1.0,0.9365079365079365,0.5,,0.9,,,,0.5,0.0,0.5,0.0,0.0,0.5,0.0,0.9827586206896552,0.6452674176634671,,0.2,0.9839299599878402,0.7200792215592864,0.02767499479625413,0.2463000918174436,0.9817975551153946,0.6381506381997004,0.15033100176008402,0.2571411577378928,0.2,0.6150900574219669,0.3676685632676884,,,0.2830176234078378,-0.0830176234078378,,,,observed,imputed,observed,observed,observed,missing,missing,missing,observed,observed,observed,observed,observed,observed,observed,missing
USA,2016,1.0,0.9540229885057471,1.0,0.9285714285714286,0.5,,0.9,,,,0.5,0.0,0.5,0.0,0.0,0.5,0.23694995790491302,1.0,0.9444444444444444,1.0,0.9696969696969697,0.5,,0.9,,,,0.5,0.0,0.5,0.0,0.0,0.5,0.0,0.9770114942528736,0.6413803466190854,,0.2,0.978573279983787,0.7187076961008945,0.02767499479625413,0.2463000918174436,0.975730073453785,0.6340124647496441,0.15033100176008402,0.2571411577378928,0.2,0.6150756519896174,0.36193584226325615,,,0.2830176234078378,-0.0830176234078378,,,,observed,imputed,observed,observed,observed,missing,missing,missing,observed,observed,observed,observed,observed,observed,observed,missing
USA,2017,1.0,1.0,1.0,0.9285714285714286,0.5,,0.9,,,,0.5,0.0,0.5,0.0,0.0,0.5,0.23886537101566516,1.0,1.0,1.0,1.0,0.5,,0.9,,,,0.5,0.0,1.0,0.0,0.0,0.5,0.0,1.0,0.6418591998967734,,0.2,1.0,0.7188766560848219,0.02767499479625413,0.2463000918174436,1.000000000100223,0.6345222516554083,0.15033100176008402,0.2571411577378928,0.2,0.6136145482537234,0.3863854517462766,,,0.28284697538171355,-0.08284697538171354,,,,observed,imputed,observed,observed,observed,missing,missing,missing,observed,observed,observed,observed,observed,observed,observed,missing
USA,2018,1.0,0.896551724137931,1.0,0.9285714285714286,0.5,,0.75,1.0,1.0,,0.5,0.5,1.0,0.0,0.0,0.5,0.24578206523756513,1.0,0.8783783783783784,1.0,0.9649122807017544,0.5,,0.75,0.0,0.0,,0.5,1.0,1.0,0.0,0.0,0.5,0.0,0.9482758620689655,0.6060883734522484,0.8333333333333334,0.4,0.9517898799635207,0.6587244619997308,0.9440387058400653,0.28940648033474775,0.9453926651457378,0.6022491245321147,0.6711123766378142,0.45581995865416014,0.4,0.6137945435007839,0.33448131856818164,,,0.28352956748621055,0.11647043251378947,0.6615875875647295,0.6615875875647295,0.7744656840889756,observed,imputed,observed,observed,observed,carried_forward,carried_forward,missing,observed,observed,observed,observed,observed,observed,observed,missing
USA,2019,1.0,0.9080459770114943,1.0,0.9285714285714286,0.5,,0.75,1.0,1.0,,0.5,0.0,0.5,0.0,0.0,0.5,0.24347430712882986,1.0,0.8970588235294118,1.0,0.9833333333333333,0.5,,0.75,1.0,0.0,,0.5,0.0,0.5,0.0,0.0,0.5,0.0,0.9540229885057472,0.6055114339250647,0.8333333333333334,0.2,0.9571465599675739,0.6585208929781073,0.9440387058400653,0.2463000918174436,0.9514601468073471,0.6016349150652898,0.6711123766378142,0.2571411577378928,0.2,0.600348715637756,0.35367427286799114,0.6177282343161055,-0.012216800391040783,0.2819937352510922,-0.08199373525109221,0.5570350006694283,0.5570350006694283,0.629481095085714,observed,observed,observed,observed,observed,carried_forward,carried_forward,missing,observed,observed,observed,observed,observed,observed,observed,missing
USA,2020,1.0,0.9080459770114943,0.9975083056478407,0.9285714285714286,0.5,,0.75,1.0,1.0,,0.5,0.0,0.5,0.0,0.0,0.5,0.1353797692131388,1.0,0.8840579710144928,1.0,0.9193548387096774,0.5,,0.7368421052631579,0.0,0.0,,0.5,0.0,0.5,0.0,0.0,0.5,0.0,0.9527771413296675,0.5784877994461419,0.8333333333333334,0.2,0.9558160728255954,0.6489857951517647,0.9440387058400653,0.2463000918174436,0.9502837454064996,0.5728655703715931,0.6711123766378142,0.2571411577378928,0.2,0.6001318509370783,0.3526452903925892,0.6177282343161055,-0.039240434869963536,0.2821643832772165,-0.08216438327721648,0.5505332714667439,0.5505332714667439,0.6205122610040217,observed,imputed,observed,observed,observed,carried_forward,carried_forward,missing,observed,observed,observed,observed,observed,observed,observed,missing
USA,2021,1.0,0.896551724137931,0.9950166112956811,0.9285714285714286,0.5,,0.8,1.0,1.0,,0.5,0.0,0.5,0.0,0.0,0.5,0.20102344229969343,1.0,0.8875,1.0,0.9206349206349206,0.5,,0.8,1.0,0.0,,0.5,0.0,0.5,0.0,0.0,0.5,0.20906262713559082,0.9457841677168061,0.6073987177177805,0.8333333333333334,0.2,0.9491289056795638,0.6750303782140259,0.9440387058400653,0.2463000918174436,0.9430398623440425,0.6017079586427281,0.6711123766378142,0.2571411577378928,0.2,0.5899739884118586,0.3558101793049475,0.6177282343161055,-0.010329516598324928,0.2821273906403241,-0.0821273906403241,0.5562610676530408,0.5562610676530408,0.6276543489955437,observed,observed,observed,observed,observed,carried_forward,carried_forward,missing,observed,observed,observed,observed,observed,observed,observed,missing
USA,2022,1.0,0.896551724137931,0.9950166112956811,0.9428571428571428,0.5,,0.8,1.0,1.0,,0.5,1.0,0.5,0.5,1.0,1.0,0.2517679007342541,1.0,0.8636363636363636,1.0,0.9354838709677419,0.5,,0.8,1.0,1.0,,0.75,1.0,0.5,1.0,1.0,1.0,0.0,0.9457841677168061,0.6236562608978493,0.8333333333333334,0.8,0.9491289056795638,0.6821692063562174,0.9440387058400653,0.7838116163296136,0.9430398623440425,0.6189820056469134,0.6711123766378142,0.7682277121382404,0.8,0.6008412584495073,0.34494290926729876,0.6177282343161055,0.0059280265817438504,0.28191974997730745,0.5180802500226926,0.791883906406548,0.791883906406548,0.952685134000406,imputed,imputed,observed,observed,imputed,carried_forward,carried_forward,missing,observed,observed,observed,observed,observed,observed,observed,missing
USA,2023,1.0,0.896551724137931,0.9950166112956811,0.9428571428571428,0.5,0.5,0.8,1.0,1.0,,0.5,0.5,0.5,0.0,1.0,0.5,0.2517679007342541,1.0,0.8615384615384616,1.0,0.9791666666666666,0.5,0.5,0.8,1.0,1.0,,0.5,1.0,1.0,0.0,1.0,0.5,0.0,0.9457841677168061,0.6236562608978493,0.8333333333333334,0.5,0.9491289056795638,0.6821692063562174,0.9440387058400653,0.39998685138493617,0.9430398623440425,0.6189820056469134,0.6711123766378142,0.4624950030340981,0.5,0.6069522754094859,0.33883189230732014,0.6177282343161055,0.0059280265817438504,0.28191974997730745,0.21808025002269255,0.7040954229519769,0.7040954229519769,0.8891397050194614,imputed,imputed,imputed,observed,imputed,carried_forward,carried_forward,missing,observed,observed,observed,observed,observed,observed,observed,observed
UZB,2011,1.0,0.8850574712643678,0.3604651162790698,0.8428571428571429,1.0,,1.0,,,,0.0,0.0,0.5,0.0,0.0,0.5,0.816033694956109,1.0,0.927710843373494,0.1911764705882353,0.9344262295081968,1.0,,1.0,,,,0.0,0.0,1.0,0.0,0.0,0.5,0.7481099614052141,0.6227612937717188,0.914722709453313,,0.2,0.6049415001849886,0.9544833503718088,0.0,0.2463000918174436,0.6373821572665589,0.909584807277892,0.0,0.2571411577378928,0.2,,,,,,,,,,observed,imputed,observed,observed,imputed,missing,missing,missing,observed,observed,observed,observed,observed,observed,observed,missing
UZB,2016,1.0,0.6954022988505747,0.3604651162790698,0.8142857142857143,1.0,,1.0,,,,0.0,0.0,0.5,0.5,0.0,1.0,0.8435299918893938,1.0,0.6319444444444444,0.339622641509434,0.8484848484848485,1.0,,1.0,,,,0.0,0.0,0.5,1.0,0.0,1.0,0.8319275438048395,0.5279337075648223,0.914453926543777,,0.4,0.5165562801181098,0.9515835736313203,0.0,0.6276085012649691,0.5372687098500027,0.9093661081476033,0.0,0.49148157841267115,0.4,0.716360688716599,-0.1884269811517767,,,0.2723283104225892,0.12767168957741082,,,,imputed,imputed,observed,observed,imputed,missing,missing,missing,observed,observed,observed,observed,observed,observed,observed,missing
UZB,2019,1.0,0.5057471264367817,0.3604651162790698,0.8,1.0,,1.0,,1.0,,0.0,0.0,0.0,0.5,0.0,1.0,0.8092515161489573,1.0,0.38235294117647056,0.339622641509434,0.8333333333333334,1.0,,1.0,,0.0,,0.0,0.0,0.0,1.0,0.0,1.0,0.778387202572267,0.4331061213579257,0.9023128790372393,0.5,0.3,0.4281710600512313,0.9458972218012788,0.27628368286318133,0.5870184682448168,0.4371552624334466,0.8964744799129691,0.24870804162754795,0.3641950659257678,0.3,0.7162596564203576,-0.2831535350624319,,,0.2695126179915389,0.030487382008461072,0.492051640756169,0.492051640756169,0.728865762094146,observed,observed,observed,observed,observed,missing,carried_forward,missing,observed,observed,observed,observed,observed,observed,observed,missing
VNM,2015,1.0,0.9885057471264368,,0.7,0.75,,,,,,0.0,0.0,0.5,0.0,0.0,0.5,0.8437126274562436,1.0,1.0,,0.6825396825396826,0.75,,,,,,0.0,0.0,0.5,0.0,0.0,0.5,0.8027255808123188,0.9885057471264368,0.7645708758187478,,0.2,0.4606744803485797,0.4451356765532237,0.0,0.2463000918174436,0.5218034228984141,0.5911821202158885,0.0,0.2571411577378928,0.2,,,,,,,,,,observed,imputed,observed,observed,imputed,missing,missing,missing,observed,observed,observed,observed,observed,observed,observed,missing
VNM,2016,1.0,0.9885057471264368,,0.7,0.75,,,1.0,,,0.0,0.0,0.5,0.0,0.0,0.5,0.8357492948112263,1.0,0.9861111111111112,,0.7272727272727273,0.75,,,1.0,,,0.0,0.0,0.5,0.0,0.0,0.5,0.8212562789318268,0.9885057471264368,0.761916431603742,0.5,0.2,0.4606744803485797,0.4444332251874278,0.6400800281806298,0.2463000918174436,0.5218034228984141,0.5890626804533192,0.27207333325018224,0.2571411577378928,0.2,0.6599204017833525,0.32858534534308426,,,0.2831882714339621,-0.08318827143396207,0.5238677151014092,0.5238677151014092,0.743527619409251,observed,imputed,observed,observed,imputed,carried_forward,missing,missing,observed,observed,observed,observed,observed,observed,observed,missing
VNM,2017,1.0,0.9425287356321839,,0.7142857142857143,0.75,,,1.0,,,0.0,0.0,0.5,0.5,0.0,1.0,0.8297116221569494,1.0,0.9305555555555556,,0.7457627118644068,0.75,,,1.0,,,0.0,0.0,1.0,1.0,0.0,1.0,0.821463329469112,0.9425287356321839,0.7646657788142212,0.5,0.4,0.4392477603323667,0.44656326023831105,0.6400800281806298,0.6276085012649691,0.4975334962519761,0.5912241719737894,0.27207333325018224,0.49148157841267115,0.4,0.6589226278000668,0.28360610783211704,0.5997527471180873,0.1649130316961338,0.2831882714339621,0.11681172856603794,0.6161678900992773,0.6161678900992773,0.8693331499990637,observed,imputed,observed,observed,imputed,carried_forward,missing,missing,observed,observed,observed,observed,observed,observed,observed,missing
WSM,2010,1.0,0.6206896551724138,,0.5142857142857142,0.0,,,,,,1.0,0.0,0.0,0.5,0.0,1.0,0.8215475209858863,1.0,0.5428571428571428,,0.5806451612903226,0.0,,,,,,1.0,0.0,0.0,1.0,0.0,1.0,0.7825494186542897,0.6206896551724138,0.44527774509053347,,0.3,0.28926072021887567,0.16832371621544373,0.05534998959250826,0.5870184682448168,0.32764400972691116,0.35431776493700023,0.30066200352016803,0.3641950659257678,0.3,,,,,,,,,,imputed,imputed,observed,observed,imputed,missing,missing,missing,observed,observed,observed,observed,observed,observed,observed,missing
WSM,2011,1.0,0.6206896551724138,,0.5285714285714286,0.0,,,,,,1.0,0.5,0.5,0.5,1.0,1.0,0.8099500118014923,1.0,0.6506024096385542,,0.5737704918032787,0.0,,,,,,1.0,1.0,1.0,1.0,1.0,1.0,0.7397800708622191,0.6206896551724138,0.4461738134576403,,0.7,0.28926072021887567,0.16996331404132586,0.05534998959250826,0.7812952608324617,0.32764400972691116,0.35499950681738873,0.30066200352016803,0.6968354237088763,0.7,0.5399019146433691,0.0807877405290447,,,0.2722667977620095,0.42773320223799044,,,,observed,imputed,observed,observed,imputed,missing,missing,missing,observed,observed,observed,observed,observed,observed,observed,missing
WSM,2013,1.0,0.6666666666666666,,0.5571428571428572,0.0,,,,,,1.0,0.0,0.0,0.0,1.0,0.0,0.7680248520995981,1.0,0.6547619047619048,,0.4897959183673469,0.0,,,,,,1.0,0.0,0.0,0.0,1.0,0.0,0.7198353424362354,0.6666666666666666,0.44172256974748514,,0.2,0.31068744023508865,0.17159031030026156,0.05534998959250826,0.15117040407034077,0.351913936373349,0.35137796633398,0.30066200352016803,0.13396155686684127,0.2,0.5402387360762289,0.12642793059043778,,,0.2722667977620095,-0.0722667977620095,,,,observed,imputed,observed,observed,imputed,missing,missing,missing,observed,observed,observed,observed,observed,observed,observed,missing
YEM,2010,1.0,0.3448275862068966,,0.3142857142857143,0.0,,,,,1.0,0.0,0.0,0.5,0.0,0.0,0.5,0.8212136937094051,1.0,0.2,,0.3548387096774194,0.0,,,,,0.0,0.0,0.0,0.5,0.0,0.0,0.5,0.7820785235632117,0.3448275862068966,0.37849980266503974,0.5,0.2,0.1607004001215976,0.1310175533963449,0.028286299363680645,0.2463000918174436,0.18202444984828398,0.3014710764542212,0.17855662167362427,0.2571411577378928,0.2,,,,,,,0.33800016701806845,0.33800016701806845,0.533439575044246,imputed,imputed,observed,observed,imputed,missing,missing,carried_forward,observed,observed,observed,observed,observed,observed,observed,missing
YEM,2013,1.0,0.3448275862068966,,0.3142857142857143,0.0,,,,,1.0,0.0,0.0,0.5,0.0,0.0,0.5,0.8311841590870309,1.0,0.32142857142857145,,0.14285714285714285,0.0,,,,,0.0,0.0,0.0,0.5,0.0,0.0,0.5,0.8124979273733948,0.3448275862068966,0.38182329112424834,0.5,0.2,0.1607004001215976,0.1318970554006365,0.028286299363680645,0.2463000918174436,0.18202444984828398,0.3041247142858498,0.17855662167362427,0.2571411577378928,0.2,0.5148008809758119,-0.16997329476891532,0.5997527471180873,-0.217929455993839,0.26407569250804513,-0.06407569250804512,0.3387397047888523,0.3387397047888523,0.5348393038044904,observed,imputed,observed,observed,imputed,missing,missing,carried_forward,observed,observed,observed,observed,observed,observed,observed,missing
YEM,2022,1.0,0.3448275862068966,,0.32857142857142857,0.0,,,,,1.0,0.0,0.0,0.5,0.0,0.0,0.5,0.7696107074671977,1.0,0.13636363636363635,,0.24193548387096775,0.0,,,,,1.0,0.0,0.0,0.5,0.0,0.0,0.5,0.7207458527904465,0.3448275862068966,0.36606071201287543,0.5,0.2,0.1607004001215976,0.1291282389877044,0.028286299363680645,0.2463000918174436,0.18202444984828398,0.2915053667491312,0.17855662167362427,0.2571411577378928,0.2,0.5160501407265359,-0.1712225545196393,0.5997527471180873,-0.23369203510521191,0.26407569250804513,-0.06407569250804512,0.33518824574682754,0.33518824574682754,0.5557510370973711,imputed,imputed,observed,observed,imputed,missing,missing,carried_forward,observed,observed,observed,observed,observed,observed,observed,missing
ZAF,2013,1.0,0.7241379310344828,0.5232558139534883,0.6142857142857143,1.0,,,,,,0.0,0.5,1.0,0.0,0.0,0.5,0.6733424754925018,1.0,0.7142857142857143,0.4372549019607843,0.5714285714285714,1.0,,,,,,0.0,1.0,1.0,0.0,0.0,0.5,0.5809244806347768,0.6236968724939855,0.762542729926072,,0.4,0.6168731400708376,0.49421235523496737,0.0,0.28940648033474775,0.6292956388594076,0.5838861914798498,0.0,0.45581995865416014,0.4,,,,,,,,,,observed,imputed,observed,observed,imputed,missing,missing,missing,observed,observed,observed,observed,observed,observed,observed,missing
ZAF,2019,1.0,0.6551724137931034,0.5232558139534883,0.6428571428571429,1.0,,,,,,0.0,0.0,0.5,0.0,0.0,0.5,0.6661443939093551,1.0,0.5735294117647058,0.5077186963979416,0.65,1.0,,,,,,0.0,0.0,0.5,0.0,0.0,0.5,0.5815027208852561,0.5892141138732958,0.7696671789221661,,0.2,0.5847330600465181,0.498902652318072,0.0,0.2463000918174436,0.5928907488897508,0.5895072575135474,0.0,0.2571411577378928,0.2,0.6591580458842984,-0.06994393201100257,,,0.27235609033381875,-0.07235609033381873,,,,observed,observed,observed,observed,imputed,missing,missing,missing,observed,observed,observed,observed,observed,observed,observed,missing
ZAF,2021,1.0,0.632183908045977,0.495016611295681,0.7142857142857143,1.0,,,1.0,,,0.0,0.0,0.5,0.5,0.0,1.0,0.644655983356656,1.0,0.6,0.4974958263772954,0.6825396825396826,1.0,,,1.0,,,0.0,0.0,0.5,0.5,0.0,1.0,0.6704366015098615,0.5636002596708289,0.7863138992141234,0.5,0.4,0.5589408457626553,0.5103202567308596,0.6400800281806298,0.6276085012649691,0.5674232363569249,0.6026302061981395,0.27207333325018224,0.49148157841267115,0.4,0.6618360414561637,-0.09823578178533476,,,0.27133220217707316,0.12866779782292687,0.545631309574153,0.545631309574153,0.7374902743791323,observed,observed,observed,observed,imputed,carried_forward,missing,missing,observed,observed,observed,observed,observed,observed,observed,missing
ZMB,2017,1.0,0.5862068965517241,0.1744186046511628,0.4714285714285714,1.0,,,,1.0,,1.0,0.0,0.5,0.0,0.0,0.5,0.8401888560257609,1.0,0.5,0.1475128644939966,0.4576271186440678,1.0,,,,0.0,,1.0,0.0,1.0,0.0,0.0,0.5,0.8360300012570361,0.38031275060144343,0.7705391424847775,1.0,0.2,0.36632478014521014,0.4823037703593631,0.3316336724556896,0.2463000918174436,0.39178966280141986,0.5906081583612713,0.5493700451477159,0.2571411577378928,0.2,,,,,,,0.49202978861812674,0.49202978861812674,0.7554055658803861,observed,imputed,observed,observed,imputed,missing,carried_forward,missing,observed,observed,observed,observed,observed,observed,observed,missing
ZMB,2021,1.0,0.4942528735632184,0.1744186046511628,0.4857142857142857,1.0,,,,1.0,,1.0,0.0,0.5,0.0,0.0,0.5,0.7468642914767205,1.0,0.45,0.17529215358931552,0.42857142857142855,1.0,,,,0.0,,1.0,0.0,0.5,0.0,0.0,0.5,0.7767323507330217,0.3343357391071906,0.7441928590636687,1.0,0.2,0.3234713401127841,0.47673416517659156,0.3316336724556896,0.2463000918174436,0.34324980950854417,0.5695382569863808,0.5493700451477159,0.2571411577378928,0.2,0.6621638021799449,-0.32782806307275425,0.6267159779151146,0.11747688114855415,0.26512934485539374,-0.06512934485539373,0.47230720892782935,0.47230720892782935,0.7373088777217452,observed,observed,observed,observed,imputed,missing,carried_forward,missing,observed,observed,observed,observed,observed,observed,observed,missing
ZWE,2011,1.0,0.40229885057471265,0.27242524916943517,0.3,1.0,,0.625,,,,0.0,0.0,0.5,0.5,0.0,1.0,0.6743640994732952,1.0,0.42168674698795183,0.07983193277310918,0.3114754098360656,1.0,,0.625,,,,0.0,0.0,1.0,1.0,0.0,1.0,0.5541333532140575,0.3373620498720739,0.6498410248683237,,0.4,0.33295039433151197,0.688901113682288,0.0,0.6276085012649691,0.3409817446490102,0.6433946030592175,0.0,0.49148157841267115,0.4,,,,,,,,,,observed,imputed,observed,observed,imputed,missing,missing,missing,observed,observed,observed,observed,observed,observed,observed,missing
ZWE,2018,1.0,0.4827586206896552,0.27242524916943517,0.45714285714285713,1.0,,0.625,,,,0.0,0.0,0.0,0.5,0.0,1.0,0.8465324281855701,1.0,0.3918918918918919,0.16252390057361377,0.38596491228070173,1.0,,0.625,,,,0.0,0.0,0.0,1.0,0.0,1.0,0.8484345934911652,0.3775919349295452,0.7321688213321068,,0.3,0.37044715435988473,0.7333770552354555,0.0,0.5870184682448168,0.3834541162802765,0.7306697662390337,0.0,0.3641950659257678,0.3,0.6167948164960618,-0.23920288156651665,,,0.26385402015517273,0.03614597984482726,,,,observed,imputed,observed,observed,observed,missing,missing,missing,observed,observed,observed,observed,observed,observed,observed,missing
ZWE,2021,1.0,0.5287356321839081,0.27242524916943517,0.5,1.0,,0.7,,,1.0,0.0,0.0,0.5,0.0,0.0,0.5,0.9404397589190426,1.0,0.4875,0.2737896494156928,0.4444444444444444,1.0,,0.7,,,1.0,0.0,0.0,0.5,0.0,0.0,0.5,0.9780491489607556,0.40058044067667165,0.7851099397297607,0.5,0.2,0.3918738743760978,0.7800297171964476,0.028286299363680645,0.2463000918174436,0.40772404292671427,0.7840254415465215,0.17855662167362427,0.2571411577378928,0.2,0.6477408551991695,-0.24716041452249782,,,0.2650485563380426,-0.06504855633804257,0.42111921100494687,0.42111921100494687,0.6663178364543253,observed,observed,observed,observed,observed,missing,missing,carried_forward,observed,observed,observed,observed,observed,observed,observed,missing
