ISO,year,e_spar,ghs_index,disaster_risk,hexp_gdp,uhc_index,wpi_val,health_policy,national_plan,national_strategy,recognition,participation_event_it,decision_event_it,leadership_event_it,admin_event_it,role_type_it,Exclusion,NoExclusion,efforts_A,efforts_B,e_spar_flag,ghs_index_flag,disaster_risk_flag,hexp_gdp_flag,uhc_index_flag,health_policy_flag,national_plan_flag,national_strategy_flag,recognition_flag,participation_event_it_flag,decision_event_it_flag,leadership_event_it_flag,admin_event_it_flag,role_type_it_flag,efforts_A_flag,efforts_B_flag,disaster_risk_oriented,e_spar_mm_global,ghs_index_mm_global,hexp_gdp_mm_global,efforts_A_mm_global,efforts_B_mm_global,uhc_index_mm_global,health_policy_mm_global,national_plan_mm_global,national_strategy_mm_global,recognition_mm_global,participation_event_it_mm_global,decision_event_it_mm_global,leadership_event_it_mm_global,admin_event_it_mm_global,role_type_it_mm_global,disaster_risk_oriented_mm_global,NoExclusion_mm_global,e_spar_mm_year,ghs_index_mm_year,hexp_gdp_mm_year,efforts_A_mm_year,efforts_B_mm_year,uhc_index_mm_year,health_policy_mm_year,national_plan_mm_year,national_strategy_mm_year,recognition_mm_year,participation_event_it_mm_year,decision_event_it_mm_year,leadership_event_it_mm_year,admin_event_it_mm_year,role_type_it_mm_year,disaster_risk_oriented_mm_year,pillar_A_eq,pillar_B_eq,pillar_C_eq,pillar_D_eq,pillar_A_pca,pillar_B_pca,pillar_C_pca,pillar_D_pca,pillar_A_ent,pillar_B_ent,pillar_C_ent,pillar_D_ent,pillar_D_eq_adj,GHEI_raw,GHEI,GHEI_adj
AFG,2012,25.0,27.9,0.07897169,37,0.3,0.354,,,,1,1,0,1,0,3,0.0,1.0,20,,observed,imputed,observed,observed,imputed,missing,missing,missing,observed,observed,observed,observed,observed,observed,observed,missing,0.92102831,0.13793103448275862,0.19767441860465113,0.21428571428571427,0.0,,0.3,,,,0.0,0.0,0.0,0.5,0.0,1.0,0.6836925274979292,1.0,0.0,0.07648183556405352,0.18461538461538463,0.0,,0.3,,,,0.0,0.0,0.0,1.0,0.0,1.0,0.5940002105077767,0.16780272654370487,0.2994945604459109,,0.3,0.16983213997893248,0.22177299487295055,0.0,0.5870184682448168,0.1661376244065623,0.306718927409029,0.0,0.3641950659257678,0.3,,,
AFG,2014,46.0,27.9,0.09528878,38,0.3,0.346,,,,1,1,1,0,0,2,0.0,1.0,20,,observed,imputed,observed,observed,imputed,missing,missing,missing,observed,observed,observed,observed,observed,observed,observed,missing,0.90471122,0.3793103448275862,0.19767441860465113,0.22857142857142856,0.0,,0.3,,,,0.0,0.0,0.5,0.0,0.0,0.5,0.6017321044645306,1.0,0.34146341463414637,0.07648183556405352,0.13559322033898305,0.0,,0.3,,,,0.0,0.0,0.5,0.0,0.0,0.5,0.46869079188671703,0.2884923817161187,0.2825758832589898,,0.2,0.2823224200640508,0.21720582888047896,0.0,0.2463000918174436,0.293554739300361,0.288673590556228,0.0,0.2571411577378928,0.2,,,
AFG,2015,42.0,27.9,0.10105348,38,0.3,0.341,,,,1,1,0,1,0,3,0.0,1.0,20,,observed,imputed,observed,observed,imputed,missing,missing,missing,observed,observed,observed,observed,observed,observed,observed,missing,0.89894652,0.3333333333333333,0.19767441860465113,0.22857142857142856,0.0,,0.3,,,,0.0,0.0,0.0,0.5,0.0,1.0,0.5727761294309529,1.0,0.18571428571428572,0.18823529411764706,0.15873015873015872,0.0,,0.3,,,,0.0,0.0,0.0,1.0,0.0,1.0,0.43485960339179763,0.2655038759689922,0.27533688950059537,,0.3,0.2608957000478378,0.21465160125782473,0.0,0.5870184682448168,0.26928481265392323,0.2809669622404401,0.0,0.3641950659257678,0.3,,,
AFG,2018,35.0,27.9,0.14208419,42,0.3,0.336,,,,1,1,1,1,0,3,0.0,1.0,20,,observed,imputed,observed,observed,observed,missing,missing,missing,observed,observed,observed,observed,observed,observed,observed,missing,0.85791581,0.25287356321839083,0.19767441860465113,0.2857142857142857,0.0,,0.3,,,,0.0,0.0,0.5,0.5,0.0,1.0,0.366679677860194,1.0,0.12162162162162163,0.07648183556405352,0.17543859649122806,0.0,,0.3,,,,0.0,0.0,0.5,1.0,0.0,1.0,0.17074266308584865,0.22527399091152098,0.23809849089361995,,0.4,0.22339894001946503,0.20712217352542206,0.0,0.6276085012649691,0.22681244102265696,0.24118809193960616,0.0,0.49148157841267115,0.4,,,
AFG,2019,43.0,27.9,0.1483132,42,0.725,0.339,,,,1,1,1,1,0,3,0.0,1.0,20,,observed,observed,observed,observed,observed,missing,missing,missing,observed,observed,observed,observed,observed,observed,observed,missing,0.8516868,0.3448275862068966,0.19767441860465113,0.2857142857142857,0.0,,0.725,,,,0.0,0.0,0.5,0.5,0.0,1.0,0.33539148280339953,1.0,0.17647058823529413,0.17152658662092624,0.23333333333333334,0.0,,0.725,,,,0.0,0.0,0.5,1.0,0.0,1.0,0.1264581748805061,0.2712510024057738,0.3365264421294213,,0.4,0.266252380051891,0.37652212776803073,0.0,0.6276085012649691,0.27535229431553265,0.3295170889405839,0.0,0.49148157841267115,0.4,,,
AFG,2020,47.0,28.35,0.15533614,42,0.725,0.341,,,,1,1,1,1,0,3,0.0,1.0,20,,observed,imputed,observed,observed,imputed,missing,missing,missing,observed,observed,observed,observed,observed,observed,observed,missing,0.84466386,0.39080459770114945,0.20514950166112958,0.2857142857142857,0.0,,0.725,,,,0.0,0.0,0.5,0.5,0.0,1.0,0.3001153929284174,1.0,0.2318840579710145,0.08533077660594443,0.1935483870967742,0.0,,0.7105263157894737,,,,0.0,0.0,0.5,0.5,0.0,1.0,0.19887485083502376,0.2979770496811395,0.32770741966067574,,0.4,0.2916705614940395,0.3734103982174483,0.0,0.6276085012649691,0.3031514251645136,0.3201283630287276,0.0,0.49148157841267115,0.4,,,
AFG,2021,41.0,28.8,0.21508461,42,0.725,0.33,,,,1,1,1,0,0,2,0.0,1.0,20,,observed,observed,observed,observed,imputed,missing,missing,missing,observed,observed,observed,observed,observed,observed,observed,missing,0.78491539,0.3218390804597701,0.21262458471760798,0.2857142857142857,0.0,,0.725,,,,0.0,0.0,0.5,0.0,0.0,0.5,0.0,1.0,0.2625,0.21368948247078462,0.20634920634920634,0.0,,0.725,,,,0.0,0.0,0.5,0.0,0.0,0.5,0.0,0.26723183258868904,0.2526785714285714,,0.2,0.26352194289565545,0.3469370010787726,0.0,0.2463000918174436,0.2702757393973998,0.24025269721316095,0.0,0.2571411577378928,0.2,,,
AGO,2013,41.0,25.2,0.02732827,37,,0.512,,,,1,1,0,1,0,3,0.0,1.0,80,,observed,imputed,observed,observed,imputed,missing,missing,missing,observed,observed,observed,observed,observed,observed,observed,missing,0.97267173,0.3218390804597701,0.1528239202657807,0.21428571428571427,0.75,,,,,,0.0,0.0,0.0,0.5,0.0,1.0,0.9430964132454182,1.0,0.2976190476190476,0.0,0.0,0.75,,,,,,0.0,0.0,0.0,1.0,0.0,1.0,0.9766871696417422,0.2373315003627754,0.6357940425103775,,0.3,0.23159025148817172,0.3633732259651189,0.0,0.5870184682448168,0.24204210577705562,0.4895069157275322,0.0,0.3641950659257678,0.3,,,
AGO,2014,18.0,25.2,0.02434129,37,,0.514,,,,1,1,1,0,0,2,0.0,1.0,80,,observed,imputed,observed,observed,imputed,missing,missing,missing,observed,observed,observed,observed,observed,observed,observed,missing,0.97565871,0.05747126436781609,0.1528239202657807,0.21428571428571427,0.75,,,,,,0.0,0.0,0.5,0.0,0.0,0.5,0.9580999552000381,1.0,0.0,0.02485659655831741,0.11864406779661017,0.75,,,,,,0.0,0.0,0.5,0.0,0.0,0.5,0.9675823625640465,0.1051475923167984,0.6407952231619175,,0.2,0.10838661139494692,0.36469669931573834,0.0,0.2463000918174436,0.10249002756003792,0.4935001061184793,0.0,0.2571411577378928,0.2,,,
AGO,2019,63.0,25.2,0.02475188,45,,0.462,2.0,,,1,1,1,1,0,3,0.0,1.0,80,,observed,observed,observed,observed,imputed,carried_forward,missing,missing,observed,observed,observed,observed,observed,observed,observed,missing,0.97524812,0.5747126436781609,0.1528239202657807,0.32857142857142857,0.75,,,1.0,,,0.0,0.0,0.5,0.5,0.0,1.0,0.9560375696831792,1.0,0.47058823529411764,0.12521440823327615,0.2833333333333333,0.75,,,1.0,,,0.0,0.0,0.5,1.0,0.0,1.0,0.9803330988818891,0.3637682819719708,0.6782029994182026,0.5,0.4,0.3494372115773433,0.38581575517305544,0.6400800281806298,0.6276085012649691,0.3755267023324639,0.5230985399032625,0.27207333325018224,0.49148157841267115,0.4,0.47130672067383306,0.47130672067383306,0.6964533995338037
AGO,2022,63.0,25.2,0.02927376,45,,0.423,2.0,,,1,1,1,0,0,2,0.0,1.0,80,,imputed,imputed,observed,observed,imputed,carried_forward,missing,missing,observed,observed,observed,observed,observed,observed,observed,missing,0.97072624,0.5747126436781609,0.1528239202657807,0.32857142857142857,0.75,,,1.0,,,0.0,0.0,0.5,0.0,0.0,0.5,0.9333242551334481,1.0,0.4393939393939394,0.15358931552587643,0.24193548387096775,0.75,,,1.0,,,0.0,0.0,0.5,0.0,0.0,0.5,0.9486062362734067,0.3637682819719708,0.6706318945682922,0.5,0.2,0.3494372115773433,0.38381219717310266,0.6400800281806298,0.2463000918174436,0.3755267023324639,0.517053394718154,0.27207333325018224,0.2571411577378928,0.2,0.3952093932802719,0.3952093932802719,0.6062839201153909
ALB,2011,,,0.06182977,59,,0.388,,,,1,1,1,0,0,2,0.0,1.0,20,,imputed,imputed,observed,observed,imputed,missing,missing,missing,observed,observed,observed,observed,observed,observed,observed,missing,0.93817023,,,0.5285714285714286,0.0,,,,,,0.0,0.0,0.5,0.0,0.0,0.5,0.7697960554434565,1.0,,,0.5737704918032787,0.0,,,,,,0.0,0.0,1.0,0.0,0.0,0.5,0.6848005374398033,,0.43278916133829504,,0.2,0.0,0.16642130433971458,0.0,0.2463000918174436,0.0,0.3443125374889201,0.0,0.2571411577378928,0.2,,,
ALB,2013,,,0.06282863,61,,0.392,,,,1,1,1,0,0,2,0.0,1.0,20,,imputed,imputed,observed,observed,imputed,missing,missing,missing,observed,observed,observed,observed,observed,observed,observed,missing,0.93717137,,,0.5571428571428572,0.0,,,,,,0.0,0.0,0.5,0.0,0.0,0.5,0.7647788012546799,1.0,,,0.4897959183673469,0.0,,,,,,0.0,0.0,0.5,0.0,0.0,0.5,0.71507298077531,,0.440640552799179,,0.2,0.0,0.1713039737937887,0.0,0.2463000918174436,0.0,0.3505140303992748,0.0,0.2571411577378928,0.2,,,
AND,2013,20.0,34.7,0.06799642,69,,,,,,1,1,1,0,0,2,0.0,1.0,20,,observed,imputed,observed,observed,imputed,missing,missing,missing,observed,observed,observed,observed,observed,observed,observed,missing,0.9320035799999999,0.08045977011494253,0.31063122923588044,0.6714285714285714,0.0,,,,,,0.0,0.0,0.5,0.0,0.0,0.5,0.7388210934435586,1.0,0.047619047619047616,0.18627450980392163,0.6530612244897959,0.0,,,,,,0.0,0.0,0.5,0.0,0.0,0.5,0.6769897841800625,0.1955454996754115,0.47008322162404337,,0.2,0.2033641570616911,0.1903152058881189,0.0,0.2463000918174436,0.18913041293694283,0.3737527278189626,0.0,0.2571411577378928,0.2,,,
AND,2021,20.0,34.7,0.08334507,74,,,2.0,,,1,1,1,0,0,2,0.0,1.0,20,,imputed,observed,observed,observed,imputed,carried_forward,missing,missing,observed,observed,observed,observed,observed,observed,observed,missing,0.91665493,0.08045977011494253,0.31063122923588044,0.7428571428571429,0.0,,,1.0,,,0.0,0.0,0.5,0.0,0.0,0.5,0.6617251255355815,1.0,0.0,0.31218697829716197,0.7142857142857143,0.0,,,1.0,,,0.0,0.0,0.5,0.0,0.0,0.5,0.6881883605388259,0.1955454996754115,0.4681940894642415,0.5,0.2,0.2033641570616911,0.19682762721311634,0.6400800281806298,0.2463000918174436,0.18913041293694283,0.3720757336389461,0.27207333325018224,0.2571411577378928,0.2,0.30932743338053775,0.30932743338053775,0.39062219964062644
ARE,2013,88.0,40.1,0.03502222,79,0.275,0.685,,,,4,1,0,0,1,1,0.0,1.0,20,,observed,imputed,observed,observed,imputed,missing,missing,missing,observed,observed,observed,observed,observed,observed,observed,missing,0.96497778,0.8620689655172413,0.4003322259136213,0.8142857142857143,0.0,,0.275,,,,0.5,0.0,0.0,0.0,1.0,0.0,0.9044498533013463,1.0,0.8571428571428571,0.29215686274509806,0.8571428571428571,0.0,,0.275,,,,0.5,0.0,0.0,0.0,1.0,0.0,0.9199878435383203,0.6312005957154313,0.4984338918967651,,0.2,0.6155159344485378,0.34294925274318666,0.02767499479625413,0.15117040407034077,0.6440696163569027,0.5180613096673998,0.15033100176008402,0.13396155686684127,0.2,,,
ARE,2019,96.0,40.1,0.04402913,84,0.275,0.703,,,1.0,4,2,1,1,0,3,0.0,1.0,20,,observed,observed,observed,observed,observed,missing,missing,carried_forward,observed,observed,observed,observed,observed,observed,observed,missing,0.95597087,0.9540229885057471,0.4003322259136213,0.8857142857142857,0.0,,0.275,,,0.0,0.5,0.5,0.5,0.5,0.0,1.0,0.8592083210291244,1.0,0.9558823529411765,0.3807890222984563,0.9333333333333333,0.0,,0.275,,,0.0,0.5,1.0,0.5,1.0,0.0,1.0,0.8471169728425617,0.6771776072096842,0.5049806516858525,0.25,0.5,0.6583693744809639,0.3522715770091334,0.02767499479625413,0.6301248567621209,0.6926094696497784,0.5248623686480618,0.15033100176008402,0.5628738668420351,0.5,0.45469673424148627,0.45469673424148627,0.5820641585577172
ARG,2013,75.0,56.1,0.09780979,80,0.0,0.669,2.0,,,3,2,1,0,1,2,0.0,1.0,80,,observed,imputed,observed,observed,imputed,carried_forward,missing,missing,observed,observed,observed,observed,observed,observed,observed,missing,0.90219021,0.7126436781609196,0.6661129568106312,0.8285714285714286,0.75,,0.0,1.0,,,0.3333333333333333,0.5,0.5,0.0,1.0,0.5,0.5890691206805696,1.0,0.7023809523809523,0.6058823529411765,0.8775510204081632,0.75,,0.0,0.0,,,0.3333333333333333,1.0,0.5,0.0,1.0,0.5,0.4572849527382178,0.6893783174857754,0.5419101373129995,0.6666666666666666,0.5,0.6877977228735511,0.44663699050416744,0.6585300247114659,0.39998685138493617,0.6906751708463981,0.5573245444739681,0.37229400109023825,0.4624950030340981,0.5,0.5940403018212321,0.5940403018212321,0.7871875547129502
ARG,2016,76.0,56.1,0.09855589,81,0.0,0.671,2.0,,,3,1,1,0,0,2,0.0,1.0,80,,observed,imputed,observed,observed,observed,carried_forward,missing,missing,observed,observed,observed,observed,observed,observed,observed,missing,0.90144411,0.7241379310344828,0.6661129568106312,0.8428571428571429,0.75,,0.0,1.0,,,0.3333333333333333,0.0,0.5,0.0,0.0,0.5,0.5853214750142641,1.0,0.6666666666666666,0.6552315608919382,0.8787878787878788,0.75,,0.0,1.0,,,0.3333333333333333,0.0,0.5,0.0,0.0,0.5,0.47779327429653423,0.6951254439225569,0.5445446544678517,0.6666666666666666,0.2,0.6931544028776043,0.4489690305016123,0.6585300247114659,0.2463000918174436,0.6967426525080076,0.5600955263261904,0.37229400109023825,0.2571411577378928,0.2,0.4739787325502967,0.4739787325502967,0.6208090433596891
ARG,2018,64.0,56.1,0.10291469,79,0.75,0.662,2.0,,,3,1,1,0,0,2,0.0,1.0,80,,observed,imputed,observed,observed,observed,carried_forward,missing,missing,observed,observed,observed,observed,observed,observed,observed,missing,0.89708531,0.5862068965517241,0.6661129568106312,0.8142857142857143,0.75,,0.75,1.0,,,0.3333333333333333,0.0,0.5,0.0,0.0,0.5,0.5634273081059502,1.0,0.5135135135135135,0.615678776290631,0.8245614035087719,0.75,,0.75,0.0,,,0.3333333333333333,0.0,0.5,0.0,0.0,0.5,0.4486076565729285,0.6261599266811777,0.7194282555979161,0.6666666666666666,0.2,0.6288742428289653,0.7455240885858647,0.6585300247114659,0.2463000918174436,0.6239328725686939,0.7173015839668634,0.37229400109023825,0.2571411577378928,0.2,0.49505434243160845,0.49505434243160845,0.6532980064875087
ARG,2019,61.0,56.1,0.10155511,79,0.75,0.651,2.0,,,3,1,1,0,0,2,0.0,1.0,80,,observed,observed,observed,observed,imputed,carried_forward,missing,missing,observed,observed,observed,observed,observed,observed,observed,missing,0.8984448899999999,0.5517241379310345,0.6661129568106312,0.8142857142857143,0.75,,0.75,1.0,,,0.3333333333333333,0.0,0.5,0.0,0.0,0.5,0.5702564517797145,1.0,0.4411764705882353,0.6552315608919382,0.85,0.75,,0.75,1.0,,,0.3333333333333333,0.0,0.5,0.0,0.0,0.5,0.44958162925279493,0.6089185473708328,0.7211355415163572,0.6666666666666666,0.2,0.6128042028168055,0.7461264923174045,0.6585300247114659,0.2463000918174436,0.6057304275838655,0.7191191595086224,0.37229400109023825,0.2571411577378928,0.2,0.49190213773396363,0.49190213773396363,0.6531249637220403
ARG,2020,64.0,56.1,0.10450306,79,0.75,0.634,2.0,,,3,1,1,0,0,2,0.0,1.0,80,,observed,imputed,observed,observed,imputed,carried_forward,missing,missing,observed,observed,observed,observed,observed,observed,observed,missing,0.89549694,0.5862068965517241,0.6661129568106312,0.8142857142857143,0.75,,0.75,1.0,,,0.3333333333333333,0.0,0.5,0.0,0.0,0.5,0.5554489567495773,1.0,0.4782608695652174,0.6174496644295301,0.7903225806451613,0.75,,0.7368421052631579,0.0,,,0.3333333333333333,0.0,0.5,0.0,0.0,0.5,0.5071228379605831,0.6261599266811777,0.7174336677588229,0.6666666666666666,0.2,0.6288742428289653,0.7448203124086143,0.6585300247114659,0.2463000918174436,0.6239328725686939,0.7151781469765693,0.37229400109023825,0.2571411577378928,0.2,0.4947108552141695,0.4947108552141695,0.6634521609107239
ARM,2010,,,0.09235383,65,1.0,0.393,,,,1,1,1,0,0,2,0.0,1.0,20,,imputed,imputed,observed,observed,imputed,missing,missing,missing,observed,observed,observed,observed,observed,observed,observed,missing,0.90764617,,,0.6142857142857143,0.0,,1.0,,,,0.0,0.0,0.5,0.0,0.0,0.5,0.6164743007496448,1.0,,,0.6935483870967742,0.0,,1.0,,,,0.0,0.0,0.5,0.0,0.0,0.5,0.49327415709176453,,0.5576900037588398,,0.2,0.0,0.5739545542019711,0.0,0.2463000918174436,0.0,0.5535431738809582,0.0,0.2571411577378928,0.2,,,
ARM,2016,,,0.09951949,71,1.0,0.388,,,,1,1,0,1,0,3,0.0,1.0,20,,imputed,imputed,observed,observed,imputed,missing,missing,missing,observed,observed,observed,observed,observed,observed,observed,missing,0.90048051,,,0.7,0.0,,1.0,,,,0.0,0.0,0.0,0.5,0.0,1.0,0.5804813311139125,1.0,,,0.7272727272727273,0.0,,1.0,,,,0.0,0.0,0.0,1.0,0.0,1.0,0.4711549927820053,,0.5701203327784781,,0.3,0.0,0.5867553234542561,0.0,0.5870184682448168,0.0,0.5665741535611117,0.0,0.3641950659257678,0.3,,,
ARM,2022,,,0.09962129,71,1.0,0.402,2.0,,2.0,1,1,1,0,0,2,0.0,1.0,20,,imputed,imputed,observed,observed,observed,carried_forward,missing,carried_forward,observed,observed,observed,observed,observed,observed,observed,missing,0.90037871,,,0.7,0.0,,1.0,1.0,,1.0,0.0,0.0,0.5,0.0,0.0,0.5,0.5799699917105756,1.0,,,0.6612903225806451,0.0,,1.0,1.0,,1.0,0.0,0.0,0.5,0.0,0.0,0.5,0.45679942421277603,,0.5699924979276438,0.6666666666666666,0.2,0.0,0.5867102178334976,0.6683663275443105,0.2463000918174436,0.0,0.5664380606573098,0.45062995492380653,0.2571411577378928,0.2,,,
ATG,2016,81.0,,0.05121902,83,,0.305,2.0,,,4,1,1,0,0,2,0.0,1.0,20,,observed,imputed,observed,observed,imputed,carried_forward,missing,missing,observed,observed,observed,observed,observed,observed,observed,missing,0.94878098,0.7816091954022989,,0.8714285714285714,0.0,,,1.0,,,0.5,0.0,0.5,0.0,0.0,0.5,0.8230936445786294,1.0,0.7361111111111112,,0.9090909090909091,0.0,,,1.0,,,0.5,0.0,0.5,0.0,0.0,0.5,0.8038989914785989,0.7816091954022989,0.5648407386690669,0.75,0.2,0.3642542402756212,0.23502566460267044,0.6677550229768839,0.2463000918174436,0.4125887529894437,0.44893969478760054,0.42240433501026625,0.2571411577378928,0.2,0.5072846636955979,0.5072846636955979,0.8056759015679866
ATG,2017,71.0,,0.04874939,82,,0.286,2.0,,,4,1,1,1,0,3,0.0,1.0,20,,observed,imputed,observed,observed,imputed,carried_forward,missing,missing,observed,observed,observed,observed,observed,observed,observed,missing,0.95125061,0.6666666666666666,,0.8571428571428571,0.0,,,1.0,,,0.5,0.0,0.5,0.5,0.0,1.0,0.8354985476303362,1.0,0.5972222222222222,,0.9152542372881356,0.0,,,1.0,,,0.5,0.0,1.0,1.0,0.0,1.0,0.8295089878067515,0.6666666666666666,0.5642138015910644,0.75,0.4,0.31068744023508865,0.23345728757718825,0.6677550229768839,0.6276085012649691,0.351913936373349,0.4484728406612113,0.42240433501026625,0.49148157841267115,0.4,0.5795867190856803,0.5795867190856803,0.9126250787713586
AUS,2012,99.0,71.1,0.08669226,89,0.2,0.803,,,,4,1,1,0,0,2,0.0,1.0,20,,observed,imputed,observed,observed,imputed,missing,missing,missing,observed,observed,observed,observed,observed,observed,observed,missing,0.91330774,0.9885057471264368,0.9152823920265779,0.9571428571428572,0.0,,0.2,,,,0.5,0.0,0.5,0.0,0.0,0.5,0.644912255815971,1.0,0.9866666666666667,0.9024856596558316,0.9846153846153847,0.0,,0.2,,,,0.5,0.0,0.5,0.0,0.0,0.5,0.5382267024274644,0.9518940695765074,0.450513778239707,,0.2,0.949406757168678,0.31630031758319277,0.02767499479625413,0.2463000918174436,0.9539348708097926,0.4696125874901616,0.15033100176008402,0.2571411577378928,0.2,,,
AUS,2016,100.0,71.1,0.10089729,89,0.2,0.786,,,,4,1,1,1,0,3,0.0,1.0,20,,observed,imputed,observed,observed,observed,missing,missing,missing,observed,observed,observed,observed,observed,observed,observed,missing,0.89910271,1.0,0.9152823920265779,0.9571428571428572,0.0,,0.2,,,,0.5,0.0,0.5,0.5,0.0,1.0,0.5735606687375074,1.0,1.0,0.9125214408233274,1.0,0.0,,0.2,,,,0.5,0.0,0.5,1.0,0.0,1.0,0.4616632697945445,0.9576411960132889,0.4326758814700911,,0.4,0.9547634371727312,0.3100063421800267,0.02767499479625413,0.6276085012649691,0.960002352471402,0.4506223735285304,0.15033100176008402,0.49148157841267115,0.4,,,
AUS,2018,90.0,71.1,0.10051631,89,0.625,0.785,,,,4,1,1,0,0,2,0.0,1.0,20,,observed,imputed,observed,observed,observed,missing,missing,missing,observed,observed,observed,observed,observed,observed,observed,missing,0.8994836900000001,0.8850574712643678,0.9152823920265779,0.9571428571428572,0.0,,0.625,,,,0.5,0.0,0.5,0.0,0.0,0.5,0.575474323805125,1.0,0.8648648648648649,0.9024856596558316,1.0,0.0,,0.625,,,,0.5,0.0,0.5,0.0,0.0,0.5,0.4656215536887853,0.9001699316454729,0.5394042952369955,,0.2,0.9011966371321987,0.48233505577584856,0.02767499479625413,0.2463000918174436,0.8993275358553073,0.5477880378497633,0.15033100176008402,0.2571411577378928,0.2,,,
AUS,2020,92.0,71.1,0.10660401,89,0.7,0.784,,,,4,1,1,1,0,3,0.0,1.0,20,,observed,imputed,observed,observed,observed,missing,missing,missing,observed,observed,observed,observed,observed,observed,observed,missing,0.89339599,0.9080459770114943,0.9152823920265779,0.9571428571428572,0.0,,0.7,,,,0.5,0.0,0.5,0.5,0.0,1.0,0.5448959261067348,1.0,0.8840579710144928,0.9050814956855222,0.9516129032258065,0.0,,0.6842105263157894,,,,0.5,0.0,0.5,0.5,0.0,1.0,0.4943828346290627,0.9116641845190361,0.5505096958123981,,0.4,0.9119099971403052,0.5100188734267352,0.02767499479625413,0.6276085012649691,0.9114624991785263,0.5567066041054862,0.15033100176008402,0.49148157841267115,0.4,,,
AUS,2021,88.0,71.1,0.10425253,89,0.7,0.788,,,,4,1,1,0,0,2,0.0,1.0,20,,observed,observed,observed,observed,observed,missing,missing,missing,observed,observed,observed,observed,observed,observed,observed,missing,0.89574747,0.8620689655172413,0.9152823920265779,0.9571428571428572,0.0,,0.7,,,,0.5,0.0,0.5,0.0,0.0,0.5,0.5567073640257861,1.0,0.85,0.9198664440734555,0.9523809523809523,0.0,,0.7,,,,0.5,0.0,0.5,0.0,0.0,0.5,0.5789708042878243,0.8886756787719097,0.5534625552921608,,0.2,0.8904832771240921,0.5110607689581799,0.02767499479625413,0.2463000918174436,0.8871925725320884,0.5598502164967656,0.15033100176008402,0.2571411577378928,0.2,,,
AUS,2023,88.0,71.1,0.10425253,89,0.7,,2.0,,,4,1,1,0,0,2,0.0,1.0,20,20.0,imputed,imputed,imputed,observed,imputed,carried_forward,missing,missing,observed,observed,observed,observed,observed,observed,observed,observed,0.89574747,0.8620689655172413,0.9152823920265779,0.9571428571428572,0.0,0.0,0.7,1.0,,,0.5,0.0,0.5,0.0,0.0,0.5,0.5567073640257861,1.0,0.8153846153846154,0.9066147859922177,1.0,0.0,0.0,0.7,1.0,,,0.5,0.0,1.0,0.0,0.0,0.5,0.433653680624656,0.8886756787719097,0.5534625552921608,0.75,0.2,0.8904832771240921,0.5110607689581799,0.6677550229768839,0.2463000918174436,0.8871925725320884,0.5598502164967656,0.42240433501026625,0.2571411577378928,0.2,0.5211715490323315,0.5211715490323315,0.6581413573579629
AUT,2014,91.0,57.4,0.10368092,83,,0.71,,,,4,1,1,1,0,3,0.0,1.0,20,,observed,imputed,observed,observed,imputed,missing,missing,missing,observed,observed,observed,observed,observed,observed,observed,missing,0.89631908,0.896551724137931,0.6877076411960132,0.8714285714285714,0.0,,,,,,0.5,0.0,0.5,0.5,0.0,1.0,0.5595785498444662,1.0,0.8902439024390244,0.6405353728489483,0.8983050847457628,0.0,,,,,,0.6,0.0,0.5,1.0,0.0,1.0,0.4096785857333487,0.7921296826669721,0.4770023737576792,,0.4,0.7850354915022166,0.21178080639375754,0.02767499479625413,0.6276085012649691,0.7979503562394961,0.3788051927250428,0.15033100176008402,0.49148157841267115,0.4,,,
AUT,2019,67.0,57.4,0.10487536,82,,0.705,1.0,,,4,1,1,0,0,2,0.0,1.0,20,,observed,observed,observed,observed,imputed,carried_forward,missing,missing,observed,observed,observed,observed,observed,observed,observed,missing,0.89512464,0.6206896551724138,0.6877076411960132,0.8571428571428571,0.0,,,0.0,,,0.5,0.0,0.5,0.0,0.0,0.5,0.5535789011517143,1.0,0.5294117647058824,0.6775300171526586,0.9,0.0,,,0.0,,,0.5,0.0,0.5,0.0,0.0,0.5,0.4266369227992258,0.6541986481842135,0.4702405860981904,0.25,0.2,0.6564751714049386,0.20858895046992182,0.02767499479625413,0.2463000918174436,0.6523307963608689,0.3734399699735684,0.15033100176008402,0.2571411577378928,0.2,0.3521680391197628,0.3521680391197628,0.4398714344492633
AZE,2012,,,0.03156821,62,,0.507,,,,1,1,1,0,0,2,0.0,1.0,60,,imputed,imputed,observed,observed,imputed,missing,missing,missing,observed,observed,observed,observed,observed,observed,observed,missing,0.96843179,,,0.5714285714285714,0.5,,,,,,0.0,0.0,0.5,0.0,0.0,0.5,0.9217992777858341,1.0,,,0.5692307692307692,0.5,,,,,,0.0,0.0,0.5,0.0,0.0,0.5,0.9364436278739751,,0.6644092830714685,,0.2,0.0,0.34797926483757124,0.0,0.2463000918174436,0.0,0.5173905515644242,0.0,0.2571411577378928,0.2,,,
BDI,2015,56.0,22.1,0.06290226,49,0.625,0.201,,,,1,1,1,0,0,2,0.0,1.0,80,,observed,imputed,observed,observed,observed,missing,missing,missing,observed,observed,observed,observed,observed,observed,observed,missing,0.93709774,0.4942528735632184,0.10132890365448508,0.38571428571428573,0.75,,0.625,,,,0.0,0.0,0.5,0.0,0.0,0.5,0.7644089592088283,1.0,0.38571428571428573,0.09075630252100844,0.3333333333333333,0.75,,0.625,,,,0.0,0.0,0.5,0.0,0.0,0.5,0.6950504552921499,0.2977908886088517,0.6312808112307785,,0.2,0.2844437172814151,0.6327388825379129,0.0,0.2463000918174436,0.3087420350836791,0.6293119675838281,0.0,0.2571411577378928,0.2,,,
BDI,2016,62.0,22.1,0.07061482,47,0.625,0.196,,2.0,,1,1,1,0,0,2,0.0,1.0,80,,observed,imputed,observed,observed,observed,missing,carried_forward,missing,observed,observed,observed,observed,observed,observed,observed,missing,0.92938518,0.5632183908045977,0.10132890365448508,0.35714285714285715,0.75,,0.625,,1.0,,0.0,0.0,0.5,0.0,0.0,0.5,0.7256689215997651,1.0,0.4722222222222222,0.07204116638078907,0.36363636363636365,0.75,,0.625,,0.0,,0.0,0.0,0.5,0.0,0.0,0.5,0.6702804977057769,0.3322736472295414,0.6144529446856556,0.5,0.2,0.3165837973057346,0.6239963505417219,0.27628368286318133,0.2463000918174436,0.34514692505333583,0.611464478170148,0.24870804162754795,0.2571411577378928,0.2,0.3780037707261678,0.3780037707261678,0.6687121062795411
BDI,2021,38.0,22.1,0.08994843,45,0.775,0.198,2.0,2.0,1.0,1,1,1,0,0,2,0.0,1.0,80,,observed,observed,observed,observed,observed,carried_forward,carried_forward,carried_forward,observed,observed,observed,observed,observed,observed,observed,missing,0.91005157,0.28735632183908044,0.10132890365448508,0.32857142857142857,0.75,,0.775,1.0,1.0,0.0,0.0,0.0,0.5,0.0,0.0,0.5,0.6285565777711319,1.0,0.225,0.10183639398998331,0.25396825396825395,0.75,,0.775,1.0,0.0,0.0,0.0,0.0,0.5,0.0,0.0,0.5,0.6536933600822612,0.19434261274678277,0.6205320015856401,0.5,0.2,0.18802347720845655,0.6708670756632907,0.9163637110438112,0.2463000918174436,0.19952736517470868,0.6121952126355229,0.5207813748777301,0.2571411577378928,0.2,0.33138515930491913,0.33138515930491913,0.6036447512184558
BEL,2012,82.0,,0.10502501,85,,0.722,,,,1,1,1,0,0,2,0.0,1.0,20,,observed,imputed,observed,observed,imputed,missing,missing,missing,observed,observed,observed,observed,observed,observed,observed,missing,0.89497499,0.7931034482758621,,0.9,0.0,,,,,,0.0,0.0,0.5,0.0,0.0,0.5,0.552827212136887,1.0,0.76,,0.9230769230769231,0.0,,,,,,0.0,0.0,0.5,0.0,0.0,0.5,0.4057906542782533,0.7931034482758621,0.48427573737896235,,0.2,0.36961092027967446,0.216510511079124,0.0,0.2463000918174436,0.4186562346510531,0.38454515957273006,0.0,0.2571411577378928,0.2,,,
BEN,2014,44.0,25.4,0.0269112,30,0.1,0.315,,,,1,1,1,0,0,2,0.0,1.0,40,,observed,imputed,observed,observed,imputed,missing,missing,missing,observed,observed,observed,observed,observed,observed,observed,missing,0.9730888,0.3563218390804598,0.15614617940199332,0.11428571428571428,0.25,,0.1,,,,0.0,0.0,0.5,0.0,0.0,0.5,0.9451913476751812,1.0,0.3170731707317073,0.028680688336520075,0.0,0.25,,0.1,,,,0.0,0.0,0.5,0.0,0.0,0.5,0.9495111603777618,0.2562340092412265,0.3523692654902239,,0.2,0.24943427435630283,0.22526609959711932,0.0,0.2463000918174436,0.2618130859630142,0.36511110325103013,0.0,0.2571411577378928,0.2,,,
BEN,2016,28.0,25.4,0.02795496,26,0.1,0.303,,,,1,1,1,0,0,2,0.0,1.0,40,,observed,imputed,observed,observed,observed,missing,missing,missing,observed,observed,observed,observed,observed,observed,observed,missing,0.97204504,0.1724137931034483,0.15614617940199332,0.05714285714285714,0.25,,0.1,,,,0.0,0.0,0.5,0.0,0.0,0.5,0.939948561667055,1.0,0.0,0.12864493996569468,0.045454545454545456,0.25,,0.1,,,,0.0,0.0,0.5,0.0,0.0,0.5,0.9641660934409085,0.1642799862527208,0.3367728547024781,,0.2,0.16372739429145078,0.21415313943725808,0.0,0.2463000918174436,0.16473337937726282,0.34864206787181773,0.0,0.2571411577378928,0.2,,,
BEN,2017,30.0,25.4,0.02668138,33,0.175,0.31,,,,1,1,1,0,0,2,0.0,1.0,40,,observed,imputed,observed,observed,observed,missing,missing,missing,observed,observed,observed,observed,observed,observed,observed,missing,0.97331862,0.19540229885057472,0.15614617940199332,0.15714285714285714,0.25,,0.175,,,,0.0,0.0,0.5,0.0,0.0,0.5,0.9463457290275877,1.0,0.027777777777777776,0.12864493996569468,0.0847457627118644,0.25,,0.175,,,,0.0,0.0,1.0,0.0,0.0,0.5,0.9836216601254242,0.17577423912628404,0.38212214654261123,,0.2,0.17444075429955727,0.2637369564171333,0.0,0.2463000918174436,0.17686834270048174,0.3937805953012092,0.0,0.2571411577378928,0.2,,,
BEN,2021,39.0,25.4,0.02581295,37,0.175,0.327,2.0,2.0,,1,1,0,1,0,3,0.0,1.0,40,,observed,observed,observed,observed,imputed,carried_forward,carried_forward,missing,observed,observed,observed,observed,observed,observed,observed,missing,0.97418705,0.2988505747126437,0.15614617940199332,0.21428571428571427,0.25,,0.175,1.0,1.0,,0.0,0.0,0.0,0.5,0.0,1.0,0.9507078358845639,1.0,0.2375,0.15692821368948243,0.12698412698412698,0.25,,0.175,1.0,0.0,,0.0,0.0,0.0,0.5,0.0,1.0,0.9887278594707567,0.2274983770573185,0.39749838754256955,0.6666666666666666,0.3,0.22265087433603653,0.2747722312283936,0.9163637110438112,0.5870184682448168,0.23147567765496693,0.41001523805936474,0.5207813748777301,0.3641950659257678,0.3,0.3667211158688605,0.3667211158688605,0.6034244474017006
BEN,2022,39.0,25.4,0.02679814,35,0.175,0.329,2.0,2.0,,1,1,1,0,0,2,0.0,1.0,40,,imputed,imputed,observed,observed,imputed,carried_forward,carried_forward,missing,observed,observed,observed,observed,observed,observed,observed,missing,0.97320186,0.2988505747126437,0.15614617940199332,0.18571428571428572,0.25,,0.175,1.0,1.0,,0.0,0.0,0.5,0.0,0.0,0.5,0.9457592458376695,1.0,0.07575757575757576,0.15692821368948243,0.08064516129032258,0.25,,0.175,1.0,1.0,,0.0,0.0,0.5,0.0,0.0,0.5,0.9659135501204393,0.2274983770573185,0.3891183828879888,0.6666666666666666,0.2,0.22265087433603653,0.26901046740432155,0.9163637110438112,0.2463000918174436,0.23147567765496693,0.40116133723360425,0.5207813748777301,0.2571411577378928,0.2,0.3296094821798677,0.3296094821798677,0.5514715274763854
BFA,2010,29.0,34.4,0.05239583,32,0.25,0.325,,,,1,1,1,0,0,2,0.0,1.0,60,,imputed,imputed,observed,observed,imputed,missing,missing,missing,observed,observed,observed,observed,observed,observed,observed,missing,0.94760417,0.1839080459770115,0.3056478405315614,0.14285714285714285,0.5,,0.25,,,,0.0,0.0,0.5,0.0,0.0,0.5,0.8171825510300901,1.0,0.0,0.17878192534381132,0.16129032258064516,0.5,,0.25,,,,0.0,0.0,0.5,0.0,0.0,0.5,0.7763922138070602,0.24477794325428645,0.4275099234718082,,0.2,0.24891330281421337,0.36014280534691295,0.0,0.2463000918174436,0.24138494508973263,0.4333509843423152,0.0,0.2571411577378928,0.2,,,
BFA,2015,29.0,34.4,0.05131924,39,0.25,0.318,,,,1,1,1,0,0,2,0.0,1.0,60,,imputed,imputed,observed,observed,observed,missing,missing,missing,observed,observed,observed,observed,observed,observed,observed,missing,0.94868076,0.1839080459770115,0.3056478405315614,0.24285714285714285,0.5,,0.25,,,,0.0,0.0,0.5,0.0,0.0,0.5,0.8225902414843028,1.0,0.0,0.29747899159663865,0.1746031746031746,0.5,,0.25,,,,0.0,0.0,0.5,0.0,0.0,0.5,0.7740465094518548,0.24477794325428645,0.4538618460853614,,0.2,0.24891330281421337,0.37925817949196855,0.0,0.2463000918174436,0.24138494508973263,0.4611691605297836,0.0,0.2571411577378928,0.2,,,
BFA,2018,29.0,34.4,0.04999539,39,0.525,0.333,,,,1,1,1,1,0,3,0.0,1.0,60,,observed,imputed,observed,observed,observed,missing,missing,missing,observed,observed,observed,observed,observed,observed,observed,missing,0.95000461,0.1839080459770115,0.3056478405315614,0.24285714285714285,0.5,,0.525,,,,0.0,0.0,0.5,0.5,0.0,1.0,0.8292399140688609,1.0,0.04054054054054054,0.20076481835564053,0.12280701754385964,0.5,,0.525,,,,0.0,0.0,0.5,1.0,0.0,1.0,0.8240125238763354,0.24477794325428645,0.5242742642315009,,0.4,0.24891330281421337,0.4912423399241524,0.0,0.6276085012649691,0.24138494508973263,0.5254813109570292,0.0,0.49148157841267115,0.4,,,
BFA,2019,44.0,34.4,0.05368027,40,0.525,0.332,,,,1,1,1,0,0,2,0.0,1.0,60,,observed,observed,observed,observed,observed,missing,missing,missing,observed,observed,observed,observed,observed,observed,observed,missing,0.94631973,0.3563218390804598,0.3056478405315614,0.2571428571428571,0.5,,0.525,,,,0.0,0.0,0.5,0.0,0.0,0.5,0.8107308341025611,1.0,0.19117647058823528,0.2830188679245283,0.2,0.5,,0.525,,,,0.0,0.0,0.5,0.0,0.0,0.5,0.7804224244674982,0.33098483980601057,0.5232184228113546,,0.2,0.32926350287501216,0.4922722630633212,0.0,0.2463000918174436,0.3323971700138746,0.5243235393334642,0.0,0.2571411577378928,0.2,,,
BFA,2022,44.0,34.4,0.0677182,48,0.525,0.344,2.0,,,1,1,1,0,0,2,0.0,1.0,60,,imputed,imputed,observed,observed,imputed,carried_forward,missing,missing,observed,observed,observed,observed,observed,observed,observed,missing,0.9322817999999999,0.3563218390804598,0.3056478405315614,0.37142857142857144,0.5,,0.525,1.0,,,0.0,0.0,0.5,0.0,0.0,0.5,0.7402185870466675,1.0,0.15151515151515152,0.30717863105175286,0.2903225806451613,0.5,,0.525,1.0,,,0.0,0.0,0.5,0.0,0.0,0.5,0.6798372051808265,0.33098483980601057,0.5341617896188098,0.5,0.2,0.32926350287501216,0.5073533068382576,0.6400800281806298,0.2463000918174436,0.3323971700138746,0.5357040529640559,0.27207333325018224,0.2571411577378928,0.2,0.36464497244770333,0.36464497244770333,0.5941078021728629
BGD,2019,67.0,35.4,0.02257622,50,0.925,0.508,,,,1,1,1,0,0,2,0.0,1.0,60,,observed,observed,observed,observed,observed,missing,missing,missing,observed,observed,observed,observed,observed,observed,observed,missing,0.97742378,0.6206896551724138,0.32225913621262453,0.4,0.5,,0.925,,,,0.0,0.0,0.5,0.0,0.0,0.5,0.9669658671906906,1.0,0.5294117647058824,0.3001715265866209,0.36666666666666664,0.5,,0.925,,,,0.0,0.0,0.5,0.0,0.0,0.5,0.9953680751766776,0.47147439569251914,0.6979914667976727,,0.2,0.4613370572480936,0.6947129497080843,0.0,0.2463000918174436,0.4797919242365435,0.6945603191007074,0.0,0.2571411577378928,0.2,,,
BGD,2021,68.0,35.5,0.02365513,52,0.0,0.524,2.0,,,1,2,2,2,0,3,0.0,1.0,60,,observed,observed,observed,observed,observed,carried_forward,missing,missing,observed,observed,observed,observed,observed,observed,observed,missing,0.97634487,0.632183908045977,0.3239202657807309,0.42857142857142855,0.5,,0.0,1.0,,,0.0,0.5,1.0,1.0,0.0,1.0,0.9615465234219819,1.0,0.6,0.32554257095158595,0.36507936507936506,0.5,,0.0,1.0,,,0.0,0.5,1.0,1.0,0.0,1.0,1.0,0.478052086913354,0.4725294879983526,0.5,0.7,0.46758072868013245,0.32485917281039645,0.6400800281806298,0.8463132404325076,0.4866436734987181,0.4902851031792428,0.27207333325018224,0.7946461547527275,0.7,0.530265100161198,0.530265100161198,0.7542503689962725
BGR,2018,64.0,59.9,0.0733192,71,0.9,0.537,,,,1,1,1,0,0,2,0.0,1.0,20,,observed,imputed,observed,observed,observed,missing,missing,missing,observed,observed,observed,observed,observed,observed,observed,missing,0.9266808,0.5862068965517241,0.729235880398671,0.7,0.0,,0.9,,,,0.0,0.0,0.5,0.0,0.0,0.5,0.7120848739023468,1.0,0.5135135135135135,0.6883365200764818,0.6842105263157895,0.0,,0.9,,,,0.0,0.0,0.5,0.0,0.0,0.5,0.6585554638233888,0.6577213884751976,0.5780212184755866,,0.2,0.6625799170924203,0.5578559538933456,0.0,0.2463000918174436,0.6537350413901684,0.5788577468107174,0.0,0.2571411577378928,0.2,,,
BGR,2021,72.0,59.9,0.08618928,72,0.9,0.553,,,,1,1,1,1,0,3,0.0,1.0,20,,observed,observed,observed,observed,observed,missing,missing,missing,observed,observed,observed,observed,observed,observed,observed,missing,0.91381072,0.6781609195402298,0.729235880398671,0.7142857142857143,0.0,,0.9,,,,0.0,0.0,0.5,0.5,0.0,1.0,0.6474387144907306,1.0,0.65,0.7328881469115192,0.6825396825396826,0.0,,0.9,,,,0.0,0.0,0.5,0.5,0.0,1.0,0.6733306176248295,0.7036983999694504,0.5654311071941113,,0.4,0.7054333571248463,0.5548160916907616,0.0,0.6276085012649691,0.702274894683044,0.5654205985663093,0.0,0.49148157841267115,0.4,,,
BGR,2022,72.0,59.9,0.07663575,73,0.05,0.553,,,,1,1,0,1,0,3,0.0,1.0,20,,imputed,imputed,observed,observed,observed,missing,missing,missing,observed,observed,observed,observed,observed,observed,observed,missing,0.92336425,0.6781609195402298,0.729235880398671,0.7285714285714285,0.0,,0.05,,,,0.0,0.0,0.0,0.5,0.0,1.0,0.695425908301776,1.0,0.5757575757575758,0.7328881469115192,0.6935483870967742,0.0,,0.05,,,,0.0,0.0,0.0,1.0,0.0,1.0,0.6174936966469625,0.7036983999694504,0.3684993342183011,,0.3,0.7054333571248463,0.21739188213433663,0.0,0.5870184682448168,0.702274894683044,0.38864810937691874,0.0,0.3641950659257678,0.3,,,
BHR,2014,92.0,,0.04412403,79,,0.513,,,,1,2,0,1,1,3,0.0,1.0,20,,observed,imputed,observed,observed,imputed,missing,missing,missing,observed,observed,observed,observed,observed,observed,observed,missing,0.95587597,0.9080459770114943,,0.8142857142857143,0.0,,,,,,0.0,0.5,0.0,0.5,1.0,1.0,0.8587316401904534,1.0,0.9024390243902439,,0.8305084745762712,0.0,,,,,,0.0,1.0,0.0,1.0,1.0,1.0,0.828473251996481,0.9080459770114943,0.5576724514920559,,0.6,0.42317772032020695,0.22751882792952605,0.0,0.7407052278123094,0.47933105126714776,0.4433510731688818,0.0,0.5695489112219729,0.6,,,
BHR,2016,96.0,,0.04860512,78,,0.508,2.0,,,1,1,1,0,0,2,0.0,1.0,20,,observed,imputed,observed,observed,imputed,carried_forward,missing,missing,observed,observed,observed,observed,observed,observed,observed,missing,0.95139488,0.9540229885057471,,0.8,0.0,,,1.0,,,0.0,0.0,0.5,0.0,0.0,0.5,0.8362232130106848,1.0,0.9444444444444444,,0.8333333333333334,0.0,,,1.0,,,0.0,0.0,0.5,0.0,0.0,0.5,0.8219062601075179,0.9540229885057471,0.5454077376702283,0.5,0.2,0.44460444033641994,0.22287072064551616,0.6400800281806298,0.2463000918174436,0.5036009779135856,0.4335920415541389,0.27207333325018224,0.2571411577378928,0.2,0.47760628552471235,0.47760628552471235,0.6876831058524429
BHR,2023,96.0,,0.04860512,78,,,2.0,,,1,1,1,1,0,3,0.0,1.0,20,20.0,imputed,imputed,imputed,observed,imputed,carried_forward,missing,missing,observed,observed,observed,observed,observed,observed,observed,observed,0.95139488,0.9540229885057471,,0.8,0.0,0.0,,1.0,,,0.0,0.0,0.5,0.5,0.0,1.0,0.8362232130106848,1.0,0.9384615384615385,,0.7708333333333334,0.0,0.0,,1.0,,,0.0,0.0,1.0,1.0,0.0,1.0,0.8311525002160814,0.9540229885057471,0.5454077376702283,0.5,0.4,0.44460444033641994,0.22287072064551616,0.6400800281806298,0.6276085012649691,0.5036009779135856,0.4335920415541389,0.27207333325018224,0.49148157841267115,0.4,0.5679727929160091,0.5679727929160091,0.7172425002212579
BHS,2012,62.0,29.6,0.05319092,80,,0.385,2.0,,,4,1,1,0,0,2,0.0,1.0,80,,imputed,imputed,observed,observed,imputed,carried_forward,missing,missing,observed,observed,observed,observed,observed,observed,observed,missing,0.94680908,0.5632183908045977,0.22591362126245848,0.8285714285714286,0.75,,,1.0,,,0.5,0.0,0.5,0.0,0.0,0.5,0.8131888295546539,1.0,0.49333333333333335,0.10898661567877634,0.8461538461538461,0.75,,,0.0,,,0.5,0.0,0.5,0.0,0.0,0.5,0.7802408616399712,0.3945660060335281,0.7972534193753608,0.75,0.2,0.38310815440465906,0.46640675306694,0.6677550229768839,0.2463000918174436,0.4039669950957195,0.6169739706297878,0.42240433501026625,0.2571411577378928,0.2,0.46607072941632643,0.46607072941632643,0.7184575348584802
BHS,2019,62.0,29.6,0.05868006,80,,0.407,2.0,,,4,1,1,0,0,2,0.0,1.0,80,,observed,observed,observed,observed,imputed,carried_forward,missing,missing,observed,observed,observed,observed,observed,observed,observed,missing,0.94131994,0.5632183908045977,0.22591362126245848,0.8285714285714286,0.75,,,1.0,,,0.5,0.0,0.5,0.0,0.0,0.5,0.7856169869963575,1.0,0.45588235294117646,0.20068610634648373,0.8666666666666667,0.75,,,1.0,,,0.5,0.0,0.5,0.0,0.0,0.5,0.745871196734799,0.3945660060335281,0.788062805189262,0.75,0.2,0.38310815440465906,0.46397462077686147,0.6677550229768839,0.2463000918174436,0.4039669950957195,0.6096357289600871,0.42240433501026625,0.2571411577378928,0.2,0.46472168565920247,0.46472168565920247,0.7082460365011705
BHS,2020,65.0,29.6,0.07593031,81,,0.391,2.0,,,4,1,0,1,0,3,0.0,1.0,80,,observed,imputed,observed,observed,imputed,carried_forward,missing,missing,observed,observed,observed,observed,observed,observed,observed,missing,0.92406969,0.5977011494252874,0.22591362126245848,0.8428571428571429,0.75,,,1.0,,,0.5,0.0,0.0,0.5,0.0,1.0,0.6989693195855702,1.0,0.4927536231884058,0.10930009587727711,0.8225806451612904,0.75,,,0.0,,,0.5,0.0,0.0,0.5,0.0,1.0,0.6803858524020027,0.41180738534387296,0.7639421541475709,0.75,0.3,0.39917819441681884,0.45899398954797577,0.6677550229768839,0.5870184682448168,0.4221694400805479,0.5903428827348711,0.42240433501026625,0.3641950659257678,0.3,0.5158034955835255,0.5158034955835255,0.7847841565887549
BLR,2021,94.0,43.9,0.065655,80,0.8,0.509,2.0,,,1,1,1,0,0,2,0.0,1.0,20,,observed,observed,observed,observed,observed,carried_forward,missing,missing,observed,observed,observed,observed,observed,observed,observed,missing,0.934345,0.9310344827586207,0.46345514950166106,0.8285714285714286,0.0,,0.8,1.0,,,0.0,0.0,0.5,0.0,0.0,0.5,0.750582000179923,1.0,0.925,0.4657762938230383,0.8095238095238095,0.0,,0.8,1.0,,,0.0,0.0,0.5,0.0,0.0,0.5,0.7805987353671962,0.6972448161301409,0.5947883571878378,0.5,0.2,0.6813616887363124,0.5447072025309172,0.6400800281806298,0.2463000918174436,0.7102766751480338,0.600276836126249,0.27207333325018224,0.2571411577378928,0.2,0.4512704937797833,0.4512704937797833,0.6509745311143956
BRA,2013,89.0,,0.07976602,81,,0.755,,,,1,1,1,0,0,2,0.0,1.0,80,,observed,imputed,observed,observed,imputed,missing,missing,missing,observed,observed,observed,observed,observed,observed,observed,missing,0.92023398,0.8735632183908046,,0.8428571428571429,0.75,,,,,,0.0,0.0,0.5,0.0,0.0,0.5,0.6797026234875869,1.0,0.8690476190476191,,0.8979591836734694,0.75,,,,,,0.0,0.0,0.5,0.0,0.0,0.5,0.5902556114200583,0.8735632183908046,0.7575199221149099,,0.2,0.4071076803080472,0.45729446026900367,0.0,0.2463000918174436,0.4611286062823194,0.5852150545222754,0.0,0.2571411577378928,0.2,,,
BRA,2017,96.0,,0.09471251,83,,0.736,,,,1,1,1,0,0,2,0.0,1.0,80,,observed,imputed,observed,observed,imputed,missing,missing,missing,observed,observed,observed,observed,observed,observed,observed,missing,0.90528749,0.9540229885057471,,0.8714285714285714,0.75,,,,,,0.0,0.0,0.5,0.0,0.0,0.5,0.6046266973718107,1.0,0.9444444444444444,,0.9322033898305084,0.75,,,,,,0.0,0.0,1.0,0.0,0.0,0.5,0.5085240303364664,0.9540229885057471,0.7420184229334607,,0.2,0.44460444033641994,0.45599720330599447,0.0,0.2463000918174436,0.5036009779135856,0.5727704426403372,0.0,0.2571411577378928,0.2,,,
BRA,2022,96.0,,0.09142775,83,,0.713,,,,1,1,1,0,0,2,0.0,1.0,80,,imputed,imputed,observed,observed,imputed,missing,missing,missing,observed,observed,observed,observed,observed,observed,observed,missing,0.90857225,0.9540229885057471,,0.8714285714285714,0.75,,,,,,0.0,0.0,0.5,0.0,0.0,0.5,0.6211259824258974,1.0,0.9393939393939394,,0.8548387096774194,0.75,,,,,,0.0,0.0,0.5,0.0,0.0,0.5,0.5140813044279199,0.9540229885057471,0.7475181846181563,,0.2,0.44460444033641994,0.4574526172435436,0.0,0.2463000918174436,0.5036009779135856,0.5771617248278867,0.0,0.2571411577378928,0.2,,,
BRB,2010,90.0,34.9,0.06770947,79,0.975,0.374,,,,4,1,1,0,0,2,0.0,1.0,100,,imputed,imputed,observed,observed,imputed,missing,missing,missing,observed,observed,observed,observed,observed,observed,observed,missing,0.93229053,0.8850574712643678,0.31395348837209297,0.8142857142857143,1.0,,0.975,,,,0.5,0.0,0.5,0.0,0.0,0.5,0.740262437665441,1.0,0.8714285714285714,0.18860510805500977,0.9193548387096774,1.0,,0.975,,,,0.5,0.0,0.5,0.0,0.0,0.5,0.6678890855714721,0.5995054798182304,0.8823870379877888,,0.2,0.58010574020139,0.932347214095606,0.02767499479625413,0.2463000918174436,0.6154226644507357,0.8761957970517422,0.15033100176008402,0.2571411577378928,0.2,,,
BRB,2015,90.0,34.9,0.06818275,83,0.975,0.338,,,,4,1,0,1,0,3,0.0,1.0,100,,observed,imputed,observed,observed,imputed,missing,missing,missing,observed,observed,observed,observed,observed,observed,observed,missing,0.93181725,0.8850574712643678,0.31395348837209297,0.8714285714285714,1.0,,0.975,,,,0.5,0.0,0.0,0.5,0.0,1.0,0.7378851615081581,1.0,0.8714285714285714,0.30588235294117644,0.873015873015873,1.0,,0.975,,,,0.5,0.0,0.0,1.0,0.0,1.0,0.6590375783369364,0.5995054798182304,0.8960784332341823,,0.3,0.58010574020139,0.9427880030284006,0.02767499479625413,0.5870184682448168,0.6154226644507357,0.8906367540539044,0.15033100176008402,0.3641950659257678,0.3,,,
BRB,2018,90.0,34.9,0.06439439,82,0.975,0.334,,,,4,1,1,0,0,2,0.0,1.0,100,,imputed,imputed,observed,observed,observed,missing,missing,missing,observed,observed,observed,observed,observed,observed,observed,missing,0.93560561,0.8850574712643678,0.31395348837209297,0.8571428571428571,1.0,,0.975,,,,0.5,0.0,0.5,0.0,0.0,0.5,0.756914019484844,1.0,0.8648648648648649,0.21032504780114722,0.8771929824561403,1.0,,0.975,,,,0.5,0.0,0.5,0.0,0.0,0.5,0.721867282266908,0.5995054798182304,0.8972642191569253,,0.2,0.58010574020139,0.9418039298856569,0.02767499479625413,0.2463000918174436,0.6154226644507357,0.8919328645152437,0.15033100176008402,0.2571411577378928,0.2,,,
BRB,2021,90.0,34.9,0.0793866,81,0.975,0.337,,,,4,1,1,1,0,3,0.0,1.0,100,,imputed,observed,observed,observed,imputed,missing,missing,missing,observed,observed,observed,observed,observed,observed,observed,missing,0.9206134,0.8850574712643678,0.31395348837209297,0.8428571428571429,1.0,,0.975,,,,0.5,0.0,0.5,0.5,0.0,1.0,0.6816084427058013,1.0,0.875,0.3155258764607679,0.8253968253968254,1.0,,0.975,,,,0.5,0.0,0.5,0.5,0.0,1.0,0.708866837020087,0.5995054798182304,0.874866396390736,,0.4,0.58010574020139,0.9324985476265342,0.02767499479625413,0.6276085012649691,0.6154226644507357,0.8681218796292737,0.15033100176008402,0.49148157841267115,0.4,,,
BRB,2023,90.0,34.9,0.0793866,82,0.975,,,,,4,1,1,0,0,2,0.0,1.0,100,100.0,imputed,imputed,imputed,observed,imputed,missing,missing,missing,observed,observed,observed,observed,observed,observed,observed,observed,0.9206134,0.8850574712643678,0.31395348837209297,0.8571428571428571,1.0,1.0,0.975,,,,0.5,0.0,0.5,0.0,0.0,0.5,0.6816084427058013,1.0,0.8461538461538461,0.2023346303501945,0.8541666666666666,1.0,1.0,0.975,,,,0.5,0.0,1.0,0.0,0.0,0.5,0.6112752055625285,0.5995054798182304,0.8784378249621646,,0.2,0.58010574020139,0.9351611701745475,0.02767499479625413,0.2463000918174436,0.6154226644507357,0.8718902968010112,0.15033100176008402,0.2571411577378928,0.2,,,
BRN,2023,,,,84,,,2.0,,,7,1,1,1,0,3,0.0,1.0,100,100.0,imputed,imputed,imputed,observed,imputed,carried_forward,missing,missing,observed,observed,observed,observed,observed,observed,observed,observed,,,,0.8857142857142857,1.0,1.0,,1.0,,,1.0,0.0,0.5,0.5,0.0,1.0,,1.0,,,0.8958333333333334,1.0,1.0,,1.0,,,1.0,0.0,1.0,1.0,0.0,1.0,,,0.9428571428571428,1.0,0.4,0.0,0.4854061540396906,0.6954300177731381,0.6276085012649691,0.0,0.4762761211243481,0.5727353367703503,0.49148157841267115,0.4,,,
BTN,2011,50.0,40.8,0.03083106,58,,0.264,,2.0,,1,1,1,1,0,3,0.0,1.0,40,,observed,imputed,observed,observed,imputed,missing,carried_forward,missing,observed,observed,observed,observed,observed,observed,observed,missing,0.96916894,0.42528735632183906,0.41196013289036537,0.5142857142857142,0.25,,,,1.0,,0.0,0.0,0.5,0.5,0.0,1.0,0.9255019677776811,1.0,0.4457831325301205,0.2563025210084033,0.5573770491803278,0.25,,,,0.0,,0.0,0.0,1.0,1.0,0.0,1.0,0.8979959280736849,0.4186237446061022,0.5632625606877985,0.5,0.4,0.4181710342904138,0.2575745026076224,0.27628368286318133,0.6276085012649691,0.4189951864196988,0.4426437891319683,0.24870804162754795,0.49148157841267115,0.4,0.4660056526991211,0.4660056526991211,0.7642958171653447
BTN,2012,63.0,40.8,0.03320876,58,,0.265,,2.0,,1,1,1,1,0,3,0.0,1.0,40,,imputed,imputed,observed,observed,imputed,missing,carried_forward,missing,observed,observed,observed,observed,observed,observed,observed,missing,0.96679124,0.5747126436781609,0.41196013289036537,0.5142857142857142,0.25,,,,1.0,,0.0,0.0,0.5,0.5,0.0,1.0,0.9135588273128981,1.0,0.5066666666666667,0.32313575525812616,0.5076923076923077,0.25,,,,0.0,,0.0,0.0,0.5,1.0,0.0,1.0,0.9245922712149259,0.4933363882842631,0.5592815138662041,0.5,0.4,0.48780787434310613,0.25652098949880753,0.27628368286318133,0.6276085012649691,0.4978724480206218,0.43946512412833444,0.24870804162754795,0.49148157841267115,0.4,0.4846753165147892,0.4846753165147892,0.7896701823823047
BTN,2016,76.0,40.8,0.03327101,65,,0.273,,2.0,,1,1,1,0,0,2,0.0,1.0,40,,observed,imputed,observed,observed,imputed,missing,carried_forward,missing,observed,observed,observed,observed,observed,observed,observed,missing,0.96672899,0.7241379310344828,0.41196013289036537,0.6142857142857143,0.25,,,,1.0,,0.0,0.0,0.5,0.0,0.0,0.5,0.9132461467838434,1.0,0.6666666666666666,0.39279588336192106,0.6363636363636364,0.25,,,,0.0,,0.0,0.0,0.5,0.0,0.0,0.5,0.9275435981676527,0.5680490319624241,0.5925106203565192,0.5,0.2,0.5574447143957983,0.2751317655579639,0.27628368286318133,0.2463000918174436,0.5767497096215449,0.4657608244556275,0.24870804162754795,0.2571411577378928,0.2,0.4283221075811599,0.4283221075811599,0.7088969771519268
BTN,2019,59.0,40.8,0.03375112,66,,0.277,2.0,2.0,,1,1,0,1,0,3,0.0,1.0,40,,observed,observed,observed,observed,imputed,carried_forward,carried_forward,missing,observed,observed,observed,observed,observed,observed,observed,missing,0.96624888,0.5287356321839081,0.41196013289036537,0.6285714285714286,0.25,,,1.0,1.0,,0.0,0.0,0.0,0.5,0.0,1.0,0.9108345636705206,1.0,0.4117647058823529,0.39279588336192106,0.6333333333333333,0.25,,,1.0,0.0,,0.0,0.0,0.0,1.0,0.0,1.0,0.9181435287877022,0.4703478825371367,0.5964686640806497,0.6666666666666666,0.3,0.46638115432689314,0.2775816606051684,0.9163637110438112,0.5870184682448168,0.473602521374184,0.4688873991514871,0.5207813748777301,0.3641950659257678,0.3,0.4866976008031958,0.4866976008031958,0.7879049816319119
BTN,2020,71.0,40.3,0.04084515,69,,0.278,2.0,2.0,,1,1,1,1,0,3,0.0,1.0,40,,observed,imputed,observed,observed,imputed,carried_forward,carried_forward,missing,observed,observed,observed,observed,observed,observed,observed,missing,0.95915485,0.6666666666666666,0.4036544850498338,0.6714285714285714,0.25,,,1.0,1.0,,0.0,0.0,0.5,0.5,0.0,1.0,0.8752013901198679,1.0,0.5797101449275363,0.31447746883988487,0.6290322580645161,0.25,,,0.0,0.0,,0.0,0.0,0.5,0.5,0.0,1.0,0.893139632971234,0.5351605758582503,0.5988766538494797,0.6666666666666666,0.4,0.5262263572356038,0.2824263000878233,0.9163637110438112,0.6276085012649691,0.542490963310672,0.47070888698930985,0.5207813748777301,0.49148157841267115,0.4,0.5406890283454621,0.5406890283454621,0.862004082755406
BTN,2021,52.0,39.8,0.03072905,68,,0.276,2.0,2.0,,1,1,0,1,0,3,0.0,1.0,40,,observed,observed,observed,observed,imputed,carried_forward,carried_forward,missing,observed,observed,observed,observed,observed,observed,observed,missing,0.96927095,0.4482758620689655,0.39534883720930225,0.6571428571428571,0.25,,,1.0,1.0,,0.0,0.0,0.0,0.5,0.0,1.0,0.9260143620068995,1.0,0.4,0.3973288814691151,0.6190476190476191,0.25,,,1.0,0.0,,0.0,0.0,0.0,0.5,0.0,1.0,0.9630468619566847,0.4218123496391339,0.6110524063832522,0.6666666666666666,0.3,0.4200144800186637,0.2842459267554729,0.9163637110438112,0.5870184682448168,0.4232874737372666,0.48046433449489134,0.5207813748777301,0.3641950659257678,0.3,0.4764934512888213,0.4764934512888213,0.7742084010192612
BTN,2023,52.0,39.8,0.03072905,69,,,2.0,2.0,,1,2,0,1,1,3,0.0,1.0,40,40.0,imputed,imputed,imputed,observed,imputed,carried_forward,carried_forward,missing,observed,observed,observed,observed,observed,observed,observed,observed,0.96927095,0.4482758620689655,0.39534883720930225,0.6714285714285714,0.25,0.25,,1.0,1.0,,0.0,0.5,0.0,0.5,1.0,1.0,0.9260143620068995,1.0,0.26153846153846155,0.29766536964980533,0.5833333333333334,0.25,0.25,,1.0,1.0,,0.0,1.0,0.0,1.0,1.0,1.0,0.9588442782149793,0.4218123496391339,0.615814311145157,0.6666666666666666,0.6,0.4200144800186637,0.2869085493034862,0.9163637110438112,0.7407052278123094,0.4232874737372666,0.48423275166662877,0.5207813748777301,0.5695489112219729,0.6,0.5677501594428938,0.5677501594428938,0.7169613561402706
BWA,2011,56.0,,0.0586915,56,0.525,0.429,2.0,2.0,,7,1,1,0,0,2,0.0,1.0,40,,imputed,imputed,observed,observed,imputed,carried_forward,carried_forward,missing,observed,observed,observed,observed,observed,observed,observed,missing,0.9413085,0.4942528735632184,,0.4857142857142857,0.25,,0.525,1.0,1.0,,1.0,0.0,0.5,0.0,0.0,0.5,0.785559524100737,1.0,0.5180722891566265,,0.5245901639344263,0.25,,0.525,0.0,0.0,,1.0,0.0,1.0,0.0,0.0,0.5,0.7063841678090861,0.4942528735632184,0.5115684524537557,1.0,0.2,0.23033724017428986,0.4525729552488911,0.9717137006363195,0.2463000918174436,0.26090171144920704,0.5172603096642726,0.8214433783978982,0.2571411577378928,0.2,0.47421003303446074,0.47421003303446074,0.7129842169007997
BWA,2015,56.0,,0.06102878,60,0.525,0.425,2.0,2.0,,7,1,1,1,0,3,0.0,1.0,40,,observed,imputed,observed,observed,imputed,carried_forward,carried_forward,missing,observed,observed,observed,observed,observed,observed,observed,missing,0.93897122,0.4942528735632184,,0.5428571428571428,0.25,,0.525,1.0,1.0,,1.0,0.0,0.5,0.5,0.0,1.0,0.7738194125031725,1.0,0.38571428571428573,,0.5079365079365079,0.25,,0.525,0.0,0.0,,1.0,0.0,0.5,1.0,0.0,1.0,0.7078275658856845,0.4942528735632184,0.5229191388400788,1.0,0.4,0.23033724017428986,0.46218784165620685,0.9717137006363195,0.6276085012649691,0.26090171144920704,0.5292093494494714,0.8214433783978982,0.49148157841267115,0.4,0.5670363925125925,0.5670363925125925,0.842552160055235
BWA,2018,26.0,,0.06040103,57,0.525,0.432,2.0,2.0,,7,1,1,0,0,2,0.0,1.0,40,,observed,imputed,observed,observed,observed,carried_forward,carried_forward,missing,observed,observed,observed,observed,observed,observed,observed,missing,0.93959897,0.14942528735632185,,0.5,0.25,,0.525,1.0,1.0,,1.0,0.0,0.5,0.0,0.0,0.5,0.776972588440746,1.0,0.0,,0.43859649122807015,0.25,,0.525,0.0,0.0,,1.0,0.0,0.5,0.0,0.0,0.5,0.7501958274459779,0.14942528735632185,0.5129931471101865,1.0,0.2,0.06963684005269229,0.454478117955498,0.9717137006363195,0.2463000918174436,0.07887726160092305,0.5187433152266135,0.8214433783978982,0.2571411577378928,0.2,0.35187743272835814,0.35187743272835814,0.5430933528133809
BWA,2020,43.0,,0.0612134,61,0.525,0.425,2.0,2.0,,7,1,1,0,0,2,0.0,1.0,40,,observed,imputed,observed,observed,imputed,carried_forward,carried_forward,missing,observed,observed,observed,observed,observed,observed,observed,missing,0.9387866,0.3448275862068966,,0.5571428571428572,0.25,,0.525,1.0,1.0,,1.0,0.0,0.5,0.0,0.0,0.5,0.7728920698642324,1.0,0.17391304347826086,,0.5,0.25,,0.5000000000000001,0.0,0.0,,1.0,0.0,0.5,0.0,0.0,0.5,0.7696280915936473,0.3448275862068966,0.5262587317517724,1.0,0.2,0.1607004001215976,0.46476866263541455,0.9717137006363195,0.2463000918174436,0.18202444984828398,0.5327309545200309,0.8214433783978982,0.2571411577378928,0.2,0.4364734467298626,0.4364734467298626,0.6624466279056003
CAF,2016,29.0,,0.05444023,32,,0.168,,,,1,1,1,0,0,2,0.0,1.0,100,,observed,imputed,observed,observed,imputed,missing,missing,missing,observed,observed,observed,observed,observed,observed,observed,missing,0.94555977,0.1839080459770115,,0.14285714285714285,1.0,,,,,,0.0,0.0,0.5,0.0,0.0,0.5,0.8069135699280996,1.0,0.013888888888888888,,0.13636363636363635,1.0,,,,,,0.0,0.0,0.5,0.0,0.0,0.5,0.7817079383472019,0.1839080459770115,0.6499235709284141,,0.2,0.08570688006485204,0.4181282145612188,0.0,0.2463000918174436,0.09707970658575145,0.49507835111803333,0.0,0.2571411577378928,0.2,,,
CAN,2012,98.0,69.8,0.10544606,90,0.95,0.815,,,,5,1,1,1,0,3,0.0,1.0,20,,observed,imputed,observed,observed,imputed,missing,missing,missing,observed,observed,observed,observed,observed,observed,observed,missing,0.89455394,0.9770114942528736,0.8936877076411959,0.9714285714285714,0.0,,0.95,,,,0.6666666666666666,0.0,0.5,0.5,0.0,1.0,0.550712286245186,1.0,0.9733333333333334,0.8776290630975142,1.0,0.0,,0.95,,,,0.6666666666666666,0.0,0.5,1.0,0.0,1.0,0.40274898305744733,0.9353496009470348,0.6180352144184393,,0.4,0.9325191886008112,0.6144650958574795,0.03689999306167217,0.6276085012649691,0.9376719103408365,0.6188797183530281,0.20044133568011202,0.49148157841267115,0.4,,,
CAN,2015,99.0,69.8,0.10768502,91,0.95,0.801,,,,5,1,1,0,0,2,0.0,1.0,20,,observed,imputed,observed,observed,imputed,missing,missing,missing,observed,observed,observed,observed,observed,observed,observed,missing,0.89231498,0.9885057471264368,0.8936877076411959,0.9857142857142858,0.0,,0.95,,,,0.6666666666666666,0.0,0.5,0.0,0.0,0.5,0.539466034079214,1.0,1.0,0.8924369747899159,1.0,0.0,,0.95,,,,0.6666666666666666,0.0,0.5,0.0,0.0,0.5,0.3896325820275724,0.9410967273838163,0.618795079948375,,0.2,0.9378758686048644,0.6161356783204897,0.03689999306167217,0.2463000918174436,0.943739392002446,0.6196549472350166,0.20044133568011202,0.2571411577378928,0.2,,,
CAN,2020,100.0,69.8,0.13024195,92,0.95,0.795,,,,5,1,1,1,0,3,0.0,1.0,20,,observed,imputed,observed,observed,imputed,missing,missing,missing,observed,observed,observed,observed,observed,observed,observed,missing,0.86975805,1.0,0.8936877076411959,1.0,0.0,,0.95,,,,0.6666666666666666,0.0,0.5,0.5,0.0,1.0,0.42616301711143545,1.0,1.0,0.8801534036433363,1.0,0.0,,0.9473684210526315,,,,0.6666666666666666,0.0,0.5,0.5,0.0,1.0,0.3510441381582848,0.9468438538205979,0.5940407542778589,,0.4,0.9432325486089177,0.6088037593159025,0.03689999306167217,0.6276085012649691,0.9498068736640555,0.5932677838118847,0.20044133568011202,0.49148157841267115,0.4,,,
CAN,2021,97.0,69.8,0.12419209,92,0.95,0.801,,,,5,1,1,0,0,2,0.0,1.0,20,,observed,observed,observed,observed,observed,missing,missing,missing,observed,observed,observed,observed,observed,observed,observed,missing,0.87580791,0.9655172413793104,0.8936877076411959,1.0,0.0,,0.95,,,,0.6666666666666666,0.0,0.5,0.0,0.0,0.5,0.4565513452320038,1.0,0.9625,0.8981636060100165,1.0,0.0,,0.95,,,,0.6666666666666666,0.0,0.5,0.0,0.0,0.5,0.4748094180687322,0.9296024745102531,0.6016378363080009,,0.2,0.9271625085967579,0.6114843358463709,0.03689999306167217,0.2463000918174436,0.9316044286792271,0.6013556326821732,0.20044133568011202,0.2571411577378928,0.2,,,
CAN,2022,97.0,69.8,0.11234325,92,0.95,0.802,2.0,,,5,1,1,0,0,2,0.0,1.0,20,,imputed,imputed,observed,observed,imputed,carried_forward,missing,missing,observed,observed,observed,observed,observed,observed,observed,missing,0.88765675,0.9655172413793104,0.8936877076411959,1.0,0.0,,0.95,1.0,,,0.6666666666666666,0.0,0.5,0.0,0.0,0.5,0.5160678361537954,1.0,0.9545454545454546,0.8981636060100165,1.0,0.0,,0.95,1.0,,,1.0,0.0,0.5,0.0,0.0,0.5,0.36785889437806996,0.9296024745102531,0.6165169590384488,0.8333333333333333,0.2,0.9271625085967579,0.6167343288077408,0.6769800212423019,0.2463000918174436,0.9316044286792271,0.6171959376162095,0.47251466893029426,0.2571411577378928,0.2,0.555933393875042,0.555933393875042,0.6841379406303049
CHE,2011,86.0,,0.10119406,84,,0.753,,,,1,1,1,0,0,2,0.0,1.0,20,,observed,imputed,observed,observed,imputed,missing,missing,missing,observed,observed,observed,observed,observed,observed,observed,missing,0.89880594,0.8390804597701149,,0.8857142857142857,0.0,,,,,,0.0,0.0,0.5,0.0,0.0,0.5,0.5720699988482307,1.0,0.8795180722891566,,0.9836065573770492,0.0,,,,,,0.0,0.0,1.0,0.0,0.0,0.5,0.41407039468304346,0.8390804597701149,0.48592809485417215,,0.2,0.39103764029588745,0.2155453087456937,0.0,0.2463000918174436,0.44292616129749096,0.38589820713399986,0.0,0.2571411577378928,0.2,,,
CHE,2012,85.0,,0.1034785,85,,0.754,,,,1,1,0,0,1,1,0.0,1.0,20,,observed,imputed,observed,observed,imputed,missing,missing,missing,observed,observed,observed,observed,observed,observed,observed,missing,0.8965215,0.8275862068965517,,0.9,0.0,,,,,,0.0,0.0,0.0,0.0,1.0,0.0,0.5605953015342843,1.0,0.8,,0.9230769230769231,0.0,,,,,,0.0,0.0,0.0,0.0,1.0,0.0,0.41696266463257703,0.8275862068965517,0.4868651005114281,,0.2,0.3856809602918342,0.2171957398960114,0.0,0.15117040407034077,0.4368586796358815,0.38661263537487905,0.0,0.13396155686684127,0.2,,,
CHE,2014,91.0,,0.10699674,85,,0.753,,,,1,1,0,0,1,1,0.0,1.0,20,,observed,imputed,observed,observed,imputed,missing,missing,missing,observed,observed,observed,observed,observed,observed,observed,missing,0.89300326,0.896551724137931,,0.9,0.0,,,,,,0.0,0.0,0.0,0.0,1.0,0.0,0.542923251019577,1.0,0.8902439024390244,,0.9322033898305084,0.0,,,,,,0.0,0.0,0.0,0.0,1.0,0.0,0.38636226195807005,0.896551724137931,0.4809744170065257,,0.2,0.4178210403161537,0.2156368754640155,0.0,0.15117040407034077,0.47326356960553834,0.38190922183978837,0.0,0.13396155686684127,0.2,,,
CHE,2015,91.0,,0.11004446,86,,0.753,,,,1,1,0,0,1,1,0.0,1.0,20,,observed,imputed,observed,observed,imputed,missing,missing,missing,observed,observed,observed,observed,observed,observed,observed,missing,0.88995554,0.896551724137931,,0.9142857142857143,0.0,,,,,,0.0,0.0,0.0,0.0,1.0,0.0,0.5276146132362867,1.0,0.8857142857142857,,0.9206349206349206,0.0,,,,,,0.0,0.0,0.0,0.0,1.0,0.0,0.3735412302016605,0.896551724137931,0.4806334425073337,,0.2,0.4178210403161537,0.21694911193641078,0.0,0.15117040407034077,0.47326356960553834,0.381603247412554,0.0,0.13396155686684127,0.2,,,
CHE,2023,91.0,,0.11004446,87,,,2.0,,,1,1,1,0,0,2,0.0,1.0,20,20.0,imputed,imputed,imputed,observed,imputed,carried_forward,missing,missing,observed,observed,observed,observed,observed,observed,observed,observed,0.88995554,0.896551724137931,,0.9285714285714286,0.0,0.0,,1.0,,,0.0,0.0,0.5,0.0,0.0,0.5,0.5276146132362867,1.0,0.8615384615384616,,0.9583333333333334,0.0,0.0,,1.0,,,0.0,0.0,1.0,0.0,0.0,0.5,0.3922809493842233,0.896551724137931,0.48539534726923844,0.5,0.2,0.4178210403161537,0.21961173448442417,0.6400800281806298,0.2463000918174436,0.47326356960553834,0.3853716645842915,0.27207333325018224,0.2571411577378928,0.2,0.45673862465131576,0.45673862465131576,0.5767747279066802
CHL,2010,87.0,56.2,0.06819584,73,0.5,0.614,,,,1,1,1,0,0,2,0.0,1.0,80,,imputed,imputed,observed,observed,imputed,missing,missing,missing,observed,observed,observed,observed,observed,observed,observed,missing,0.93180416,0.8505747126436781,0.6677740863787376,0.7285714285714285,0.75,,0.5,,,,0.0,0.0,0.5,0.0,0.0,0.5,0.7378194106948996,1.0,0.8285714285714286,0.6070726915520629,0.8225806451612904,0.75,,0.5,,,,0.0,0.0,0.5,0.0,0.0,0.5,0.6644429639126151,0.7591743995112079,0.679097709816582,,0.2,0.7529648743501758,0.6436610730105986,0.0,0.2463000918174436,0.7642692183862768,0.6842488385867871,0.0,0.2571411577378928,0.2,,,
CHL,2011,87.0,56.2,0.06799475,75,0.5,0.622,,,,1,1,1,1,0,3,0.0,1.0,80,,observed,imputed,observed,observed,imputed,missing,missing,missing,observed,observed,observed,observed,observed,observed,observed,missing,0.93200525,0.8505747126436781,0.6677740863787376,0.7571428571428571,0.75,,0.5,,,,0.0,0.0,0.5,0.5,0.0,1.0,0.7388294818208043,1.0,0.891566265060241,0.5798319327731093,0.8360655737704918,0.75,,0.5,,,,0.0,0.0,1.0,1.0,0.0,1.0,0.6424005369446192,0.7591743995112079,0.6864930847409154,,0.4,0.7529648743501758,0.6490754172154497,0.0,0.6276085012649691,0.7642692183862768,0.6920545032055619,0.0,0.49148157841267115,0.4,,,
CHL,2013,73.0,56.2,0.07475527,76,0.5,0.627,,,,1,1,1,0,0,2,0.0,1.0,80,,observed,imputed,observed,observed,imputed,missing,missing,missing,observed,observed,observed,observed,observed,observed,observed,missing,0.92524473,0.6896551724137931,0.6677740863787376,0.7714285714285715,0.75,,0.5,,,,0.0,0.0,0.5,0.0,0.0,0.5,0.704871522458825,1.0,0.6785714285714286,0.607843137254902,0.7959183673469388,0.75,,0.5,,,,0.0,0.0,0.5,0.0,0.0,0.5,0.6271815270125329,0.6787146293962654,0.6815750234718492,,0.2,0.6779713542934303,0.6487425834643484,0.0,0.2463000918174436,0.6793244751237444,0.6867850146993891,0.0,0.2571411577378928,0.2,,,
CHL,2015,74.0,56.2,0.08351394,79,0.5,0.624,,,,1,1,1,1,0,3,0.0,1.0,80,,observed,imputed,observed,observed,observed,missing,missing,missing,observed,observed,observed,observed,observed,observed,observed,missing,0.91648606,0.7011494252873564,0.6677740863787376,0.8142857142857143,0.75,,0.5,,,,0.0,0.0,0.5,0.5,0.0,1.0,0.6608768948377273,1.0,0.6428571428571429,0.6638655462184874,0.8095238095238095,0.75,,0.5,,,,0.0,0.0,0.5,1.0,0.0,1.0,0.5544790508050208,0.684461755833047,0.6812906522808604,,0.4,0.6833280342974836,0.6528496530006445,0.0,0.6276085012649691,0.6853919567853538,0.6863811028183032,0.0,0.49148157841267115,0.4,,,
CHL,2018,74.0,56.2,0.09150404,81,0.5,0.626,,,,1,1,1,0,0,2,0.0,1.0,80,,observed,imputed,observed,observed,observed,missing,missing,missing,observed,observed,observed,observed,observed,observed,observed,missing,0.90849596,0.7011494252873564,0.6677740863787376,0.8428571428571429,0.75,,0.5,,,,0.0,0.0,0.5,0.0,0.0,0.5,0.6207427792522178,1.0,0.6486486486486487,0.6175908221797324,0.8596491228070176,0.75,,0.5,,,,0.0,0.0,0.5,0.0,0.0,0.5,0.5295538056923539,0.684461755833047,0.6783999805273402,,0.2,0.6833280342974836,0.6546346385640383,0.0,0.2463000918174436,0.6853919567853538,0.6832362484518754,0.0,0.2571411577378928,0.2,,,
CHL,2021,73.0,56.2,0.09685933,82,0.9,0.628,,,,1,1,1,0,0,2,0.0,1.0,80,,observed,observed,observed,observed,observed,missing,missing,missing,observed,observed,observed,observed,observed,observed,observed,missing,0.90314067,0.6896551724137931,0.6677740863787376,0.8571428571428571,0.75,,0.9,,,,0.0,0.0,0.5,0.0,0.0,0.5,0.5938432626186433,1.0,0.6625,0.671118530884808,0.8412698412698413,0.75,,0.9,,,,0.0,0.0,0.5,0.0,0.0,0.5,0.6175918150119822,0.6787146293962654,0.7752465299403751,,0.2,0.6779713542934303,0.8169572904186937,0.0,0.2463000918174436,0.6793244751237444,0.770816041342409,0.0,0.2571411577378928,0.2,,,
CHN,2010,89.0,49.0,0.04230683,73,1.0,0.804,,,,4,2,2,0,0,2,0.0,1.0,20,,imputed,imputed,observed,observed,imputed,missing,missing,missing,observed,observed,observed,observed,observed,observed,observed,missing,0.95769317,0.8735632183908046,0.548172757475083,0.7285714285714285,0.0,,1.0,,,,0.5,0.5,1.0,0.0,0.0,0.5,0.8678594001486499,1.0,0.8571428571428571,0.4656188605108054,0.8225806451612904,0.0,,1.0,,,,0.5,1.0,1.0,0.0,0.0,0.5,0.8478767243981967,0.7108679879329438,0.6491077071800196,,0.4,0.6998148515433148,0.6174303970821269,0.02767499479625413,0.28940648033474775,0.7199369144688075,0.6505966169186791,0.15033100176008402,0.45581995865416014,0.4,,,
CHN,2011,89.0,49.0,0.04342744,74,1.0,0.816,,,,4,1,1,0,0,2,0.0,1.0,20,,observed,imputed,observed,observed,imputed,missing,missing,missing,observed,observed,observed,observed,observed,observed,observed,missing,0.95657256,0.8735632183908046,0.548172757475083,0.7428571428571429,0.0,,1.0,,,,0.5,0.0,0.5,0.0,0.0,0.5,0.8622305980978275,1.0,0.9156626506024096,0.42857142857142855,0.819672131147541,0.0,,1.0,,,,0.5,0.0,1.0,0.0,0.0,0.5,0.8113636083844846,0.7108679879329438,0.6512719352387426,,0.2,0.6998148515433148,0.6195964989063866,0.02767499479625413,0.2463000918174436,0.7199369144688075,0.6528669292875726,0.15033100176008402,0.2571411577378928,0.2,,,
CHN,2012,86.0,49.0,0.04565848,75,1.0,0.822,,,,4,1,1,0,0,2,0.0,1.0,20,,observed,imputed,observed,observed,imputed,missing,missing,missing,observed,observed,observed,observed,observed,observed,observed,missing,0.95434152,0.8390804597701149,0.548172757475083,0.7571428571428571,0.0,,1.0,,,,0.5,0.0,0.5,0.0,0.0,0.5,0.8510241279365162,1.0,0.8133333333333334,0.47992351816443596,0.7692307692307693,0.0,,1.0,,,,0.5,0.0,0.5,0.0,0.0,0.5,0.8346553159101192,0.693626608622599,0.6520417462698433,,0.2,0.6837448115311551,0.6212705905689686,0.02767499479625413,0.2463000918174436,0.701734469483979,0.6536527461440023,0.15033100176008402,0.2571411577378928,0.2,,,
CHN,2013,94.0,49.0,0.04714907,77,1.0,0.83,,,,4,1,1,0,0,2,0.0,1.0,20,,observed,imputed,observed,observed,imputed,missing,missing,missing,observed,observed,observed,observed,observed,observed,observed,missing,0.95285093,0.9310344827586207,0.548172757475083,0.7857142857142857,0.0,,1.0,,,,0.5,0.0,0.5,0.0,0.0,0.5,0.8435369236023267,1.0,0.9285714285714286,0.4666666666666667,0.8163265306122449,0.0,,1.0,,,,0.5,0.0,0.5,0.0,0.0,0.5,0.8306209744064328,0.7396036201168519,0.6573128023291531,,0.2,0.726598251563581,0.6259353839238722,0.02767499479625413,0.2463000918174436,0.7502743227768547,0.6591968622018369,0.15033100176008402,0.2571411577378928,0.2,,,
CHN,2014,98.0,49.0,0.04777906,78,1.0,0.836,,,,4,2,2,0,0,2,0.0,1.0,20,,observed,imputed,observed,observed,imputed,missing,missing,missing,observed,observed,observed,observed,observed,observed,observed,missing,0.95222094,0.9770114942528736,0.548172757475083,0.8,0.0,,1.0,,,,0.5,0.5,1.0,0.0,0.0,0.5,0.8403724961886881,1.0,0.975609756097561,0.47992351816443596,0.8135593220338984,0.0,,1.0,,,,0.6,1.0,1.0,0.0,0.0,0.5,0.8027716569495983,0.7625921258639783,0.660093124047172,,0.4,0.7480249715797941,0.6283188700276654,0.02767499479625413,0.28940648033474775,0.7745442494232926,0.6621230675025901,0.15033100176008402,0.45581995865416014,0.4,,,
CHN,2015,99.0,49.0,0.0493828,79,1.0,0.84,,,,4,1,0,1,0,3,0.0,1.0,20,,observed,imputed,observed,observed,imputed,missing,missing,missing,observed,observed,observed,observed,observed,observed,observed,missing,0.9506172,0.9885057471264368,0.548172757475083,0.8142857142857143,0.0,,1.0,,,,0.5,0.0,0.0,0.5,0.0,1.0,0.8323169416237761,1.0,1.0,0.5428571428571428,0.8095238095238095,0.0,,1.0,,,,0.5,0.0,0.0,1.0,0.0,1.0,0.7872530064722365,0.76833925230076,0.6616506639773726,,0.3,0.7533816515838473,0.6302709062472394,0.02767499479625413,0.5870184682448168,0.7806117310849021,0.6637475000619174,0.15033100176008402,0.3641950659257678,0.3,,,
CHN,2016,98.0,49.0,0.04979556,80,1.0,0.84,,,,4,1,1,0,0,2,0.0,1.0,20,,observed,imputed,observed,observed,imputed,missing,missing,missing,observed,observed,observed,observed,observed,observed,observed,missing,0.95020444,0.9770114942528736,0.548172757475083,0.8285714285714286,0.0,,1.0,,,,0.5,0.0,0.5,0.0,0.0,0.5,0.8302436562394786,1.0,0.9722222222222222,0.5334476843910806,0.8636363636363636,0.0,,1.0,,,,0.5,0.0,0.5,0.0,0.0,0.5,0.813705268154264,0.7625921258639783,0.6647037712027268,,0.2,0.7480249715797941,0.6327506427832266,0.02767499479625413,0.2463000918174436,0.7745442494232926,0.6669641126464907,0.15033100176008402,0.2571411577378928,0.2,,,
CHN,2017,100.0,49.0,0.05065922,81,1.0,0.843,,,,4,1,1,0,0,2,0.0,1.0,20,,observed,imputed,observed,observed,imputed,missing,missing,missing,observed,observed,observed,observed,observed,observed,observed,missing,0.94934078,1.0,0.548172757475083,0.8428571428571429,0.0,,1.0,,,,0.5,0.0,0.5,0.0,0.0,0.5,0.8259055089989455,1.0,1.0,0.5334476843910806,0.8983050847457628,0.0,,1.0,,,,0.5,0.0,1.0,0.0,0.0,0.5,0.8161716273028198,0.7740863787375415,0.6671906629640221,,0.2,0.7587383315879006,0.6350305942072297,0.02767499479625413,0.2463000918174436,0.7866792127465115,0.6695779325952654,0.15033100176008402,0.2571411577378928,0.2,,,
CHN,2018,94.0,49.0,0.05167905,81,1.0,0.849,,,,4,2,2,0,0,2,0.0,1.0,20,,observed,imputed,observed,observed,imputed,missing,missing,missing,observed,observed,observed,observed,observed,observed,observed,missing,0.94832095,0.9310344827586207,0.548172757475083,0.8428571428571429,0.0,,1.0,,,,0.5,0.5,1.0,0.0,0.0,0.5,0.8207829229114664,1.0,0.918918918918919,0.47992351816443596,0.8596491228070176,0.0,,1.0,,,,0.5,1.0,1.0,0.0,0.0,0.5,0.812068787680202,0.7396036201168519,0.6659100164421523,,0.4,0.726598251563581,0.6345787271618655,0.02767499479625413,0.28940648033474775,0.7502743227768547,0.6682145570934545,0.15033100176008402,0.45581995865416014,0.4,,,
CHN,2019,93.0,49.0,0.05350278,82,1.0,0.855,,,,4,1,1,0,0,2,0.0,1.0,20,,observed,observed,observed,observed,imputed,missing,missing,missing,observed,observed,observed,observed,observed,observed,observed,missing,0.94649722,0.9195402298850575,0.548172757475083,0.8571428571428571,0.0,,1.0,,,,0.5,0.0,0.5,0.0,0.0,0.5,0.8116223628913461,1.0,0.9117647058823529,0.5334476843910806,0.9,0.0,,1.0,,,,0.5,0.0,0.5,0.0,0.0,0.5,0.7816489754646955,0.7338564936800702,0.6671913050085508,,0.2,0.7212415715595277,0.6364332900463642,0.02767499479625413,0.2463000918174436,0.7442068411152453,0.6695448926202925,0.15033100176008402,0.2571411577378928,0.2,,,
CHN,2020,94.0,48.25,0.05593597,83,1.0,0.856,,,,4,1,0,1,0,3,0.0,1.0,20,,observed,imputed,observed,observed,observed,missing,missing,missing,observed,observed,observed,observed,observed,observed,observed,missing,0.94406403,0.9310344827586207,0.5357142857142857,0.8714285714285714,0.0,,1.0,,,,0.5,0.0,0.0,0.5,0.0,1.0,0.7994004972449206,1.0,0.9130434782608695,0.46692233940556077,0.8548387096774194,0.0,,1.0,,,,0.5,0.0,0.0,0.5,0.0,1.0,0.8016300315645492,0.7333743842364532,0.667707267168373,,0.3,0.7199458158536887,0.6380178129345226,0.02767499479625413,0.5870184682448168,0.7443923157726164,0.6700604621240348,0.15033100176008402,0.3641950659257678,0.3,,,
CHN,2021,94.0,47.5,0.05383605,84,1.0,0.861,,,,4,1,1,0,0,2,0.0,1.0,20,,observed,observed,observed,observed,imputed,missing,missing,missing,observed,observed,observed,observed,observed,observed,observed,missing,0.94616395,0.9310344827586207,0.5232558139534883,0.8857142857142857,0.0,,1.0,,,,0.5,0.0,0.5,0.0,0.0,0.5,0.8099483542179647,1.0,0.925,0.5258764607679465,0.873015873015873,0.0,,1.0,,,,0.5,0.0,0.5,0.0,0.0,0.5,0.8423392259123305,0.7271451483560545,0.6739156599830626,,0.2,0.7132933801437962,0.6416108696195013,0.02767499479625413,0.2463000918174436,0.738510308768378,0.6766361898119984,0.15033100176008402,0.2571411577378928,0.2,,,
CHN,2022,94.0,47.5,0.05369487,84,1.0,0.862,1.0,,,4,2,2,0,0,2,0.0,1.0,20,,imputed,imputed,observed,observed,imputed,carried_forward,missing,missing,observed,observed,observed,observed,observed,observed,observed,missing,0.94630513,0.9310344827586207,0.5232558139534883,0.8857142857142857,0.0,,1.0,0.0,,,0.5,0.5,1.0,0.0,0.0,0.5,0.8106574985889194,1.0,0.9090909090909091,0.5258764607679465,0.8709677419354839,0.0,,1.0,0.0,,,0.75,0.5,1.0,0.0,0.0,0.5,0.7778757464313049,0.7271451483560545,0.6740929460758013,0.25,0.4,0.7132933801437962,0.6416734237603527,0.02767499479625413,0.28940648033474775,0.738510308768378,0.6768249284776051,0.15033100176008402,0.45581995865416014,0.4,0.47052773019666366,0.47052773019666366,0.5435505451460995
CHN,2023,94.0,47.5,0.05369487,85,1.0,,1.0,,,4,1,0,1,0,3,0.0,1.0,20,20.0,imputed,imputed,imputed,observed,imputed,carried_forward,missing,missing,observed,observed,observed,observed,observed,observed,observed,observed,0.94630513,0.9310344827586207,0.5232558139534883,0.9,0.0,0.0,1.0,0.0,,,0.5,0.0,0.0,0.5,0.0,1.0,0.8106574985889194,1.0,0.9076923076923077,0.44747081712062253,0.9166666666666666,0.0,0.0,1.0,0.0,,,0.5,0.0,0.0,1.0,0.0,1.0,0.7947955589493548,0.7271451483560545,0.6776643746472298,0.25,0.3,0.7132933801437962,0.644336046308366,0.02767499479625413,0.5870184682448168,0.738510308768378,0.6805933456493426,0.15033100176008402,0.3641950659257678,0.3,0.4384542229311382,0.4384542229311382,0.5536849775376527
CIV,2012,78.0,,0.04427372,37,,0.387,,,,1,1,0,1,0,3,1.0,0.0,60,,imputed,imputed,observed,observed,imputed,missing,missing,missing,observed,observed,observed,observed,observed,observed,observed,missing,0.95572628,0.7471264367816092,,0.21428571428571427,0.5,,,,,,0.0,0.0,0.0,0.5,0.0,1.0,0.8579797502564107,0.0,0.7066666666666667,,0.18461538461538463,0.5,,,,,,0.0,0.0,0.0,1.0,0.0,1.0,0.8446588419514987,0.7471264367816092,0.5240884881807083,,0.3,0.3481842002634614,0.2757841341863274,0.0,0.5870184682448168,0.39438630800461527,0.4061945648035524,0.0,0.3641950659257678,0.0,,,
CIV,2016,78.0,,0.03321013,44,,0.409,,,,1,1,1,0,0,2,0.0,1.0,60,,observed,imputed,observed,observed,imputed,missing,missing,missing,observed,observed,observed,observed,observed,observed,observed,missing,0.96678987,0.7471264367816092,,0.3142857142857143,0.5,,,,,,0.0,0.0,0.5,0.0,0.0,0.5,0.9135519458297687,1.0,0.6944444444444444,,0.3181818181818182,0.5,,,,,,0.0,0.0,0.5,0.0,0.0,0.5,0.9279630030852584,0.7471264367816092,0.575945886705161,,0.2,0.3481842002634614,0.29932455582170286,0.0,0.2463000918174436,0.39438630800461527,0.44736401633748674,0.0,0.2571411577378928,0.2,,,
CIV,2023,78.0,,0.03321013,46,,,2.0,,,1,1,1,0,0,2,0.0,1.0,60,60.0,imputed,imputed,imputed,observed,imputed,carried_forward,missing,missing,observed,observed,observed,observed,observed,observed,observed,observed,0.96678987,0.7471264367816092,,0.34285714285714286,0.5,0.5,,1.0,,,0.0,0.0,0.5,0.0,0.0,0.5,0.9135519458297687,1.0,0.6615384615384615,,0.10416666666666667,0.5,0.5,,1.0,,,0.0,0.0,1.0,0.0,0.0,0.5,0.9411215060084767,0.7471264367816092,0.5854696962289706,0.5,0.2,0.3481842002634614,0.30464980091772964,0.6400800281806298,0.2463000918174436,0.39438630800461527,0.4549008506809616,0.27207333325018224,0.2571411577378928,0.2,0.45732467167519547,0.45732467167519547,0.5775147947512498
CMR,2011,65.0,28.6,0.03852829,44,0.0,0.398,,,,4,1,1,0,0,2,0.0,1.0,80,,observed,imputed,observed,observed,imputed,missing,missing,missing,observed,observed,observed,observed,observed,observed,observed,missing,0.96147171,0.5977011494252874,0.20930232558139536,0.3142857142857143,0.75,,0.0,,,,0.5,0.0,0.5,0.0,0.0,0.5,0.8868389324579415,1.0,0.6265060240963856,0.0,0.32786885245901637,0.75,,0.0,,,,0.5,0.0,1.0,0.0,0.0,0.5,0.8450577910786669,0.4035017375033414,0.48778116168591396,,0.2,0.3903082801369622,0.37704907049466074,0.02767499479625413,0.2463000918174436,0.41432676407489677,0.5009129160432495,0.15033100176008402,0.2571411577378928,0.2,,,
CMR,2016,54.0,28.6,0.04022537,47,0.0,0.397,,,,4,1,1,0,0,2,0.0,1.0,80,,observed,imputed,observed,observed,imputed,missing,missing,missing,observed,observed,observed,observed,observed,observed,observed,missing,0.95977463,0.47126436781609193,0.20930232558139536,0.35714285714285715,0.75,,0.0,,,,0.5,0.0,0.5,0.0,0.0,0.5,0.8783145329037612,1.0,0.3611111111111111,0.18353344768439112,0.36363636363636365,0.75,,0.0,,,,0.5,0.0,0.5,0.0,0.0,0.5,0.8796347154015915,0.34028334669874366,0.4963643475116546,,0.2,0.3313848000923764,0.38428499465268184,0.02767499479625413,0.2463000918174436,0.3475844657971926,0.509949399924039,0.15033100176008402,0.2571411577378928,0.2,,,
CMR,2018,38.0,28.6,0.03619702,45,0.0,0.399,,,,4,1,1,1,0,3,0.0,1.0,80,,observed,imputed,observed,observed,observed,missing,missing,missing,observed,observed,observed,observed,observed,observed,observed,missing,0.96380298,0.28735632183908044,0.20930232558139536,0.32857142857142857,0.75,,0.0,,,,0.5,0.0,0.5,0.5,0.0,1.0,0.8985488559433836,1.0,0.16216216216216217,0.08986615678776295,0.22807017543859648,0.75,,0.0,,,,0.5,0.0,0.5,1.0,0.0,1.0,0.9218969490076824,0.24832932371023791,0.49428007112870304,,0.4,0.24567792002752442,0.38074463391208013,0.02767499479625413,0.6276085012649691,0.25050475921144116,0.5077979275553249,0.15033100176008402,0.49148157841267115,0.4,,,
CMR,2021,41.0,28.6,0.04305393,43,0.0,0.408,2.0,,2.0,4,1,1,0,0,2,0.0,1.0,80,,observed,observed,observed,observed,imputed,carried_forward,missing,carried_forward,observed,observed,observed,observed,observed,observed,observed,missing,0.95694607,0.3218390804597701,0.20930232558139536,0.3,0.75,,0.0,1.0,,1.0,0.5,0.0,0.5,0.0,0.0,0.5,0.8641067315019579,1.0,0.2625,0.21035058430717862,0.2222222222222222,0.75,,0.0,1.0,,1.0,0.5,0.0,0.5,0.0,0.0,0.5,0.8986634660450415,0.2655707030205827,0.4785266828754895,0.8333333333333334,0.2,0.26174796003968415,0.37238122396305956,0.6960413223405646,0.2463000918174436,0.2687072041962696,0.49109432707227496,0.6009609566838905,0.2571411577378928,0.2,0.38149053561622814,0.38149053561622814,0.5930529520756205
CMR,2022,41.0,28.6,0.04478359,47,0.0,0.408,2.0,,2.0,4,1,1,0,0,2,0.0,1.0,80,,imputed,imputed,observed,observed,imputed,carried_forward,missing,carried_forward,observed,observed,observed,observed,observed,observed,observed,missing,0.95521641,0.3218390804597701,0.20930232558139536,0.35714285714285715,0.75,,0.0,1.0,,1.0,0.5,0.0,0.5,0.0,0.0,0.5,0.8554186832467883,1.0,0.10606060606060606,0.21035058430717862,0.27419354838709675,0.75,,0.0,1.0,,1.0,0.75,0.0,0.5,0.0,0.0,0.5,0.8401754207507819,0.2655707030205827,0.49064038509741137,0.8333333333333334,0.2,0.26174796003968415,0.3822653350981283,0.6960413223405646,0.2463000918174436,0.2687072041962696,0.5038556730481236,0.6009609566838905,0.2571411577378928,0.2,0.3838822674485924,0.3838822674485924,0.5963522352822357
CMR,2023,41.0,28.6,0.04478359,48,0.0,,2.0,,2.0,4,1,1,0,0,2,0.0,1.0,80,80.0,imputed,imputed,imputed,observed,imputed,carried_forward,missing,carried_forward,observed,observed,observed,observed,observed,observed,observed,observed,0.95521641,0.3218390804597701,0.20930232558139536,0.37142857142857144,0.75,0.75,0.0,1.0,,1.0,0.5,0.0,0.5,0.0,0.0,0.5,0.8554186832467883,1.0,0.09230769230769231,0.07976653696498057,0.14583333333333334,0.75,0.75,0.0,1.0,,1.0,0.5,0.0,1.0,0.0,0.0,0.5,0.8584503324787727,0.2655707030205827,0.4942118136688399,0.8333333333333334,0.2,0.26174796003968415,0.3849279576461417,0.6960413223405646,0.2463000918174436,0.2687072041962696,0.507624090219861,0.6009609566838905,0.2571411577378928,0.2,0.3845789495569805,0.3845789495569805,0.48565066980858707
COD,2010,69.0,26.0,0.03722243,33,,0.302,,,,1,1,1,0,0,2,0.0,1.0,100,,imputed,imputed,observed,observed,imputed,missing,missing,missing,observed,observed,observed,observed,observed,observed,observed,missing,0.96277757,0.6436781609195402,0.16611295681063123,0.15714285714285714,1.0,,,,,,0.0,0.0,0.5,0.0,0.0,0.5,0.8933982416253479,1.0,0.5714285714285714,0.013752455795677784,0.1774193548387097,1.0,,,,,,0.0,0.0,0.5,0.0,0.0,0.5,0.8839016867977975,0.4048955588650857,0.6835136995894017,,0.2,0.3886732230255481,0.4284197129156635,0.0,0.2463000918174436,0.4182057331066416,0.5218646504025556,0.0,0.2571411577378928,0.2,,,
COD,2014,69.0,26.0,0.03725206,40,,0.348,,,,1,1,1,0,0,2,0.0,1.0,100,,observed,imputed,observed,observed,imputed,missing,missing,missing,observed,observed,observed,observed,observed,observed,observed,missing,0.96274794,0.6436781609195402,0.16611295681063123,0.2571428571428571,1.0,,,,,,0.0,0.0,0.5,0.0,0.0,0.5,0.8932494107164983,1.0,0.6219512195121951,0.04015296367112813,0.1694915254237288,1.0,,,,,,0.0,0.0,0.5,0.0,0.0,0.5,0.8767958622388936,0.4048955588650857,0.7167974226197851,,0.2,0.3886732230255481,0.4470449422690157,0.0,0.2463000918174436,0.4182057331066416,0.5482039592811455,0.0,0.2571411577378928,0.2,,,
COD,2019,35.0,26.0,0.03508039,39,,0.363,2.0,,,1,1,1,0,0,2,0.0,1.0,100,,observed,observed,observed,observed,imputed,carried_forward,missing,missing,observed,observed,observed,observed,observed,observed,observed,missing,0.96491961,0.25287356321839083,0.16611295681063123,0.24285714285714285,1.0,,,1.0,,,0.0,0.0,0.5,0.0,0.0,0.5,0.9041576665322686,1.0,0.058823529411764705,0.13893653516295026,0.18333333333333332,1.0,,,1.0,,,0.0,0.0,0.5,0.0,0.0,0.5,0.9089575608794016,0.20949326001451102,0.7156716031298038,0.5,0.2,0.2065461028877375,0.44534454490206804,0.6400800281806298,0.2463000918174436,0.2119113566119198,0.547338772722371,0.27207333325018224,0.2571411577378928,0.2,0.34992176808307024,0.34992176808307024,0.5665859811947423
COD,2023,35.0,26.0,0.03508039,41,,,2.0,,,1,1,1,0,0,2,0.0,1.0,100,100.0,imputed,imputed,imputed,observed,imputed,carried_forward,missing,missing,observed,observed,observed,observed,observed,observed,observed,observed,0.96491961,0.25287356321839083,0.16611295681063123,0.2714285714285714,1.0,1.0,,1.0,,,0.0,0.0,0.5,0.0,0.0,0.5,0.9041576665322686,1.0,0.0,0.029182879377431904,0.0,1.0,1.0,,1.0,,,0.0,0.0,1.0,0.0,0.0,0.5,0.9277619239123995,0.20949326001451102,0.7251954126536133,0.5,0.2,0.2065461028877375,0.45066978999809476,0.6400800281806298,0.2463000918174436,0.2119113566119198,0.5548756070658459,0.27207333325018224,0.2571411577378928,0.2,0.35108015047135366,0.35108015047135366,0.44334800547280145
COG,2014,33.0,23.9,0.01973117,42,,0.366,,,,1,1,0,1,0,3,0.0,1.0,40,,imputed,imputed,observed,observed,imputed,missing,missing,missing,observed,observed,observed,observed,observed,observed,observed,missing,0.98026883,0.22988505747126436,0.13122923588039864,0.2857142857142857,0.25,,,,,,0.0,0.0,0.0,0.5,0.0,1.0,0.981256497539066,1.0,0.18292682926829268,0.0,0.2033898305084746,0.25,,,,,,0.0,0.0,0.0,1.0,0.0,1.0,1.0,0.1805571466758315,0.5056569277511173,,0.3,0.17720592289193213,0.21989068947006102,0.0,0.5870184682448168,0.1833067736768334,0.3971881739321298,0.0,0.3641950659257678,0.3,,,
COG,2015,33.0,23.9,0.02456685,41,,0.357,,,,1,1,1,0,0,2,0.0,1.0,40,,imputed,imputed,observed,observed,imputed,missing,missing,missing,observed,observed,observed,observed,observed,observed,observed,missing,0.97543315,0.22988505747126436,0.13122923588039864,0.2714285714285714,0.25,,,,,,0.0,0.0,0.5,0.0,0.0,0.5,0.9569669717440775,1.0,0.05714285714285714,0.12100840336134452,0.20634920634920634,0.25,,,,,,0.0,0.0,0.5,0.0,0.0,0.5,0.9564974807306357,0.1805571466758315,0.492798514390883,,0.2,0.17720592289193213,0.2150854701814859,0.0,0.2463000918174436,0.1833067736768334,0.38695510319401616,0.0,0.2571411577378928,0.2,,,
COG,2019,33.0,23.9,0.02347713,43,,0.335,,2.0,,1,1,1,0,0,2,0.0,1.0,40,,observed,observed,observed,observed,imputed,missing,carried_forward,missing,observed,observed,observed,observed,observed,observed,observed,missing,0.97652287,0.22988505747126436,0.13122923588039864,0.3,0.25,,,,1.0,,0.0,0.0,0.5,0.0,0.0,0.5,0.9624406139307641,1.0,0.029411764705882353,0.10291595197255574,0.25,0.25,,,,0.0,,0.0,0.0,0.5,0.0,0.0,0.5,0.9891423043789715,0.1805571466758315,0.5041468713102547,0.5,0.2,0.17720592289193213,0.22089354923677484,0.27628368286318133,0.2463000918174436,0.1833067736768334,0.39594874656628365,0.24870804162754795,0.2571411577378928,0.2,0.30888224122926833,0.30888224122926833,0.520601835190155
COG,2020,37.0,23.9,0.04017751,44,,0.339,,2.0,,1,1,0,1,0,3,0.0,1.0,40,,observed,imputed,observed,observed,imputed,missing,carried_forward,missing,observed,observed,observed,observed,observed,observed,observed,missing,0.95982249,0.27586206896551724,0.13122923588039864,0.3142857142857143,0.25,,,,1.0,,0.0,0.0,0.0,0.5,0.0,1.0,0.8785549327450551,1.0,0.08695652173913043,0.0,0.22580645161290322,0.25,,,,0.0,,0.0,0.0,0.0,0.5,0.0,1.0,0.8971881518908922,0.20354565242295794,0.4809468823435898,0.5,0.3,0.19863264290814514,0.21615655482209784,0.27628368286318133,0.5870184682448168,0.20757670032327127,0.3773910025514171,0.24870804162754795,0.3641950659257678,0.3,0.3481068351892016,0.3481068351892016,0.5731920617771321
COG,2022,37.0,23.9,0.02192245,46,,0.335,,2.0,,1,1,1,0,0,2,0.0,1.0,40,,imputed,imputed,observed,observed,imputed,missing,carried_forward,missing,observed,observed,observed,observed,observed,observed,observed,missing,0.97807755,0.27586206896551724,0.13122923588039864,0.34285714285714286,0.25,,,,1.0,,0.0,0.0,0.5,0.0,0.0,0.5,0.9702497410779183,1.0,0.045454545454545456,0.13188647746243737,0.25806451612903225,0.25,,,,1.0,,0.0,0.0,0.5,0.0,0.0,0.5,1.0,0.20354565242295794,0.5210356279783537,0.5,0.2,0.19863264290814514,0.2295702656674626,0.27628368286318133,0.2463000918174436,0.20757670032327127,0.40933239607445115,0.24870804162754795,0.2571411577378928,0.2,0.32090930717453703,0.32090930717453703,0.5371926152103611
COK,2011,43.0,,0.03653758,75,,,,,,4,1,1,1,0,3,0.0,1.0,80,,imputed,imputed,observed,observed,imputed,missing,missing,missing,observed,observed,observed,observed,observed,observed,observed,missing,0.96346242,0.3448275862068966,,0.7571428571428571,0.75,,,,,,0.5,0.0,0.5,0.5,0.0,1.0,0.8968382297429858,1.0,0.3614457831325301,,0.8360655737704918,0.75,,,,,,0.5,0.0,1.0,1.0,0.0,1.0,0.8587490122968656,0.3448275862068966,0.8013270289619476,,0.4,0.1607004001215976,0.46047241477089484,0.02767499479625413,0.6276085012649691,0.18202444984828398,0.6203951598064782,0.15033100176008402,0.49148157841267115,0.4,,,
COK,2017,43.0,,0.02452187,72,,,,,,4,1,0,1,0,3,0.0,1.0,80,,observed,imputed,observed,observed,imputed,missing,missing,missing,observed,observed,observed,observed,observed,observed,observed,missing,0.9754781299999999,0.3448275862068966,,0.7142857142857143,0.75,,,,,,0.5,0.0,0.0,0.5,0.0,1.0,0.9571929054018584,1.0,0.20833333333333334,,0.7457627118644068,0.75,,,,,,0.5,0.0,0.0,1.0,0.0,1.0,0.9987026691062468,0.3448275862068966,0.8071595398958576,,0.3,0.1607004001215976,0.4578084769736467,0.02767499479625413,0.5870184682448168,0.18202444984828398,0.6251532959645695,0.15033100176008402,0.3641950659257678,0.3,,,
COL,2016,89.0,50.0,0.0753117,81,0.65,0.596,,,,1,2,1,0,1,2,0.0,1.0,40,,observed,imputed,observed,observed,observed,missing,missing,missing,observed,observed,observed,observed,observed,observed,observed,missing,0.9246883,0.8735632183908046,0.5647840531561461,0.8428571428571429,0.25,,0.65,,,,0.0,0.5,0.5,0.0,1.0,0.5,0.7020765854824114,1.0,0.8472222222222222,0.5506003430531732,0.8787878787878788,0.25,,0.65,,,,0.0,1.0,0.5,0.0,1.0,0.5,0.6379234909810378,0.7191736357734754,0.6112334320848886,,0.5,0.7086847658231714,0.562409695463203,0.0,0.39998685138493617,0.7277795904744586,0.6176801045020143,0.0,0.4624950030340981,0.5,,,
COL,2017,88.0,50.0,0.07678643,82,0.65,0.595,,,,1,1,0,0,1,1,0.0,1.0,40,,observed,imputed,observed,observed,observed,missing,missing,missing,observed,observed,observed,observed,observed,observed,observed,missing,0.92321357,0.8620689655172413,0.5647840531561461,0.8571428571428571,0.25,,0.65,,,,0.0,0.0,0.0,0.0,1.0,0.0,0.6946690456171509,1.0,0.8333333333333334,0.5506003430531732,0.9152542372881356,0.25,,0.65,,,,0.0,0.0,0.0,0.0,1.0,0.0,0.6337113985222846,0.7134265093366937,0.612952975690002,,0.2,0.703328085819118,0.5644188935308518,0.0,0.15117040407034077,0.7217121088128491,0.6194770060743031,0.0,0.13396155686684127,0.2,,,
COL,2019,69.0,50.0,0.07779549,81,1.0,0.598,,,,1,1,0,0,1,1,0.0,1.0,40,,observed,observed,observed,observed,observed,missing,missing,missing,observed,observed,observed,observed,observed,observed,observed,missing,0.92220451,0.6436781609195402,0.5647840531561461,0.8428571428571429,0.25,,1.0,,,,0.0,0.0,0.0,0.0,1.0,0.0,0.689600557028433,1.0,0.5588235294117647,0.5506003430531732,0.8833333333333333,0.25,,1.0,,,,0.0,0.0,0.0,0.0,1.0,0.0,0.613773333596855,0.6042311070378432,0.695614424971394,,0.2,0.6015511657421062,0.7030879242502664,0.0,0.15117040407034077,0.6064299572422692,0.6939589546451274,0.0,0.13396155686684127,0.2,,,
COL,2020,75.0,50.0,0.08714321,82,1.0,0.594,,,,1,1,1,0,0,2,0.0,1.0,40,,observed,imputed,observed,observed,observed,missing,missing,missing,observed,observed,observed,observed,observed,observed,observed,missing,0.91285679,0.7126436781609196,0.5647840531561461,0.8571428571428571,0.25,,1.0,,,,0.0,0.0,0.5,0.0,0.0,0.5,0.642647142810716,1.0,0.6376811594202898,0.5004793863854266,0.8387096774193549,0.25,,1.0,,,,0.0,0.0,0.5,0.0,0.0,0.5,0.6123916672210101,0.6387138656585328,0.6874474999883933,,0.2,0.6336912457664259,0.7016087519723848,0.0,0.2463000918174436,0.6428348472119261,0.685230727821504,0.0,0.2571411577378928,0.2,,,
COM,2015,,,0.04600899,48,,0.149,,,,1,1,1,0,0,2,0.0,1.0,100,,imputed,imputed,observed,observed,imputed,missing,missing,missing,observed,observed,observed,observed,observed,observed,observed,missing,0.95399101,,,0.37142857142857144,1.0,,,,,,0.0,0.0,0.5,0.0,0.0,0.5,0.8492635230812728,1.0,,,0.31746031746031744,1.0,,,,,,0.0,0.0,0.5,0.0,0.0,0.5,0.8102623492416134,,0.740230698169948,,0.2,0.0,0.46446589550589057,0.0,0.2463000918174436,0.0,0.5666444594046468,0.0,0.2571411577378928,0.2,,,
COM,2023,,,0.04600899,52,,,2.0,,,1,1,1,0,0,2,0.0,1.0,100,100.0,imputed,imputed,imputed,observed,imputed,carried_forward,missing,missing,observed,observed,observed,observed,observed,observed,observed,observed,0.95399101,,,0.42857142857142855,1.0,1.0,,1.0,,,0.0,0.0,0.5,0.0,0.0,0.5,0.8492635230812728,1.0,,,0.22916666666666666,1.0,1.0,,1.0,,,0.0,0.0,1.0,0.0,0.0,0.5,0.8496970939448076,,0.7592783172175671,0.5,0.2,0.0,0.475116385697944,0.6400800281806298,0.2463000918174436,0.0,0.5817181280915966,0.27207333325018224,0.2571411577378928,0.2,,,
CPV,2010,65.0,,0.04081082,60,,0.261,,,,1,1,1,0,0,2,0.0,1.0,80,,imputed,imputed,observed,observed,imputed,missing,missing,missing,observed,observed,observed,observed,observed,observed,observed,missing,0.95918918,0.5977011494252874,,0.5428571428571428,0.75,,,,,,0.0,0.0,0.5,0.0,0.0,0.5,0.8753738290365335,1.0,0.5142857142857142,,0.6129032258064516,0.75,,,,,,0.0,0.0,0.5,0.0,0.0,0.5,0.8584765403055656,0.5977011494252874,0.722743657297892,,0.2,0.27854736021076915,0.41863968614941915,0.0,0.2463000918174436,0.3155090464036922,0.5581561552732187,0.0,0.2571411577378928,0.2,,,
CPV,2014,65.0,,0.04852315,63,,0.255,,,,1,1,1,0,0,2,0.0,1.0,80,,imputed,imputed,observed,observed,imputed,missing,missing,missing,observed,observed,observed,observed,observed,observed,observed,missing,0.95147685,0.5977011494252874,,0.5857142857142857,0.75,,,,,,0.0,0.0,0.5,0.0,0.0,0.5,0.8366349467129593,1.0,0.573170731707317,,0.559322033898305,0.75,,,,,,0.0,0.0,0.5,0.0,0.0,0.5,0.7975393333138322,0.5977011494252874,0.7241164108090817,,0.2,0.27854736021076915,0.42321036880186835,0.0,0.2463000918174436,0.3155090464036922,0.5591510591972817,0.0,0.2571411577378928,0.2,,,
CPV,2017,65.0,,0.04745732,67,,0.25,2.0,,,1,1,0,1,0,3,0.0,1.0,80,,observed,imputed,observed,observed,imputed,carried_forward,missing,missing,observed,observed,observed,observed,observed,observed,observed,missing,0.95254268,0.5977011494252874,,0.6428571428571429,0.75,,,1.0,,,0.0,0.0,0.0,0.5,0.0,1.0,0.8419885898982137,1.0,0.5138888888888888,,0.6610169491525424,0.75,,,1.0,,,0.0,0.0,0.0,1.0,0.0,1.0,0.8385322010698769,0.5977011494252874,0.7449485775851189,0.5,0.3,0.27854736021076915,0.4343331077539706,0.6400800281806298,0.5870184682448168,0.3155090464036922,0.5756495991971906,0.27207333325018224,0.3641950659257678,0.3,0.5083647293654299,0.5083647293654299,0.8280421896542014
CPV,2023,65.0,,0.04745732,71,,,2.0,,,1,1,1,0,0,2,0.0,1.0,80,80.0,imputed,imputed,imputed,observed,imputed,carried_forward,missing,missing,observed,observed,observed,observed,observed,observed,observed,observed,0.95254268,0.5977011494252874,,0.7,0.75,0.75,,1.0,,,0.0,0.0,0.5,0.0,0.0,0.5,0.8419885898982137,1.0,0.46153846153846156,,0.625,0.75,0.75,,1.0,,,0.0,0.0,1.0,0.0,0.0,0.5,0.8393514288836871,0.5977011494252874,0.7639961966327379,0.5,0.2,0.27854736021076915,0.44498359794602405,0.6400800281806298,0.2463000918174436,0.3155090464036922,0.5907232678841404,0.27207333325018224,0.2571411577378928,0.2,0.4622679903960778,0.4622679903960778,0.5837572738329555
CRI,2013,89.0,,0.07682293,83,,0.502,,,,3,1,1,1,0,3,0.0,1.0,100,,observed,imputed,observed,observed,imputed,missing,missing,missing,observed,observed,observed,observed,observed,observed,observed,missing,0.92317707,0.8735632183908046,,0.8714285714285714,1.0,,,,,,0.3333333333333333,0.0,0.5,0.5,0.0,1.0,0.6944857068330468,1.0,0.8690476190476191,,0.9387755102040817,1.0,,,,,,0.3333333333333333,0.0,0.5,1.0,0.0,1.0,0.6119442394539971,0.8735632183908046,0.8553047594205395,,0.4,0.4071076803080472,0.5440046209170716,0.018449996530836087,0.6276085012649691,0.4611286062823194,0.6573449683508256,0.10022066784005601,0.49148157841267115,0.4,,,
CUB,2010,92.0,32.3,0.10688083,81,,0.524,,,,1,1,1,0,0,2,0.0,1.0,60,,imputed,imputed,observed,observed,imputed,missing,missing,missing,observed,observed,observed,observed,observed,observed,observed,missing,0.89311917,0.9080459770114943,0.27076411960132885,0.8428571428571429,0.5,,,,,,0.0,0.0,0.5,0.0,0.0,0.5,0.5435054646761666,1.0,0.9,0.1375245579567779,0.9516129032258065,0.5,,,,,,0.0,0.0,0.5,0.0,0.0,0.5,0.39034468089417884,0.5894050483064115,0.6287875358444365,,0.2,0.5677573230818694,0.36519952079359047,0.0,0.2463000918174436,0.6071666701592615,0.4883076374665904,0.0,0.2571411577378928,0.2,,,
CUB,2011,92.0,32.3,0.11312986,82,,0.525,,,,1,1,1,0,0,2,0.0,1.0,60,,observed,imputed,observed,observed,imputed,missing,missing,missing,observed,observed,observed,observed,observed,observed,observed,missing,0.88687014,0.9080459770114943,0.27076411960132885,0.8571428571428571,0.5,,,,,,0.0,0.0,0.5,0.0,0.0,0.5,0.5121167095520359,1.0,0.9518072289156626,0.0777310924369747,0.9508196721311475,0.5,,,,,,0.0,0.0,1.0,0.0,0.0,0.5,0.3319812515048952,0.5894050483064115,0.623086522231631,,0.2,0.5677573230818694,0.3650933184173589,0.0,0.2463000918174436,0.6071666701592615,0.48372194227442217,0.0,0.2571411577378928,0.2,,,
CUB,2012,99.0,32.3,0.0929941,83,,0.526,,,,1,2,2,0,0,2,0.0,1.0,60,,observed,imputed,observed,observed,imputed,missing,missing,missing,observed,observed,observed,observed,observed,observed,observed,missing,0.9070059,0.9885057471264368,0.27076411960132885,0.8714285714285714,0.5,,,,,,0.0,0.5,1.0,0.0,0.0,0.5,0.6132582370976337,1.0,0.9866666666666667,0.1606118546845124,0.8923076923076924,0.5,,,,,,0.0,1.0,1.0,0.0,0.0,0.5,0.4927021201542853,0.6296349333638829,0.661562269508735,,0.4,0.6052540831102422,0.37667770868878114,0.0,0.28940648033474775,0.6496390417905279,0.5144091614958599,0.0,0.45581995865416014,0.4,,,
CUB,2013,99.0,32.3,0.10430995,83,,0.525,,,,1,1,1,0,0,2,0.0,1.0,60,,observed,imputed,observed,observed,imputed,missing,missing,missing,observed,observed,observed,observed,observed,observed,observed,missing,0.89569005,0.9885057471264368,0.27076411960132885,0.8714285714285714,0.5,,,,,,0.0,0.0,0.5,0.0,0.0,0.5,0.5564189444919982,1.0,0.9880952380952381,0.13921568627450975,0.9387755102040817,0.5,,,,,,0.0,0.0,0.5,0.0,0.0,0.5,0.409383069886832,0.6296349333638829,0.6426158386401899,,0.2,0.6052540831102422,0.37166387333849216,0.0,0.2463000918174436,0.6496390417905279,0.49928139248321274,0.0,0.2571411577378928,0.2,,,
CUB,2014,96.0,32.3,0.12141219,84,,0.529,,,,1,1,0,1,0,3,0.0,1.0,60,,observed,imputed,observed,observed,imputed,missing,missing,missing,observed,observed,observed,observed,observed,observed,observed,missing,0.87858781,0.9540229885057471,0.27076411960132885,0.8857142857142857,0.5,,,,,,0.0,0.0,0.0,0.5,0.0,1.0,0.4705147284082038,1.0,0.9512195121951219,0.1606118546845124,0.9152542372881356,0.5,,,,,,0.0,0.0,0.0,1.0,0.0,1.0,0.28499508896124515,0.6123935540535379,0.6187430047074965,,0.3,0.5891840430980824,0.36674882249200774,0.0,0.5870184682448168,0.6314365968056994,0.4801864157146933,0.0,0.3641950659257678,0.3,,,
CUB,2015,99.0,32.3,0.12814043,84,,0.527,,,,1,1,1,0,0,2,0.0,1.0,60,,observed,imputed,observed,observed,imputed,missing,missing,missing,observed,observed,observed,observed,observed,observed,observed,missing,0.87185957,0.9885057471264368,0.27076411960132885,0.8857142857142857,0.5,,,,,,0.0,0.0,0.5,0.0,0.0,0.5,0.4367189108530986,1.0,1.0,0.2621848739495798,0.8888888888888888,0.5,,,,,,0.0,0.0,0.5,0.0,0.0,0.5,0.2501269370214371,0.6296349333638829,0.6074777321891282,,0.2,0.6052540831102422,0.3637676688396327,0.0,0.2463000918174436,0.6496390417905279,0.4711916640538236,0.0,0.2571411577378928,0.2,,,
CUB,2016,99.0,32.3,0.12217696,85,,0.526,,,,1,1,1,0,0,2,0.0,1.0,60,,observed,imputed,observed,observed,imputed,missing,missing,missing,observed,observed,observed,observed,observed,observed,observed,missing,0.87782304,0.9885057471264368,0.27076411960132885,0.9,0.5,,,,,,0.0,0.0,0.5,0.0,0.0,0.5,0.4666733036980839,1.0,0.9861111111111112,0.24699828473413374,0.9393939393939394,0.5,,,,,,0.0,0.0,0.5,0.0,0.0,0.5,0.31506671521145396,0.6296349333638829,0.622224434566028,,0.2,0.6052540831102422,0.36907259017177524,0.0,0.2463000918174436,0.6496390417905279,0.48293243828878224,0.0,0.2571411577378928,0.2,,,
CUB,2017,99.0,32.3,0.11472015,85,,0.525,,,,1,1,1,0,0,2,0.0,1.0,60,,observed,imputed,observed,observed,imputed,missing,missing,missing,observed,observed,observed,observed,observed,observed,observed,missing,0.88527985,0.9885057471264368,0.27076411960132885,0.9,0.5,,,,,,0.0,0.0,0.5,0.0,0.0,0.5,0.504128714073321,1.0,0.9861111111111112,0.24699828473413374,0.9661016949152542,0.5,,,,,,0.0,0.0,1.0,0.0,0.0,0.5,0.36880001955389174,0.6296349333638829,0.6347095713577736,,0.2,0.6052540831102422,0.37237655916910095,0.0,0.2463000918174436,0.6496390417905279,0.4929011900176578,0.0,0.2571411577378928,0.2,,,
CUB,2018,100.0,32.3,0.11018425,85,,0.528,,,,1,1,1,0,0,2,0.0,1.0,60,,observed,imputed,observed,observed,imputed,missing,missing,missing,observed,observed,observed,observed,observed,observed,observed,missing,0.88981575,1.0,0.27076411960132885,0.9,0.5,,,,,,0.0,0.0,0.5,0.0,0.0,0.5,0.5269124508080696,1.0,1.0,0.1606118546845124,0.9298245614035088,0.5,,,,,,0.0,0.0,0.5,0.0,0.0,0.5,0.39703803628025347,0.6353820598006644,0.6423041502693566,,0.2,0.6106107631142954,0.37438632916122494,0.0,0.2463000918174436,0.6557065234521373,0.49896507805651197,0.0,0.2571411577378928,0.2,,,
CUB,2019,78.0,32.3,0.11085011,84,,0.534,,,,1,1,1,0,0,2,0.0,1.0,60,,observed,observed,observed,observed,imputed,missing,missing,missing,observed,observed,observed,observed,observed,observed,observed,missing,0.88914989,0.7471264367816092,0.27076411960132885,0.8857142857142857,0.5,,,,,,0.0,0.0,0.5,0.0,0.0,0.5,0.5235678490879699,1.0,0.6911764705882353,0.24699828473413374,0.9333333333333333,0.5,,,,,,0.0,0.0,0.5,0.0,0.0,0.5,0.38534819909364154,0.508945278191469,0.6364273782674186,,0.2,0.4927638030251239,0.371428676862345,0.0,0.2463000918174436,0.5222219268967291,0.4943064956497491,0.0,0.2571411577378928,0.2,,,
CUB,2020,86.5,31.4,0.1248642,85,,0.528,,,,1,1,1,0,0,2,0.0,1.0,60,,imputed,imputed,observed,observed,imputed,missing,missing,missing,observed,observed,observed,observed,observed,observed,observed,missing,0.8751358,0.8448275862068966,0.25581395348837205,0.9,0.5,,,,,,0.0,0.0,0.5,0.0,0.0,0.5,0.45317534988448915,1.0,0.8043478260869565,0.14381591562799612,0.8870967741935484,0.5,,,,,,0.0,0.0,0.5,0.0,0.0,0.5,0.3836544110900941,0.5503207698476343,0.6177251166281631,,0.2,0.5303126602077056,0.3678819258463635,0.0,0.2463000918174436,0.5667371126153234,0.4793399599507391,0.0,0.2571411577378928,0.2,,,
CUB,2021,95.0,30.5,0.13787279,86,,0.526,1.0,,,1,1,1,0,0,2,0.0,1.0,60,,observed,observed,observed,observed,imputed,carried_forward,missing,missing,observed,observed,observed,observed,observed,observed,observed,missing,0.86212721,0.9425287356321839,0.24086378737541528,0.9142857142857143,0.5,,,0.0,,,0.0,0.0,0.5,0.0,0.0,0.5,0.3878334574595505,1.0,0.9375,0.2420701168614357,0.9047619047619048,0.5,,,0.0,,,0.0,0.0,0.5,0.0,0.0,0.5,0.4033434139820054,0.5916962615037996,0.6007063905817549,0.0,0.2,0.5678615173902872,0.3647806925285412,0.0,0.2463000918174436,0.6112522983339178,0.4657176424715018,0.0,0.2571411577378928,0.2,0.0,0.0,0.022015099603915095
CUB,2022,95.0,30.5,0.11786832,86,,0.525,1.0,,,1,1,1,0,0,2,0.0,1.0,60,,imputed,imputed,observed,observed,imputed,carried_forward,missing,missing,observed,observed,observed,observed,observed,observed,observed,missing,0.88213168,0.9425287356321839,0.24086378737541528,0.9142857142857143,0.5,,,0.0,,,0.0,0.0,0.5,0.0,0.0,0.5,0.488315517910215,1.0,0.9242424242424242,0.2420701168614357,0.9032258064516129,0.5,,,0.0,,,0.0,0.0,0.5,0.0,0.0,0.5,0.329232562179742,0.5916962615037996,0.6342004107319764,0.0,0.2,0.5678615173902872,0.3736442881797557,0.0,0.2463000918174436,0.6112522983339178,0.49246092745499215,0.0,0.2571411577378928,0.2,0.0,0.0,0.022394670286741285
CUB,2023,95.0,30.5,0.11786832,86,,,1.0,,,1,1,1,0,0,2,0.0,1.0,60,60.0,imputed,imputed,imputed,observed,imputed,carried_forward,missing,missing,observed,observed,observed,observed,observed,observed,observed,observed,0.88213168,0.9425287356321839,0.24086378737541528,0.9142857142857143,0.5,0.5,,0.0,,,0.0,0.0,0.5,0.0,0.0,0.5,0.488315517910215,1.0,0.9230769230769231,0.11673151750972761,0.9375,0.5,0.5,,0.0,,,0.0,0.0,1.0,0.0,0.0,0.5,0.3363938000155722,0.5916962615037996,0.6342004107319764,0.0,0.2,0.5678615173902872,0.3736442881797557,0.0,0.2463000918174436,0.6112522983339178,0.49246092745499215,0.0,0.2571411577378928,0.2,0.0,0.0,0.0
CYP,2011,51.0,,0.06431391,72,,0.526,,,,4,1,0,1,0,3,0.0,1.0,20,,observed,imputed,observed,observed,imputed,missing,missing,missing,observed,observed,observed,observed,observed,observed,observed,missing,0.93568609,0.4367816091954023,,0.7142857142857143,0.0,,,,,,0.5,0.0,0.0,0.5,0.0,1.0,0.7573182689463431,1.0,0.4578313253012048,,0.7868852459016393,0.0,,,,,,0.5,0.0,0.0,1.0,0.0,1.0,0.6677157233398215,0.4367816091954023,0.4905346610773525,,0.3,0.2035538401540236,0.19993472283961655,0.02767499479625413,0.5870184682448168,0.2305643031411597,0.389980999758338,0.15033100176008402,0.3641950659257678,0.3,,,
CZE,2022,,,0.08799047,83,,0.654,,,2.0,1,1,1,0,0,2,0.0,1.0,20,,imputed,imputed,observed,observed,imputed,missing,missing,carried_forward,observed,observed,observed,observed,observed,observed,observed,missing,0.91200953,,,0.8714285714285714,0.0,,,,,1.0,0.0,0.0,0.5,0.0,0.0,0.5,0.6383913724485204,1.0,,,0.8548387096774194,0.0,,,,,1.0,0.0,0.0,0.5,0.0,0.0,0.5,0.5381116821676892,,0.5032733146256972,0.5,0.2,0.0,0.2187329428105483,0.028286299363680645,0.2463000918174436,0.0,0.39978121337788713,0.17855662167362427,0.2571411577378928,0.2,,,
DEU,2010,91.0,65.5,0.11095929,84,0.575,0.847,,,,3,1,1,1,0,3,0.0,1.0,40,,imputed,imputed,observed,observed,imputed,missing,missing,missing,observed,observed,observed,observed,observed,observed,observed,missing,0.88904071,0.896551724137931,0.8222591362126246,0.8857142857142857,0.25,,0.575,,,,0.3333333333333333,0.0,0.5,0.5,0.0,1.0,0.5230194400893807,1.0,0.8857142857142857,0.7897838899803536,1.0,0.25,,0.575,,,,0.3333333333333333,0.0,0.5,1.0,0.0,1.0,0.36144719679609916,0.8594054301752778,0.5584334314509165,,0.4,0.8568817971690551,0.5242216416942382,0.018449996530836087,0.6276085012649691,0.8614760318852704,0.5642723221080933,0.10022066784005601,0.49148157841267115,0.4,,,
DEU,2018,91.0,65.5,0.11473146,86,0.575,0.837,,,,3,2,1,0,1,2,0.0,1.0,40,,observed,imputed,observed,observed,observed,missing,missing,missing,observed,observed,observed,observed,observed,observed,observed,missing,0.88526854,0.896551724137931,0.8222591362126246,0.9142857142857143,0.25,,0.575,,,,0.3333333333333333,0.5,0.5,0.0,1.0,0.5,0.5040719041651507,1.0,0.8783783783783784,0.7954110898661567,0.9473684210526315,0.25,,0.575,,,,0.3333333333333333,1.0,0.5,0.0,1.0,0.5,0.36478052783530557,0.8594054301752778,0.5608394046127163,,0.5,0.8568817971690551,0.5278755108624027,0.018449996530836087,0.39998685138493617,0.8614760318852704,0.5667662726702847,0.10022066784005601,0.4624950030340981,0.5,,,
DEU,2020,89.0,65.5,0.12690226,86,0.575,0.838,,,,3,1,0,0,1,1,0.0,1.0,40,,observed,imputed,observed,observed,imputed,missing,missing,missing,observed,observed,observed,observed,observed,observed,observed,missing,0.87309774,0.8735632183908046,0.8222591362126246,0.9142857142857143,0.25,,0.575,,,,0.3333333333333333,0.0,0.0,0.0,1.0,0.0,0.442938214478148,1.0,0.8405797101449275,0.7976989453499519,0.9032258064516129,0.25,,0.5526315789473684,,,,0.3333333333333333,0.0,0.0,0.0,1.0,0.0,0.37129576800489966,0.8479111773017146,0.5455559821909656,,0.2,0.8461684371609486,0.522482863621471,0.018449996530836087,0.15117040407034077,0.8493410685620515,0.5504955505328291,0.10022066784005601,0.13396155686684127,0.2,,,
DEU,2021,87.0,65.5,0.12901712,86,0.575,0.84,,,,3,1,0,0,1,1,0.0,1.0,40,,observed,observed,observed,observed,imputed,missing,missing,missing,observed,observed,observed,observed,observed,observed,observed,missing,0.87098288,0.8505747126436781,0.8222591362126246,0.9142857142857143,0.25,,0.575,,,,0.3333333333333333,0.0,0.0,0.0,1.0,0.0,0.43231531417813074,1.0,0.8375,0.8263772954924874,0.9047619047619048,0.25,,0.575,,,,0.3333333333333333,0.0,0.0,0.0,1.0,0.0,0.4496041571026574,0.8364169244281514,0.5429002571159612,,0.2,0.8354550771528421,0.5215458098580408,0.018449996530836087,0.15117040407034077,0.8372061052388325,0.5476682672466344,0.10022066784005601,0.13396155686684127,0.2,,,
DEU,2022,87.0,65.5,0.12605131,87,0.575,0.84,,,,3,1,0,0,1,1,0.0,1.0,40,,imputed,imputed,observed,observed,imputed,missing,missing,missing,observed,observed,observed,observed,observed,observed,observed,missing,0.87394869,0.8505747126436781,0.8222591362126246,0.9285714285714286,0.25,,0.575,,,,0.3333333333333333,0.0,0.0,0.0,1.0,0.0,0.44721251963796954,1.0,0.803030303030303,0.8263772954924874,0.9193548387096774,0.25,,0.575,,,,0.5,0.0,0.0,0.0,1.0,0.0,0.27202443809885357,0.8364169244281514,0.5501959870523495,,0.2,0.8354550771528421,0.5255225257371111,0.018449996530836087,0.15117040407034077,0.8372061052388325,0.5554015733675359,0.10022066784005601,0.13396155686684127,0.2,,,
DJI,2012,39.0,23.9,0.0329731,41,,0.246,,,,4,1,1,0,0,2,0.0,1.0,20,,observed,imputed,observed,observed,imputed,missing,missing,missing,observed,observed,observed,observed,observed,observed,observed,missing,0.9670269,0.2988505747126437,0.13122923588039864,0.2714285714285714,0.0,,,,,,0.5,0.0,0.5,0.0,0.0,0.5,0.914742542870761,1.0,0.18666666666666668,0.0,0.24615384615384617,0.0,,,,,,0.5,0.0,0.5,0.0,0.0,0.5,0.9262946824247466,0.21503990529652117,0.3953903714331108,,0.2,0.20934600291625166,0.13127993357735537,0.02767499479625413,0.2463000918174436,0.2197116636464902,0.31505851380388455,0.15033100176008402,0.2571411577378928,0.2,,,
DJI,2017,33.0,23.9,0.02468575,47,,0.271,,,,4,1,1,0,0,2,0.0,1.0,20,,observed,imputed,observed,observed,imputed,missing,missing,missing,observed,observed,observed,observed,observed,observed,observed,missing,0.97531425,0.22988505747126436,0.13122923588039864,0.35714285714285715,0.0,,,,,,0.5,0.0,0.5,0.0,0.0,0.5,0.956369739376133,1.0,0.06944444444444445,0.10291595197255574,0.3220338983050847,0.0,,,,,,0.5,0.0,1.0,0.0,0.0,0.5,0.9975582077461348,0.1805571466758315,0.43783753217299676,,0.2,0.17720592289193213,0.15092763415219868,0.02767499479625413,0.2463000918174436,0.1833067736768334,0.34874808880212094,0.15033100176008402,0.2571411577378928,0.2,,,
DJI,2018,37.0,23.9,0.02518715,49,,0.272,,,,4,2,1,1,0,3,0.0,1.0,20,,observed,imputed,observed,observed,imputed,missing,missing,missing,observed,observed,observed,observed,observed,observed,observed,missing,0.97481285,0.27586206896551724,0.13122923588039864,0.38571428571428573,0.0,,,,,,0.5,0.5,0.5,0.5,0.0,1.0,0.9538512170103831,1.0,0.14864864864864866,0.0,0.2982456140350877,0.0,,,,,,0.5,1.0,0.5,1.0,0.0,1.0,1.0,0.20354565242295794,0.4465218342415563,,0.5,0.19863264290814514,0.15603071855816364,0.02767499479625413,0.6301248567621209,0.20757670032327127,0.35561461880408,0.15033100176008402,0.5628738668420351,0.5,,,
DJI,2019,32.0,23.9,0.02406412,50,,0.277,,,,4,1,1,0,0,2,0.0,1.0,20,,observed,observed,observed,observed,imputed,missing,missing,missing,observed,observed,observed,observed,observed,observed,observed,missing,0.97593588,0.21839080459770116,0.13122923588039864,0.4,0.0,,,,,,0.5,0.0,0.5,0.0,0.0,0.5,0.9594921746737409,1.0,0.014705882352941176,0.10291595197255574,0.36666666666666664,0.0,,,,,,0.5,0.0,0.5,0.0,0.0,0.5,0.9850858889761608,0.1748100202390499,0.45316405822458034,,0.2,0.1718492428878789,0.15919093408535534,0.02767499479625413,0.2463000918174436,0.17723929201522395,0.36088437599307405,0.15033100176008402,0.2571411577378928,0.2,,,
DJI,2020,31.0,24.549999999999997,0.02322284,49,,0.278,2.0,,,4,1,1,0,0,2,0.0,1.0,20,,observed,imputed,observed,observed,imputed,carried_forward,missing,missing,observed,observed,observed,observed,observed,observed,observed,missing,0.97677716,0.20689655172413793,0.14202657807308966,0.38571428571428573,0.0,,,1.0,,,0.5,0.0,0.5,0.0,0.0,0.5,0.9637179076132261,1.0,0.0,0.01246404602109297,0.3064516129032258,0.0,,,0.0,,,0.5,0.0,0.5,0.0,0.0,0.5,1.0,0.1744615648986138,0.4498107311091706,0.75,0.2,0.17225800716573242,0.15690106651407737,0.6677550229768839,0.2463000918174436,0.1762695497572877,0.3582406369953104,0.42240433501026625,0.2571411577378928,0.2,0.329386054963274,0.329386054963274,0.5705214248110184
DJI,2021,41.0,25.2,0.02886695,47,,0.28,2.0,,,4,1,1,0,0,2,0.0,1.0,20,,observed,observed,observed,observed,imputed,carried_forward,missing,missing,observed,observed,observed,observed,observed,observed,observed,missing,0.97113305,0.3218390804597701,0.1528239202657807,0.35714285714285715,0.0,,,1.0,,,0.5,0.0,0.5,0.0,0.0,0.5,0.9353676537844468,1.0,0.2625,0.15358931552587643,0.2857142857142857,0.0,,,1.0,,,0.5,0.0,0.5,0.0,0.0,0.5,0.9727742038478088,0.2373315003627754,0.43083683697576797,0.75,0.2,0.23159025148817172,0.1490750249035228,0.6677550229768839,0.2463000918174436,0.24204210577705562,0.34315838694183826,0.42240433501026625,0.2571411577378928,0.2,0.3519166932315383,0.3519166932315383,0.6008422546473748
DJI,2022,41.0,25.2,0.0249675,48,,0.28,2.0,,,4,1,0,1,0,3,0.0,1.0,20,,imputed,imputed,observed,observed,imputed,carried_forward,missing,missing,observed,observed,observed,observed,observed,observed,observed,missing,0.9750325,0.3218390804597701,0.1528239202657807,0.37142857142857144,0.0,,,1.0,,,0.5,0.0,0.0,0.5,0.0,1.0,0.9549545146522597,1.0,0.10606060606060606,0.15358931552587643,0.2903225806451613,0.0,,,1.0,,,0.75,0.0,0.0,1.0,0.0,1.0,0.9787117425009063,0.2373315003627754,0.4421276953602771,0.75,0.3,0.23159025148817172,0.15346541869776906,0.6677550229768839,0.5870184682448168,0.24204210577705562,0.3521398441305754,0.42240433501026625,0.3641950659257678,0.3,0.3919867668356398,0.3919867668356398,0.656117063947031
DJI,2023,41.0,25.2,0.0249675,47,,,2.0,,,4,1,1,0,0,2,0.0,1.0,20,20.0,imputed,imputed,imputed,observed,imputed,carried_forward,missing,missing,observed,observed,observed,observed,observed,observed,observed,observed,0.9750325,0.3218390804597701,0.1528239202657807,0.35714285714285715,0.0,0.0,,1.0,,,0.5,0.0,0.5,0.0,0.0,0.5,0.9549545146522597,1.0,0.09230769230769231,0.013618677042801541,0.125,0.0,0.0,,1.0,,,0.5,0.0,1.0,0.0,0.0,0.5,1.0,0.2373315003627754,0.4373657905983723,0.75,0.2,0.23159025148817172,0.15080279614975567,0.6677550229768839,0.2463000918174436,0.24204210577705562,0.34837142695883794,0.42240433501026625,0.2571411577378928,0.2,0.35324242999831157,0.35324242999831157,0.4460785566425683
DNK,2012,96.0,64.4,0.10521972,81,,0.709,,,,4,1,1,0,0,2,0.0,1.0,20,,imputed,imputed,observed,observed,imputed,missing,missing,missing,observed,observed,observed,observed,observed,observed,observed,missing,0.89478028,0.9540229885057471,0.8039867109634552,0.8428571428571429,0.0,,,,,,0.5,0.0,0.5,0.0,0.0,0.5,0.5518491876258476,1.0,0.9466666666666667,0.7743785850860422,0.8615384615384616,0.0,,,,,,0.5,0.0,0.5,0.0,0.0,0.5,0.40438406645399677,0.8790048497346011,0.46490211016099686,,0.2,0.8739082914814791,0.20577374863345682,0.02767499479625413,0.2463000918174436,0.8831864965871015,0.3692111898121133,0.15033100176008402,0.2571411577378928,0.2,,,
DNK,2018,96.0,64.4,0.10097642,84,,0.696,,,,4,1,1,1,0,3,0.0,1.0,20,,observed,imputed,observed,observed,imputed,missing,missing,missing,observed,observed,observed,observed,observed,observed,observed,missing,0.89902358,0.9540229885057471,0.8039867109634552,0.8857142857142857,0.0,,,,,,0.5,0.0,0.5,0.5,0.0,1.0,0.5731632002995306,1.0,0.9459459459459459,0.7743785850860422,0.9122807017543859,0.0,,,,,,0.5,0.0,0.5,1.0,0.0,1.0,0.4623575737515039,0.8790048497346011,0.4862924953379388,,0.4,0.8739082914814791,0.2156417408409969,0.02767499479625413,0.6276085012649691,0.8831864965871015,0.3861891625326586,0.15033100176008402,0.49148157841267115,0.4,,,
DNK,2021,95.0,64.4,0.10747286,85,,0.703,,,,4,2,2,1,0,3,0.0,1.0,20,,observed,observed,observed,observed,imputed,missing,missing,missing,observed,observed,observed,observed,observed,observed,observed,missing,0.89252714,0.9425287356321839,0.8039867109634552,0.9,0.0,,,,,,0.5,0.5,1.0,0.5,0.0,1.0,0.5405317095979963,1.0,0.9375,0.8080133555926544,0.8888888888888888,0.0,,,,,,0.5,0.5,1.0,0.5,0.0,1.0,0.5621482647291315,0.8732577232978196,0.4801772365326655,,0.6,0.8685516114774259,0.2154259158554152,0.02767499479625413,0.6707148897822732,0.8771190149254919,0.381272713457095,0.15033100176008402,0.6901603793289385,0.6,,,
DOM,2015,72.0,,0.04722168,75,,0.479,,,,1,1,1,0,0,2,0.0,1.0,100,,observed,imputed,observed,observed,imputed,missing,missing,missing,observed,observed,observed,observed,observed,observed,observed,missing,0.95277832,0.6781609195402298,,0.7571428571428571,1.0,,,,,,0.0,0.0,0.5,0.0,0.0,0.5,0.8431722049964688,1.0,0.6142857142857143,,0.746031746031746,1.0,,,,,,0.0,0.0,0.5,0.0,0.0,0.5,0.8019918183335313,0.6781609195402298,0.8667716873797753,,0.2,0.31604412023914186,0.5358193847026684,0.0,0.2463000918174436,0.3579814180349584,0.6667705196671808,0.0,0.2571411577378928,0.2,,,
DOM,2017,55.0,,0.0449337,73,,0.489,,,,1,1,1,0,0,2,0.0,1.0,100,,observed,imputed,observed,observed,imputed,missing,missing,missing,observed,observed,observed,observed,observed,observed,observed,missing,0.9550663,0.4827586206896552,,0.7285714285714285,1.0,,,,,,0.0,0.0,0.5,0.0,0.0,0.5,0.8546646836609834,1.0,0.375,,0.7627118644067796,1.0,,,,,,0.0,0.0,1.0,0.0,0.0,0.5,0.8561559841892817,0.4827586206896552,0.8610787040774707,,0.2,0.22498056017023663,0.5315078995102065,0.0,0.2463000918174436,0.25483422978759757,0.6622924067582917,0.0,0.2571411577378928,0.2,,,
DOM,2018,48.0,,0.04126016,72,,0.494,,,,1,1,0,1,0,3,0.0,1.0,100,,observed,imputed,observed,observed,imputed,missing,missing,missing,observed,observed,observed,observed,observed,observed,observed,missing,0.95873984,0.40229885057471265,,0.7142857142857143,1.0,,,,,,0.0,0.0,0.0,0.5,0.0,1.0,0.8731168030297011,1.0,0.2972972972972973,,0.7017543859649122,1.0,,,,,,0.0,0.0,0.0,1.0,0.0,1.0,0.8859794784470635,0.40229885057471265,0.8624675057718051,,0.3,0.18748380014186383,0.5304729518352872,0.0,0.5870184682448168,0.2123618581563313,0.6634350183275431,0.0,0.3641950659257678,0.3,,,
DOM,2022,48.0,,0.04572548,78,,0.497,,,,1,1,1,0,0,2,0.0,1.0,100,,imputed,imputed,observed,observed,imputed,missing,missing,missing,observed,observed,observed,observed,observed,observed,observed,missing,0.95427452,0.40229885057471265,,0.8,1.0,,,,,,0.0,0.0,0.5,0.0,0.0,0.5,0.8506875882506261,1.0,0.21212121212121213,,0.7741935483870968,1.0,,,,,,0.0,0.0,0.5,0.0,0.0,0.5,0.8335905709598683,0.40229885057471265,0.8835625294168753,,0.2,0.18748380014186383,0.5444701897708617,0.0,0.2463000918174436,0.2123618581563313,0.6800759892832626,0.0,0.2571411577378928,0.2,,,
DZA,2016,73.0,26.2,0.06000797,72,0.65,0.552,,,,1,1,1,0,0,2,0.0,1.0,20,,observed,imputed,observed,observed,imputed,missing,missing,missing,observed,observed,observed,observed,observed,observed,observed,missing,0.93999203,0.6896551724137931,0.16943521594684383,0.7142857142857143,0.0,,0.65,,,,0.0,0.0,0.5,0.0,0.0,0.5,0.7789469211114307,1.0,0.625,0.1423670668953688,0.7424242424242424,0.0,,0.65,,,,0.0,0.0,0.5,0.0,0.0,0.5,0.7433515399249301,0.4295451941803185,0.5358081588492862,,0.2,0.4118739258977324,0.46514599174296634,0.0,0.2463000918174436,0.4440441949542097,0.5435648138794729,0.0,0.2571411577378928,0.2,,,
DZA,2021,77.0,26.2,0.05011057,69,0.65,0.533,,,,1,1,1,0,0,2,0.0,1.0,20,,observed,observed,observed,observed,observed,missing,missing,missing,observed,observed,observed,observed,observed,observed,observed,missing,0.94988943,0.735632183908046,0.16943521594684383,0.6714285714285714,0.0,,0.65,,,,0.0,0.0,0.5,0.0,0.0,0.5,0.8286613671879534,1.0,0.7125,0.1702838063439065,0.6349206349206349,0.0,,0.65,,,,0.0,0.0,0.5,0.0,0.0,0.5,0.861800596230006,0.4525336999274449,0.5375224846541312,,0.2,0.4333006459139454,0.4615434715536867,0.0,0.2463000918174436,0.46831412160064756,0.5454910545655334,0.0,0.2571411577378928,0.2,,,
ECU,2010,73.0,,0.06349257,71,,0.505,,,,1,2,2,1,0,3,0.0,1.0,80,,imputed,imputed,observed,observed,imputed,missing,missing,missing,observed,observed,observed,observed,observed,observed,observed,missing,0.93650743,0.6896551724137931,,0.7,0.75,,,,,,0.0,0.5,1.0,0.5,0.0,1.0,0.7614438436569227,1.0,0.6285714285714286,,0.7903225806451613,0.75,,,,,,0.0,1.0,1.0,1.0,0.0,1.0,0.6977674712104619,0.6896551724137931,0.7371479478856409,,0.6,0.3214008002431952,0.43787868728524987,0.0,0.6707148897822732,0.36404889969656795,0.5692862960207762,0.0,0.6901603793289385,0.6,,,
ECU,2018,73.0,,0.0783214,79,,0.522,,,,1,1,1,1,0,3,0.0,1.0,80,,observed,imputed,observed,observed,imputed,missing,missing,missing,observed,observed,observed,observed,observed,observed,observed,missing,0.9216786,0.6896551724137931,,0.8142857142857143,0.75,,,,,,0.0,0.0,0.5,0.5,0.0,1.0,0.6869589214134125,1.0,0.6351351351351351,,0.8245614035087719,0.75,,,,,,0.0,0.0,0.5,1.0,0.0,1.0,0.6230702962715677,0.6896551724137931,0.7504148785663757,,0.4,0.3214008002431952,0.452609298491838,0.0,0.6276085012649691,0.36404889969656795,0.5796094827592563,0.0,0.49148157841267115,0.4,,,
ECU,2023,73.0,,0.0783214,78,,,2.0,,,1,1,0,1,0,3,0.0,1.0,80,80.0,imputed,imputed,imputed,observed,imputed,carried_forward,missing,missing,observed,observed,observed,observed,observed,observed,observed,observed,0.9216786,0.6896551724137931,,0.8,0.75,0.75,,1.0,,,0.0,0.0,0.0,0.5,0.0,1.0,0.6869589214134125,1.0,0.5846153846153846,,0.7708333333333334,0.75,0.75,,1.0,,,0.0,0.0,0.0,1.0,0.0,1.0,0.6188841085218717,0.6896551724137931,0.7456529738044709,0.5,0.3,0.3214008002431952,0.44994667594382465,0.6400800281806298,0.5870184682448168,0.36404889969656795,0.5758410655875188,0.27207333325018224,0.3641950659257678,0.3,0.5270053241587068,0.5270053241587068,0.6655083149121933
EGY,2010,83.0,,0.04153192,74,,0.574,,,,1,1,1,1,0,3,0.0,1.0,20,,imputed,imputed,observed,observed,imputed,missing,missing,missing,observed,observed,observed,observed,observed,observed,observed,missing,0.9584680800000001,0.8045977011494253,,0.7428571428571429,0.0,,,,,,0.0,0.0,0.5,0.5,0.0,1.0,0.8717517578798887,1.0,0.7714285714285715,,0.8387096774193549,0.0,,,,,,0.0,0.0,0.5,1.0,0.0,1.0,0.8533672647988492,0.8045977011494253,0.5382029669123439,,0.4,0.37496760028372766,0.21535422924274183,0.0,0.6276085012649691,0.4247237163126626,0.42797428963705225,0.0,0.49148157841267115,0.4,,,
EGY,2011,83.0,,0.04357076,74,,0.575,,,,1,1,1,0,0,2,0.0,1.0,20,,observed,imputed,observed,observed,imputed,missing,missing,missing,observed,observed,observed,observed,observed,observed,observed,missing,0.95642924,0.8045977011494253,,0.7428571428571429,0.0,,,,,,0.0,0.0,0.5,0.0,0.0,0.5,0.8615107045488459,1.0,0.8433734939759037,,0.819672131147541,0.0,,,,,,0.0,0.0,1.0,0.0,0.0,0.5,0.8103779169352062,0.8045977011494253,0.534789282468663,,0.2,0.37496760028372766,0.21445085847823153,0.0,0.2463000918174436,0.4247237163126626,0.4252486348631071,0.0,0.2571411577378928,0.2,,,
EGY,2013,88.0,,0.04671004,74,,0.573,,,,1,1,1,0,0,2,0.0,1.0,20,,observed,imputed,observed,observed,imputed,missing,missing,missing,observed,observed,observed,observed,observed,observed,observed,missing,0.95328996,0.8620689655172413,,0.7428571428571429,0.0,,,,,,0.0,0.0,0.5,0.0,0.0,0.5,0.8457421626813754,1.0,0.8571428571428571,,0.7551020408163265,0.0,,,,,,0.0,0.0,0.5,0.0,0.0,0.5,0.8338563353249708,0.8620689655172413,0.5295331018461727,,0.2,0.4017510003039939,0.2130599039287761,0.0,0.2463000918174436,0.4550611246207099,0.42105183986264116,0.0,0.2571411577378928,0.2,,,
ERI,2011,45.0,,0.0516229,39,,0.224,,,,1,1,1,0,0,2,0.0,1.0,100,,observed,imputed,observed,observed,imputed,missing,missing,missing,observed,observed,observed,observed,observed,observed,observed,missing,0.9483771,0.367816091954023,,0.24285714285714285,1.0,,,,,,0.0,0.0,0.5,0.0,0.0,0.5,0.8210649632601632,1.0,0.3855421686746988,,0.2459016393442623,1.0,,,,,,0.0,0.0,1.0,0.0,0.0,0.5,0.7549988662347513,0.367816091954023,0.6879740353724353,,0.2,0.17141376012970408,0.43801487709801357,0.0,0.2463000918174436,0.1941594131715029,0.5252236624858967,0.0,0.2571411577378928,0.2,,,
ERI,2014,70.0,,0.03914323,39,,0.224,,,,1,1,1,0,0,2,0.0,1.0,100,,observed,imputed,observed,observed,imputed,missing,missing,missing,observed,observed,observed,observed,observed,observed,observed,missing,0.96085677,0.6551724137931034,,0.24285714285714285,1.0,,,,,,0.0,0.0,0.5,0.0,0.0,0.5,0.8837501008991187,1.0,0.6341463414634146,,0.15254237288135594,1.0,,,,,,0.0,0.0,0.5,0.0,0.0,0.5,0.8634974527853976,0.6551724137931034,0.7088690812520871,,0.2,0.3053307602310354,0.4435443786914371,0.0,0.2463000918174436,0.3458464547117395,0.5419073022579036,0.0,0.2571411577378928,0.2,,,
ERI,2020,57.0,,0.04310467,41,,0.241,,2.0,,1,1,1,0,0,2,0.0,1.0,100,,observed,imputed,observed,observed,imputed,missing,carried_forward,missing,observed,observed,observed,observed,observed,observed,observed,missing,0.95689533,0.5057471264367817,,0.2714285714285714,1.0,,,,1.0,,0.0,0.0,0.5,0.0,0.0,0.5,0.8638518654771514,1.0,0.37681159420289856,,0.1774193548387097,1.0,,,,0.0,,0.0,0.0,0.5,0.0,0.0,0.5,0.8794380730447071,0.5057471264367817,0.711760145635241,0.5,0.2,0.23569392017834315,0.44711438596528974,0.27628368286318133,0.2463000918174436,0.2669691931108165,0.5441482242945291,0.24870804162754795,0.2571411577378928,0.2,0.43557883857926144,0.43557883857926144,0.7310535630667013
ESP,2010,,,0.09118913,78,,0.782,,,,1,1,1,0,0,2,0.0,1.0,100,,imputed,imputed,observed,observed,imputed,missing,missing,missing,observed,observed,observed,observed,observed,observed,observed,missing,0.90881087,,,0.8,1.0,,,,,,0.0,0.0,0.5,0.0,0.0,0.5,0.6223245660057046,1.0,,,0.9032258064516129,1.0,,,,,,0.0,0.0,0.5,0.0,0.0,0.5,0.5015265120809109,,0.8074415220019016,,0.2,0.0,0.5243261214487146,0.0,0.2463000918174436,0.0,0.6192972059243602,0.0,0.2571411577378928,0.2,,,
EST,2010,73.0,55.5,0.06594338,74,0.925,0.512,,,,1,1,1,0,0,2,0.0,1.0,100,,imputed,imputed,observed,observed,imputed,missing,missing,missing,observed,observed,observed,observed,observed,observed,observed,missing,0.93405662,0.6896551724137931,0.6561461794019934,0.7428571428571429,1.0,,0.925,,,,0.0,0.0,0.5,0.0,0.0,0.5,0.7491334730960882,1.0,0.6285714285714286,0.593320235756385,0.8387096774193549,1.0,,0.925,,,,0.0,0.0,0.5,0.0,0.0,0.5,0.6804025239013267,0.6729006759078933,0.8542476539883077,,0.2,0.6717624142975307,0.8995625149396681,0.0,0.2463000918174436,0.6738346019197885,0.848343401169516,0.0,0.2571411577378928,0.2,,,
EST,2015,73.0,55.5,0.0664135,77,0.925,0.505,,,,1,1,1,1,0,3,0.0,1.0,100,,observed,imputed,observed,observed,observed,missing,missing,missing,observed,observed,observed,observed,observed,observed,observed,missing,0.9335865,0.6896551724137931,0.6561461794019934,0.7857142857142857,1.0,,0.925,,,,0.0,0.0,0.5,0.5,0.0,1.0,0.7467720695568258,1.0,0.6285714285714286,0.6521008403361344,0.7777777777777778,1.0,,0.925,,,,0.0,0.0,0.5,1.0,0.0,1.0,0.6711038416104224,0.6729006759078933,0.8643715888177779,,0.4,0.6717624142975307,0.9073420814596319,0.0,0.6276085012649691,0.6738346019197885,0.8590201654947934,0.0,0.49148157841267115,0.4,,,
EST,2016,71.0,55.5,0.0670241,77,0.925,0.503,,,,1,1,1,0,0,2,0.0,1.0,100,,observed,imputed,observed,observed,observed,missing,missing,missing,observed,observed,observed,observed,observed,observed,observed,missing,0.9329759,0.6666666666666666,0.6561461794019934,0.7857142857142857,1.0,,0.925,,,,0.0,0.0,0.5,0.0,0.0,0.5,0.7437050377328797,1.0,0.5972222222222222,0.6449399656946827,0.8181818181818182,1.0,,0.925,,,,0.0,0.0,0.5,0.0,0.0,0.5,0.6950171209932897,0.66140642303433,0.8636048308617914,,0.2,0.6610490542894241,0.907071536351232,0.0,0.2463000918174436,0.6616996385965696,0.8582038754450736,0.0,0.2571411577378928,0.2,,,
EST,2021,74.0,55.5,0.07478603,79,0.925,0.531,2.0,,,1,1,0,1,0,3,0.0,1.0,100,,observed,observed,observed,observed,imputed,carried_forward,missing,missing,observed,observed,observed,observed,observed,observed,observed,missing,0.9252139699999999,0.7011494252873564,0.6561461794019934,0.8142857142857143,1.0,,0.925,1.0,,,0.0,0.0,0.0,0.5,0.0,1.0,0.7047170155821387,1.0,0.675,0.6594323873121869,0.7936507936507936,1.0,,0.925,1.0,,,0.0,0.0,0.0,0.5,0.0,1.0,0.7328995513125769,0.6786478023446749,0.8610006824669632,0.5,0.3,0.6771190943015839,0.9089576196502689,0.6400800281806298,0.5870184682448168,0.679902083581398,0.8553640536705955,0.27207333325018224,0.3641950659257678,0.3,0.5441076104678758,0.5441076104678758,0.7706884755878989
ETH,2011,70.0,,0.04468977,24,,0.379,,,,1,1,1,0,0,2,0.0,1.0,100,,observed,imputed,observed,observed,imputed,missing,missing,missing,observed,observed,observed,observed,observed,observed,observed,missing,0.95531023,0.6551724137931034,,0.02857142857142857,1.0,,,,,,0.0,0.0,0.5,0.0,0.0,0.5,0.855889939266642,1.0,0.6867469879518072,,0.0,1.0,,,,,,0.0,0.0,1.0,0.0,0.0,0.5,0.8026818620324957,0.6551724137931034,0.6281537892793568,,0.2,0.3053307602310354,0.4011474753458777,0.0,0.2463000918174436,0.3458464547117395,0.47796606693475174,0.0,0.2571411577378928,0.2,,,
ETH,2016,79.0,,0.03600338,30,,0.427,,,,1,1,1,1,0,3,0.0,1.0,100,,observed,imputed,observed,observed,imputed,missing,missing,missing,observed,observed,observed,observed,observed,observed,observed,missing,0.96399662,0.7586206896551724,,0.11428571428571428,1.0,,,,,,0.0,0.0,0.5,0.5,0.0,1.0,0.8995215058654094,1.0,0.7083333333333334,,0.10606060606060606,1.0,,,,,,0.0,0.0,0.5,1.0,0.0,1.0,0.9087201846538997,0.7586206896551724,0.671269073383708,,0.4,0.3535408802675147,0.420971982864802,0.0,0.6276085012649691,0.4004537896662247,0.5121891047260444,0.0,0.49148157841267115,0.4,,,
ETH,2020,67.0,,0.03480963,30,,0.446,,,,1,1,1,0,0,2,0.0,1.0,100,,observed,imputed,observed,observed,imputed,missing,missing,missing,observed,observed,observed,observed,observed,observed,observed,missing,0.96519037,0.6206896551724138,,0.11428571428571428,1.0,,,,,,0.0,0.0,0.5,0.0,0.0,0.5,0.9055176887016945,1.0,0.5217391304347826,,0.0,1.0,,,,,,0.0,0.0,0.5,0.0,0.0,0.5,0.9297385738824682,0.6206896551724138,0.673267800995803,,0.2,0.28926072021887567,0.421500910514904,0.0,0.2463000918174436,0.32764400972691116,0.5137849878686142,0.0,0.2571411577378928,0.2,,,
ETH,2022,67.0,,0.02852746,31,,0.449,2.0,,,1,1,1,0,0,2,0.0,1.0,100,,imputed,imputed,observed,observed,imputed,carried_forward,missing,missing,observed,observed,observed,observed,observed,observed,observed,missing,0.97147254,0.6206896551724138,,0.12857142857142856,1.0,,,1.0,,,0.0,0.0,0.5,0.0,0.0,0.5,0.9370729053958314,1.0,0.5,,0.016129032258064516,1.0,,,1.0,,,0.0,0.0,0.5,0.0,0.0,0.5,0.9538236962729388,0.6206896551724138,0.68854811132242,0.5,0.2,0.28926072021887567,0.4269470416833503,0.6400800281806298,0.2463000918174436,0.32764400972691116,0.5259518211255934,0.27207333325018224,0.2571411577378928,0.2,0.4546761769278732,0.4546761769278732,0.6784467541342494
FIN,2016,94.0,,0.0937796,86,0.75,0.67,,,,1,1,1,1,0,3,0.0,1.0,20,,imputed,imputed,observed,observed,observed,missing,missing,missing,observed,observed,observed,observed,observed,observed,observed,missing,0.9062204,0.9310344827586207,,0.9142857142857143,0.0,,0.75,,,,0.0,0.0,0.5,0.5,0.0,1.0,0.6093126860041033,1.0,0.9166666666666666,,0.9545454545454546,0.0,,0.75,,,,0.0,0.0,0.5,1.0,0.0,1.0,0.5106973398995098,0.9310344827586207,0.5683996000724544,,0.4,0.43389108032831347,0.5279673619399813,0.0,0.6276085012649691,0.4914660145903667,0.5739171981042115,0.0,0.49148157841267115,0.4,,,
FIN,2018,94.0,,0.09045142,86,0.75,0.67,,,,1,1,1,0,0,2,0.0,1.0,20,,observed,imputed,observed,observed,observed,missing,missing,missing,observed,observed,observed,observed,observed,observed,observed,missing,0.90954858,0.9310344827586207,,0.9142857142857143,0.0,,0.75,,,,0.0,0.0,0.5,0.0,0.0,0.5,0.6260300688665682,1.0,0.918918918918919,,0.9473684210526315,0.0,,0.75,,,,0.0,0.0,0.5,0.0,0.0,0.5,0.5370209995407407,0.9310344827586207,0.5725789457880706,,0.2,0.43389108032831347,0.5294420144438696,0.0,0.2463000918174436,0.4914660145903667,0.5783665269900232,0.0,0.2571411577378928,0.2,,,
FJI,2013,95.0,25.8,0.03200407,71,0.0,0.32,,,,1,1,1,0,0,2,0.0,1.0,20,,observed,imputed,observed,observed,imputed,missing,missing,missing,observed,observed,observed,observed,observed,observed,observed,missing,0.96799593,0.9425287356321839,0.16279069767441862,0.7,0.0,,0.0,,,,0.0,0.0,0.5,0.0,0.0,0.5,0.9196099615546102,1.0,0.9404761904761905,0.011764705882352969,0.6938775510204082,0.0,,0.0,,,,0.0,0.0,0.5,0.0,0.0,0.5,0.9422296141605677,0.5526597166533013,0.40490249038865256,,0.2,0.5261729202749613,0.21158796856081685,0.0,0.2463000918174436,0.5743917211073575,0.42940649169246414,0.0,0.2571411577378928,0.2,,,
FJI,2014,98.0,25.8,0.03368605,71,0.0,0.327,,,,1,1,0,1,0,3,0.0,1.0,20,,observed,imputed,observed,observed,imputed,missing,missing,missing,observed,observed,observed,observed,observed,observed,observed,missing,0.96631395,0.9770114942528736,0.16279069767441862,0.7,0.0,,0.0,,,,0.0,0.0,0.0,0.5,0.0,1.0,0.9111614090042648,1.0,0.975609756097561,0.03632887189292547,0.6949152542372882,0.0,,0.0,,,,0.0,0.0,0.0,1.0,0.0,1.0,0.9018714826724151,0.5699010959636461,0.4027903522510662,,0.3,0.5422429602871212,0.21084271559418338,0.0,0.5870184682448168,0.5925941660921858,0.42715791072648346,0.0,0.3641950659257678,0.3,,,
FJI,2016,86.33333333333333,25.8,0.03279797,70,0.0,0.325,,,,1,1,1,0,0,2,0.0,1.0,20,,imputed,imputed,observed,observed,observed,missing,missing,missing,observed,observed,observed,observed,observed,observed,observed,missing,0.96720203,0.8429118773946359,0.16279069767441862,0.6857142857142857,0.0,,0.0,,,,0.0,0.0,0.5,0.0,0.0,0.5,0.9156222174258343,1.0,0.8101851851851851,0.13550600343053176,0.7121212121212122,0.0,,0.0,,,,0.0,0.0,0.5,0.0,0.0,0.5,0.9308023909111488,0.5028512875345272,0.40033412578503,,0.2,0.47974836023983314,0.20857358420219324,0.0,0.2463000918174436,0.5218068800400754,0.42457673703223586,0.0,0.2571411577378928,0.2,,,
FJI,2017,74.66666666666667,25.8,0.03186896,70,0.0,0.33,,,,1,1,1,1,0,3,0.0,1.0,20,,imputed,imputed,observed,observed,observed,missing,missing,missing,observed,observed,observed,observed,observed,observed,observed,missing,0.96813104,0.7088122605363986,0.16279069767441862,0.6857142857142857,0.0,,0.0,,,,0.0,0.0,0.5,0.5,0.0,1.0,0.9202886164346195,1.0,0.6481481481481483,0.13550600343053176,0.711864406779661,0.0,,0.0,,,,0.0,0.0,1.0,1.0,0.0,1.0,0.9473940248893112,0.43580147910540856,0.40150072553722627,,0.4,0.4172537601925453,0.2089852106534781,0.0,0.6276085012649691,0.45101959398796504,0.42581869841299286,0.0,0.49148157841267115,0.4,,,
FJI,2018,63.0,25.8,0.04105726,69,0.0,0.336,,,,1,1,1,0,0,2,0.0,1.0,20,,observed,imputed,observed,observed,observed,missing,missing,missing,observed,observed,observed,observed,observed,observed,observed,missing,0.95894274,0.5747126436781609,0.16279069767441862,0.6714285714285714,0.0,,0.0,,,,0.0,0.0,0.5,0.0,0.0,0.5,0.8741359657501051,1.0,0.5,0.03632887189292547,0.6491228070175439,0.0,,0.0,,,,0.0,0.0,0.5,0.0,0.0,0.5,0.8874188332302119,0.3687516706762898,0.3863911342946691,,0.2,0.35475916014525727,0.20225142921337438,0.0,0.2463000918174436,0.38023230793585455,0.4097667603374871,0.0,0.2571411577378928,0.2,,,
FJI,2020,58.5,25.8,0.05289874,69,0.975,0.32,,,,1,1,1,0,0,2,0.0,1.0,20,,imputed,imputed,observed,observed,observed,missing,missing,missing,observed,observed,observed,observed,observed,observed,observed,missing,0.94710126,0.5229885057471264,0.16279069767441862,0.6714285714285714,0.0,,0.975,,,,0.0,0.0,0.5,0.0,0.0,0.5,0.814656443963957,1.0,0.39855072463768115,0.036433365292425725,0.6290322580645161,0.0,,0.9736842105263158,,,,0.0,0.0,0.5,0.0,0.0,0.5,0.8200475666408682,0.34288960171077254,0.6152712538481321,,0.2,0.3306541001270176,0.5919597819684816,0.0,0.2463000918174436,0.35292864045861194,0.61567732222834,0.0,0.2571411577378928,0.2,,,
FJI,2021,54.0,25.8,0.07060847,69,0.975,0.319,,,,1,1,1,1,0,3,0.0,1.0,20,,observed,observed,observed,observed,observed,missing,missing,missing,observed,observed,observed,observed,observed,observed,observed,missing,0.92939153,0.47126436781609193,0.16279069767441862,0.6714285714285714,0.0,,0.975,,,,0.0,0.0,0.5,0.5,0.0,1.0,0.7257008175252185,1.0,0.425,0.16360601001669448,0.6349206349206349,0.0,,0.975,,,,0.0,0.0,0.5,0.5,0.0,1.0,0.7547225223617593,0.3170275327452553,0.5930323472384474,,0.4,0.306549040108778,0.5841129414467291,0.0,0.6276085012649691,0.3256249729813694,0.5920017958899432,0.0,0.49148157841267115,0.4,,,
FRA,2010,78.0,62.6,0.11225602,79,0.6,0.836,,,,4,1,1,0,0,2,0.0,1.0,20,,imputed,imputed,observed,observed,imputed,missing,missing,missing,observed,observed,observed,observed,observed,observed,observed,missing,0.88774398,0.7471264367816092,0.7740863787375415,0.8142857142857143,0.0,,0.6,,,,0.5,0.0,0.5,0.0,0.0,0.5,0.5165059907329025,1.0,0.7,0.7328094302554026,0.9193548387096774,0.0,,0.6,,,,0.5,0.0,0.5,0.0,0.0,0.5,0.3522593576228568,0.7606064077595753,0.48269792625465424,,0.2,0.7615222057047787,0.44038013728466796,0.02767499479625413,0.2463000918174436,0.7598550098679591,0.48872378595430477,0.15033100176008402,0.2571411577378928,0.2,,,
FRA,2011,78.0,62.6,0.11184976,81,0.6,0.835,,,,4,1,1,0,0,2,0.0,1.0,20,,observed,imputed,observed,observed,imputed,missing,missing,missing,observed,observed,observed,observed,observed,observed,observed,missing,0.88815024,0.7471264367816092,0.7740863787375415,0.8428571428571429,0.0,,0.6,,,,0.5,0.0,0.5,0.0,0.0,0.5,0.5185466267446882,1.0,0.7831325301204819,0.7142857142857143,0.9344262295081968,0.0,,0.6,,,,0.5,0.0,1.0,0.0,0.0,0.5,0.3407852120422993,0.7606064077595753,0.49035094240045773,,0.2,0.7615222057047787,0.4458853883678197,0.02767499479625413,0.2463000918174436,0.7598550098679591,0.4968037352594554,0.15033100176008402,0.2571411577378928,0.2,,,
FRA,2012,81.0,62.6,0.112974,81,0.6,0.829,,,,4,1,1,0,0,2,0.0,1.0,20,,observed,imputed,observed,observed,imputed,missing,missing,missing,observed,observed,observed,observed,observed,observed,observed,missing,0.887026,0.7816091954022989,0.7740863787375415,0.8428571428571429,0.0,,0.6,,,,0.5,0.0,0.5,0.0,0.0,0.5,0.5128995912750629,1.0,0.7466666666666667,0.739961759082218,0.8615384615384616,0.0,,0.6,,,,0.5,0.0,0.5,0.0,0.0,0.5,0.34836703685164766,0.7778477870699202,0.48893918353305144,,0.2,0.7775922457169384,0.44538725926092904,0.02767499479625413,0.2463000918174436,0.7780574548527874,0.4953007776349925,0.15033100176008402,0.2571411577378928,0.2,,,
FRA,2013,85.0,62.6,0.11395911,82,0.6,0.829,,,,4,1,1,0,0,2,0.0,1.0,20,,observed,imputed,observed,observed,imputed,missing,missing,missing,observed,observed,observed,observed,observed,observed,observed,missing,0.88604089,0.8275862068965517,0.7740863787375415,0.8571428571428571,0.0,,0.6,,,,0.5,0.0,0.5,0.0,0.0,0.5,0.5079514030665997,1.0,0.8214285714285714,0.7333333333333334,0.9183673469387755,0.0,,0.6,,,,0.5,0.0,0.5,0.0,0.0,0.5,0.3382751383998715,0.8008362928170466,0.4912735650523642,,0.2,0.7990189657331515,0.44761339852735743,0.02767499479625413,0.2463000918174436,0.8023273814992252,0.4977522352736813,0.15033100176008402,0.2571411577378928,0.2,,,
FRA,2014,86.0,62.6,0.11525314,82,0.6,0.826,,,,4,1,1,0,0,2,0.0,1.0,20,,observed,imputed,observed,observed,imputed,missing,missing,missing,observed,observed,observed,observed,observed,observed,observed,missing,0.88474686,0.8390804597701149,0.7740863787375415,0.8571428571428571,0.0,,0.6,,,,0.5,0.0,0.5,0.0,0.0,0.5,0.501451515757165,1.0,0.8292682926829268,0.739961759082218,0.8813559322033898,0.0,,0.6,,,,0.6,0.0,0.5,0.0,0.0,0.5,0.32830455809652015,0.8065834192538281,0.48964859322500554,,0.2,0.8043756457372047,0.44704003873924303,0.02767499479625413,0.2463000918174436,0.8083948631608346,0.4960222912628084,0.15033100176008402,0.2571411577378928,0.2,,,
FRA,2015,89.0,62.6,0.11439855,82,0.6,0.819,,,,4,2,2,0,0,2,0.0,1.0,20,,observed,imputed,observed,observed,observed,missing,missing,missing,observed,observed,observed,observed,observed,observed,observed,missing,0.88560145,0.8735632183908046,0.7740863787375415,0.8571428571428571,0.0,,0.6,,,,0.5,0.5,1.0,0.0,0.0,0.5,0.5057441045655929,1.0,0.8571428571428571,0.7714285714285716,0.8571428571428571,0.0,,0.6,,,,0.5,1.0,1.0,0.0,0.0,0.5,0.34384638987019017,0.8238247985641731,0.4907217404271125,,0.4,0.8204456857493645,0.44741869112081434,0.02767499479625413,0.28940648033474775,0.8265973081456631,0.4971647631160513,0.15033100176008402,0.45581995865416014,0.4,,,
FRA,2016,89.0,62.6,0.1149049,82,0.625,0.816,,,,4,1,1,0,0,2,0.0,1.0,20,,observed,imputed,observed,observed,observed,missing,missing,missing,observed,observed,observed,observed,observed,observed,observed,missing,0.8850951,0.8735632183908046,0.7740863787375415,0.8571428571428571,0.0,,0.625,,,,0.5,0.0,0.5,0.0,0.0,0.5,0.5032007184469307,1.0,0.8472222222222222,0.7667238421955404,0.8939393939393939,0.0,,0.625,,,,0.5,0.0,0.5,0.0,0.0,0.5,0.3651642468330211,0.8238247985641731,0.4963358938974469,,0.2,0.8204456857493645,0.4573213906333825,0.02767499479625413,0.2463000918174436,0.8265973081456631,0.5021735086621792,0.15033100176008402,0.2571411577378928,0.2,,,
FRA,2017,89.0,62.6,0.11370638,82,0.65,0.814,,,,4,1,1,0,0,2,0.0,1.0,20,,observed,imputed,observed,observed,observed,missing,missing,missing,observed,observed,observed,observed,observed,observed,observed,missing,0.88629362,0.8735632183908046,0.7740863787375415,0.8571428571428571,0.0,,0.65,,,,0.5,0.0,0.5,0.0,0.0,0.5,0.509220860899659,1.0,0.8472222222222222,0.7667238421955404,0.9152542372881356,0.0,,0.65,,,,0.5,0.0,1.0,0.0,0.0,0.5,0.3758797156305432,0.8238247985641731,0.5040909295106291,,0.2,0.8204456857493645,0.4679794852310435,0.02767499479625413,0.2463000918174436,0.8265973081456631,0.5094614360246612,0.15033100176008402,0.2571411577378928,0.2,,,
FRA,2018,82.0,62.6,0.11210338,81,0.65,0.816,,,,4,1,1,0,0,2,0.0,1.0,20,,observed,imputed,observed,observed,observed,missing,missing,missing,observed,observed,observed,observed,observed,observed,observed,missing,0.88789662,0.7931034482758621,0.7740863787375415,0.8428571428571429,0.0,,0.65,,,,0.5,0.0,0.5,0.0,0.0,0.5,0.5172726984590854,1.0,0.7567567567567568,0.739961759082218,0.8596491228070176,0.0,,0.65,,,,0.5,0.0,0.5,0.0,0.0,0.5,0.38342389658097586,0.7835949135067017,0.5025324603290571,,0.2,0.7829489257209917,0.46602712113171174,0.02767499479625413,0.2463000918174436,0.7841249365143969,0.5078360141848939,0.15033100176008402,0.2571411577378928,0.2,,,
FRA,2019,82.0,62.6,0.11099384,81,0.65,0.816,,,,4,1,1,0,0,2,0.0,1.0,20,,observed,observed,observed,observed,observed,missing,missing,missing,observed,observed,observed,observed,observed,observed,observed,missing,0.88900616,0.7931034482758621,0.7740863787375415,0.8428571428571429,0.0,,0.65,,,,0.5,0.0,0.5,0.0,0.0,0.5,0.5228458961170301,1.0,0.75,0.7667238421955404,0.8833333333333333,0.0,,0.65,,,,0.5,0.0,0.5,0.0,0.0,0.5,0.3843549477846824,0.7835949135067017,0.5039257597435433,,0.2,0.7829489257209917,0.46651873695151835,0.02767499479625413,0.2463000918174436,0.7841249365143969,0.5093193198870984,0.15033100176008402,0.2571411577378928,0.2,,,
FRA,2020,83.0,62.25,0.12072268,82,0.65,0.815,,,,4,1,1,0,0,2,0.0,1.0,20,,observed,imputed,observed,observed,observed,missing,missing,missing,observed,observed,observed,observed,observed,observed,observed,missing,0.87927732,0.8045977011494253,0.7682724252491694,0.8571428571428571,0.0,,0.65,,,,0.5,0.0,0.5,0.0,0.0,0.5,0.4739781236144424,1.0,0.7536231884057971,0.735378715244487,0.8387096774193549,0.0,,0.631578947368421,,,,0.5,0.0,0.5,0.0,0.0,0.5,0.4087682779586815,0.7864350631992973,0.4952802451893249,,0.2,0.7852011357270952,0.46487069773666767,0.02767499479625413,0.2463000918174436,0.7874474815740284,0.5000815868994575,0.15033100176008402,0.2571411577378928,0.2,,,
FRA,2021,86.0,61.9,0.12292294,82,0.65,0.819,,,,4,2,2,0,0,2,0.0,1.0,20,,observed,observed,observed,observed,observed,missing,missing,missing,observed,observed,observed,observed,observed,observed,observed,missing,0.87707706,0.8390804597701149,0.7624584717607973,0.8571428571428571,0.0,,0.65,,,,0.5,0.5,1.0,0.0,0.0,0.5,0.4629262607894245,1.0,0.825,0.7662771285475792,0.8412698412698413,0.0,,0.65,,,,0.5,0.5,1.0,0.0,0.0,0.5,0.48143927466135283,0.800769465765456,0.49251727948307045,,0.4,0.7981667057413051,0.46389580487684473,0.02767499479625413,0.28940648033474775,0.8029049899568789,0.49714013530300055,0.15033100176008402,0.45581995865416014,0.4,,,
FRA,2022,86.0,61.9,0.11881905,82,0.65,0.819,,,,4,1,1,0,0,2,0.0,1.0,20,,imputed,imputed,observed,observed,observed,missing,missing,missing,observed,observed,observed,observed,observed,observed,observed,missing,0.88118095,0.8390804597701149,0.7624584717607973,0.8571428571428571,0.0,,0.65,,,,0.5,0.0,0.5,0.0,0.0,0.5,0.4835400197674368,1.0,0.7878787878787878,0.7662771285475792,0.8387096774193549,0.0,,0.65,,,,0.75,0.0,0.5,0.0,0.0,0.5,0.32258591104031453,0.800769465765456,0.49767071922757344,,0.2,0.7981667057413051,0.4657141595524279,0.02767499479625413,0.2463000918174436,0.8029049899568789,0.5026264840945904,0.15033100176008402,0.2571411577378928,0.2,,,
FRA,2023,86.0,61.9,0.11881905,82,0.65,,,,2.0,4,1,1,0,0,2,0.0,1.0,20,20.0,imputed,imputed,imputed,observed,imputed,missing,missing,carried_forward,observed,observed,observed,observed,observed,observed,observed,observed,0.88118095,0.8390804597701149,0.7624584717607973,0.8571428571428571,0.0,0.0,0.65,,,1.0,0.5,0.0,0.5,0.0,0.0,0.5,0.4835400197674368,1.0,0.7846153846153846,0.7276264591439687,0.8541666666666666,0.0,0.0,0.65,,,1.0,0.5,0.0,1.0,0.0,0.0,0.5,0.3296025755407914,0.800769465765456,0.49767071922757344,0.75,0.2,0.7981667057413051,0.4657141595524279,0.055961294159934775,0.2463000918174436,0.8029049899568789,0.5026264840945904,0.32888762343370825,0.2571411577378928,0.2,0.4944646097035213,0.4944646097035213,0.6244155307402679
FSM,2011,36.0,,0.13314363,57,,0.152,,,,1,1,1,0,0,2,0.0,1.0,80,,observed,imputed,observed,observed,imputed,missing,missing,missing,observed,observed,observed,observed,observed,observed,observed,missing,0.86685637,0.26436781609195403,,0.5,0.75,,,,,,0.0,0.0,0.5,0.0,0.0,0.5,0.4115879353837778,1.0,0.27710843373493976,,0.5409836065573771,0.75,,,,,,0.0,0.0,1.0,0.0,0.0,0.5,0.19433541033258034,0.26436781609195403,0.5538626451279259,,0.2,0.12320364009322482,0.36974092743051334,0.0,0.2463000918174436,0.1395520782170177,0.42341435926787624,0.0,0.2571411577378928,0.2,,,
FSM,2022,36.0,,0.10344703,65,,0.153,,,,1,1,1,0,0,2,0.0,1.0,80,,imputed,imputed,observed,observed,imputed,missing,missing,missing,observed,observed,observed,observed,observed,observed,observed,missing,0.89655297,0.26436781609195403,,0.6142857142857143,0.75,,,,,,0.0,0.0,0.5,0.0,0.0,0.5,0.560753374727045,1.0,0.030303030303030304,,0.5645161290322581,0.75,,,,,,0.0,0.0,0.5,0.0,0.0,0.5,0.43005328268978515,0.26436781609195403,0.6416796963375865,,0.2,0.12320364009322482,0.4041998997342191,0.0,0.2463000918174436,0.1395520782170177,0.49326205545361745,0.0,0.2571411577378928,0.2,,,
GAB,2018,40.0,,0.02752351,51,,0.375,,,,1,2,2,0,0,2,0.0,1.0,60,,observed,imputed,observed,observed,imputed,missing,missing,missing,observed,observed,observed,observed,observed,observed,observed,missing,0.97247649,0.3103448275862069,,0.4142857142857143,0.5,,,,,,0.0,0.5,1.0,0.0,0.0,0.5,0.9421157265547745,1.0,0.1891891891891892,,0.3333333333333333,0.5,,,,,,0.0,1.0,1.0,0.0,0.0,0.5,0.9834260673181059,0.3103448275862069,0.6188004802801629,,0.4,0.14463036010943783,0.32048254553517735,0.0,0.28940648033474775,0.16382200486345558,0.4813451824003398,0.0,0.45581995865416014,0.4,,,
GAB,2023,40.0,,0.02752351,48,,,,,,1,1,1,1,0,3,0.0,1.0,60,60.0,imputed,imputed,imputed,observed,imputed,missing,missing,missing,observed,observed,observed,observed,observed,observed,observed,observed,0.97247649,0.3103448275862069,,0.37142857142857144,0.5,0.5,,,,,0.0,0.0,0.5,0.5,0.0,1.0,0.9421157265547745,1.0,0.07692307692307693,,0.14583333333333334,0.5,0.5,,,,,0.0,0.0,1.0,1.0,0.0,1.0,0.9817419901867157,0.3103448275862069,0.6045147659944486,,0.4,0.14463036010943783,0.3124946778911372,0.0,0.6276085012649691,0.16382200486345558,0.4700399308851274,0.0,0.49148157841267115,0.4,,,
GBR,2010,88.0,68.3,0.09789379,84,1.0,0.82,,,,4,1,1,0,0,2,0.0,1.0,20,,imputed,imputed,observed,observed,imputed,missing,missing,missing,observed,observed,observed,observed,observed,observed,observed,missing,0.90210621,0.8620689655172413,0.8687707641196012,0.8857142857142857,0.0,,1.0,,,,0.5,0.0,0.5,0.0,0.0,0.5,0.5886471903281107,1.0,0.8428571428571429,0.8447937131630647,1.0,0.0,,1.0,,,,0.5,0.0,0.5,0.0,0.0,0.5,0.45402137393243536,0.8654198648184213,0.6185903690105992,,0.2,0.8656475171404937,0.6220897329602275,0.02767499479625413,0.2463000918174436,0.8652330797162652,0.617736918971605,0.15033100176008402,0.2571411577378928,0.2,,,
GBR,2011,88.0,68.3,0.09795615,84,1.0,0.819,,,,4,1,1,0,0,2,0.0,1.0,20,,imputed,imputed,observed,observed,imputed,missing,missing,missing,observed,observed,observed,observed,observed,observed,observed,missing,0.90204385,0.8620689655172413,0.8687707641196012,0.8857142857142857,0.0,,1.0,,,,0.5,0.0,0.5,0.0,0.0,0.5,0.5883339572712135,1.0,0.9036144578313253,0.8340336134453781,0.9836065573770492,0.0,,1.0,,,,0.5,0.0,1.0,0.0,0.0,0.5,0.4363393048179279,0.8654198648184213,0.6185120607463748,,0.2,0.8656475171404937,0.6220621024444073,0.02767499479625413,0.2463000918174436,0.8652330797162652,0.6176535520415353,0.15033100176008402,0.2571411577378928,0.2,,,
GBR,2012,88.0,68.3,0.09891601,85,1.0,0.817,,,,4,1,1,0,0,2,0.0,1.0,20,,imputed,imputed,observed,observed,imputed,missing,missing,missing,observed,observed,observed,observed,observed,observed,observed,missing,0.9010839900000001,0.8620689655172413,0.8687707641196012,0.9,0.0,,1.0,,,,0.5,0.0,0.5,0.0,0.0,0.5,0.5835125993175079,1.0,0.84,0.8489483747609942,0.9230769230769231,0.0,,1.0,,,,0.5,0.0,0.5,0.0,0.0,0.5,0.44992215763391646,0.8654198648184213,0.620878149829377,,0.2,0.8656475171404937,0.6242994294998746,0.02767499479625413,0.2463000918174436,0.8652330797162652,0.6201387655330828,0.15033100176008402,0.2571411577378928,0.2,,,
GBR,2013,88.0,68.3,0.09978225,85,1.0,0.817,,,,4,1,1,1,0,3,0.0,1.0,20,,imputed,imputed,observed,observed,imputed,missing,missing,missing,observed,observed,observed,observed,observed,observed,observed,missing,0.90021775,0.8620689655172413,0.8687707641196012,0.9,0.0,,1.0,,,,0.5,0.0,0.5,0.5,0.0,1.0,0.579161492787578,1.0,0.8571428571428571,0.8450980392156862,0.9795918367346939,0.0,,1.0,,,,0.5,0.0,0.5,1.0,0.0,1.0,0.44274922625624774,0.8654198648184213,0.6197903731968946,,0.4,0.8656475171404937,0.623915615227519,0.02767499479625413,0.6276085012649691,0.8652330797162652,0.6189807191972339,0.15033100176008402,0.49148157841267115,0.4,,,
GBR,2014,88.0,68.3,0.0990306,86,1.0,0.821,,,,4,2,2,0,0,2,0.0,1.0,20,,imputed,imputed,observed,observed,imputed,missing,missing,missing,observed,observed,observed,observed,observed,observed,observed,missing,0.9009694,0.8620689655172413,0.8687707641196012,0.9142857142857143,0.0,,1.0,,,,0.5,0.5,1.0,0.0,0.0,0.5,0.5829370159950282,1.0,0.8536585365853658,0.8489483747609942,0.9491525423728814,0.0,,1.0,,,,0.6,1.0,1.0,0.0,0.0,0.5,0.4423789032350981,0.8654198648184213,0.6243056825701856,,0.4,0.8656475171404937,0.6269112794242857,0.02767499479625413,0.28940648033474775,0.8652330797162652,0.623753991291788,0.15033100176008402,0.45581995865416014,0.4,,,
GBR,2015,88.0,68.3,0.09836252,86,1.0,0.82,,,,4,1,1,0,0,2,0.0,1.0,20,,imputed,imputed,observed,observed,observed,missing,missing,missing,observed,observed,observed,observed,observed,observed,observed,missing,0.90163748,0.8620689655172413,0.8687707641196012,0.9142857142857143,0.0,,1.0,,,,0.5,0.0,0.5,0.0,0.0,0.5,0.5862927687315854,1.0,0.8428571428571429,0.8672268907563024,0.9206349206349206,0.0,,1.0,,,,0.5,0.0,0.5,0.0,0.0,0.5,0.4532119175466209,0.8654198648184213,0.625144620754325,,0.2,0.8656475171404937,0.6272072928144261,0.02767499479625413,0.2463000918174436,0.8652330797162652,0.624647124368134,0.15033100176008402,0.2571411577378928,0.2,,,
GBR,2016,88.0,68.3,0.0976547,86,1.0,0.816,,,,4,1,1,0,0,2,0.0,1.0,20,,observed,imputed,observed,observed,imputed,missing,missing,missing,observed,observed,observed,observed,observed,observed,observed,missing,0.9023453,0.8620689655172413,0.8687707641196012,0.9142857142857143,0.0,,1.0,,,,0.5,0.0,0.5,0.0,0.0,0.5,0.5898481347086991,1.0,0.8333333333333334,0.8644939965694681,0.9545454545454546,0.0,,1.0,,,,0.5,0.0,0.5,0.0,0.0,0.5,0.4840016106581759,0.8654198648184213,0.6260334622486033,,0.2,0.8656475171404937,0.627520914233731,0.02767499479625413,0.2463000918174436,0.8652330797162652,0.6255933844778502,0.15033100176008402,0.2571411577378928,0.2,,,
GBR,2017,89.0,68.3,0.09600168,87,1.0,0.81,,,,4,1,1,0,0,2,0.0,1.0,20,,observed,imputed,observed,observed,imputed,missing,missing,missing,observed,observed,observed,observed,observed,observed,observed,missing,0.90399832,0.8735632183908046,0.8687707641196012,0.9285714285714286,0.0,,1.0,,,,0.5,0.0,0.5,0.0,0.0,0.5,0.5981512217470539,1.0,0.8472222222222222,0.8644939965694681,1.0,0.0,,1.0,,,,0.5,0.0,1.0,0.0,0.0,0.5,0.49952106931854695,0.8711669912552029,0.6316806625796206,,0.2,0.871004197144547,0.6309159581297417,0.02767499479625413,0.2463000918174436,0.8713005613778746,0.6315716669918541,0.15033100176008402,0.2571411577378928,0.2,,,
GBR,2018,93.0,68.3,0.09738376,87,1.0,0.811,,,,4,1,1,0,0,2,0.0,1.0,20,,observed,imputed,observed,observed,observed,missing,missing,missing,observed,observed,observed,observed,observed,observed,observed,missing,0.90261624,0.9195402298850575,0.8687707641196012,0.9285714285714286,0.0,,1.0,,,,0.5,0.0,0.5,0.0,0.0,0.5,0.5912090610145946,1.0,0.9054054054054054,0.8489483747609942,0.9649122807017544,0.0,,1.0,,,,0.5,0.0,0.5,0.0,0.0,0.5,0.48784358831644004,0.8941554970023293,0.6299451223965058,,0.2,0.8924309171607601,0.6303035850812365,0.02767499479625413,0.2463000918174436,0.8955704880243125,0.6297240119772507,0.15033100176008402,0.2571411577378928,0.2,,,
GBR,2019,93.0,68.3,0.09953881,87,1.0,0.812,,2.0,,4,1,1,0,0,2,0.0,1.0,20,,observed,observed,observed,observed,observed,missing,carried_forward,missing,observed,observed,observed,observed,observed,observed,observed,missing,0.90046119,0.9195402298850575,0.8687707641196012,0.9285714285714286,0.0,,1.0,,1.0,,0.5,0.0,0.5,0.0,0.0,0.5,0.5803842871328473,1.0,0.9117647058823529,0.8644939965694681,0.9833333333333333,0.0,,1.0,,0.0,,0.5,0.0,0.5,0.0,0.0,0.5,0.4635153425642427,0.8941554970023293,0.6272389289260689,0.75,0.2,0.8924309171607601,0.6293487239023026,0.30395867765943546,0.2463000918174436,0.8955704880243125,0.6268430000682289,0.39903904338763196,0.2571411577378928,0.2,0.538560290558257,0.538560290558257,0.6563768430152341
GBR,2020,95.0,67.75,0.11965477,88,1.0,0.811,,2.0,,4,2,2,0,0,2,0.0,1.0,20,,observed,imputed,observed,observed,observed,missing,carried_forward,missing,observed,observed,observed,observed,observed,observed,observed,missing,0.88034523,0.9425287356321839,0.8596345514950166,0.9428571428571428,0.0,,1.0,,1.0,,0.5,0.5,1.0,0.0,0.0,0.5,0.4793422145989006,1.0,0.927536231884058,0.8408437200383507,0.9354838709677419,0.0,,1.0,,0.0,,0.5,1.0,1.0,0.0,0.0,0.5,0.4152440041576692,0.9010816435636002,0.6055498393640109,0.75,0.4,0.8982658243149454,0.6230983517258365,0.30395867765943546,0.28940648033474775,0.9033919795444233,0.603719085126369,0.39903904338763196,0.45581995865416014,0.4,0.6360757264871328,0.6360757264871328,0.7912744377475524
GBR,2021,93.0,67.2,0.12019034,88,1.0,0.817,,2.0,,4,1,1,0,0,2,0.0,1.0,20,,observed,observed,observed,observed,observed,missing,carried_forward,missing,observed,observed,observed,observed,observed,observed,observed,missing,0.87980966,0.9195402298850575,0.8504983388704319,0.9428571428571428,0.0,,1.0,,1.0,,0.5,0.0,0.5,0.0,0.0,0.5,0.4766520569933477,1.0,0.9125,0.8547579298831385,0.9365079365079365,0.0,,1.0,,0.0,,0.5,0.0,0.5,0.0,0.0,0.5,0.49571398302915537,0.8850192843777447,0.6048772999626226,0.75,0.2,0.8826740114529179,0.6228610509664102,0.30395867765943546,0.2463000918174436,0.8869435444180963,0.6030031000920938,0.39903904338763196,0.2571411577378928,0.2,0.5323261731523544,0.5323261731523544,0.6458793135893364
GBR,2022,93.0,67.2,0.11050878,88,1.0,0.817,,2.0,,4,1,1,0,0,2,0.0,1.0,20,,imputed,imputed,observed,observed,imputed,missing,carried_forward,missing,observed,observed,observed,observed,observed,observed,observed,missing,0.88949122,0.9195402298850575,0.8504983388704319,0.9428571428571428,0.0,,1.0,,1.0,,0.5,0.0,0.5,0.0,0.0,0.5,0.5252823429832657,1.0,0.8939393939393939,0.8547579298831385,0.9354838709677419,0.0,,1.0,,1.0,,0.75,0.0,0.5,0.0,0.0,0.5,0.380683862682158,0.8850192843777447,0.6170348714601022,0.75,0.2,0.8826740114529179,0.6271507638712246,0.30395867765943546,0.2463000918174436,0.8869435444180963,0.6159460432525354,0.39903904338763196,0.2571411577378928,0.2,0.5349810828139154,0.5349810828139154,0.6495416384131065
GBR,2023,93.0,67.2,0.11050878,88,1.0,,,2.0,,4,1,1,0,0,2,0.0,1.0,20,20.0,imputed,imputed,imputed,observed,imputed,missing,carried_forward,missing,observed,observed,observed,observed,observed,observed,observed,observed,0.88949122,0.9195402298850575,0.8504983388704319,0.9428571428571428,0.0,0.0,1.0,,1.0,,0.5,0.0,0.5,0.0,0.0,0.5,0.5252823429832657,1.0,0.8923076923076924,0.8307392996108949,0.9791666666666666,0.0,0.0,1.0,,1.0,,0.5,0.0,1.0,0.0,0.0,0.5,0.3889642334416004,0.8850192843777447,0.6170348714601022,0.75,0.2,0.8826740114529179,0.6271507638712246,0.30395867765943546,0.2463000918174436,0.8869435444180963,0.6159460432525354,0.39903904338763196,0.2571411577378928,0.2,0.5349810828139154,0.5349810828139154,0.6755801936190121
GEO,2017,74.0,,0.06959362,70,0.975,0.411,,2.0,1.0,1,1,1,0,0,2,0.0,1.0,100,,observed,imputed,observed,observed,observed,missing,carried_forward,carried_forward,observed,observed,observed,observed,observed,observed,observed,missing,0.93040638,0.7011494252873564,,0.6857142857142857,1.0,,0.975,,1.0,0.0,0.0,0.0,0.5,0.0,0.0,0.5,0.7307983891703738,1.0,0.6388888888888888,,0.711864406779661,1.0,,0.975,,0.0,0.0,0.0,0.0,1.0,0.0,0.0,0.5,0.6839426232942718,0.7011494252873564,0.8478781687211648,0.3333333333333333,0.2,0.32675748024724843,0.9075487805608136,0.27628368286318133,0.2463000918174436,0.3701163813581774,0.839761187450128,0.24870804162754795,0.2571411577378928,0.2,0.44618317967902876,0.44618317967902876,0.6811547440250137
GEO,2022,74.0,,0.07255696,71,0.975,0.411,,2.0,1.0,1,1,1,1,0,3,0.0,1.0,100,,imputed,imputed,observed,observed,observed,missing,carried_forward,carried_forward,observed,observed,observed,observed,observed,observed,observed,missing,0.92744304,0.7011494252873564,,0.7,1.0,,0.975,,1.0,0.0,0.0,0.0,0.5,0.5,0.0,1.0,0.7159135904720892,1.0,0.6060606060606061,,0.6612903225806451,1.0,,0.975,,1.0,0.0,0.0,0.0,0.5,1.0,0.0,1.0,0.646008936726675,0.7011494252873564,0.8477283976180223,0.3333333333333333,0.4,0.32675748024724843,0.9088984041872323,0.27628368286318133,0.6276085012649691,0.3701163813581774,0.8395680177303869,0.24870804162754795,0.49148157841267115,0.4,0.5305807785367505,0.5305807785367505,0.7975773198430909
GHA,2011,39.0,,0.04468556,39,0.825,0.433,,,,4,1,0,0,1,1,0.0,1.0,100,,observed,imputed,observed,observed,imputed,missing,missing,missing,observed,observed,observed,observed,observed,observed,observed,missing,0.95531444,0.2988505747126437,,0.24285714285714285,1.0,,0.825,,,,0.5,0.0,0.0,0.0,1.0,0.0,0.8559110860140686,1.0,0.3132530120481928,,0.2459016393442623,1.0,,0.825,,,,0.5,0.0,0.0,0.0,1.0,0.0,0.8027108165468789,0.2988505747126437,0.7309420572178029,,0.2,0.13927368010538457,0.7752814428640069,0.02767499479625413,0.15117040407034077,0.1577545232018461,0.7221249759794883,0.15033100176008402,0.13396155686684127,0.2,,,
GHA,2014,69.0,,0.04016441,46,0.825,0.432,,,,4,1,0,0,1,1,0.0,1.0,100,,observed,imputed,observed,observed,imputed,missing,missing,missing,observed,observed,observed,observed,observed,observed,observed,missing,0.95983559,0.6436781609195402,,0.34285714285714286,1.0,,0.825,,,,0.5,0.0,0.0,0.0,1.0,0.0,0.8786207337881171,1.0,0.6219512195121951,,0.2711864406779661,1.0,,0.825,,,,0.6,0.0,0.0,0.0,1.0,0.0,0.856316675929947,0.6436781609195402,0.761619469161315,,0.2,0.29997408022698213,0.7959230352511026,0.02767499479625413,0.15117040407034077,0.33977897305013005,0.7545480654549733,0.15033100176008402,0.13396155686684127,0.2,,,
GHA,2015,59.0,,0.04542968,49,0.825,0.427,,,,4,1,1,0,0,2,0.0,1.0,100,,imputed,imputed,observed,observed,imputed,missing,missing,missing,observed,observed,observed,observed,observed,observed,observed,missing,0.95457032,0.5287356321839081,,0.38571428571428573,1.0,,0.825,,,,0.5,0.0,0.5,0.0,0.0,0.5,0.852173385848928,1.0,0.42857142857142855,,0.3333333333333333,1.0,,0.825,,,,0.5,0.0,0.5,0.0,0.0,0.5,0.8142132363276462,0.5287356321839081,0.7657219178908035,,0.2,0.24640728018644964,0.801577963093465,0.02767499479625413,0.2463000918174436,0.2791041564340354,0.758814359370958,0.15033100176008402,0.2571411577378928,0.2,,,
GHA,2020,49.0,,0.04433171,51,0.825,0.431,,2.0,,4,1,1,0,0,2,0.0,1.0,100,,observed,imputed,observed,observed,observed,missing,carried_forward,missing,observed,observed,observed,observed,observed,observed,observed,missing,0.95566829,0.41379310344827586,,0.4142857142857143,1.0,,0.825,,1.0,,0.5,0.0,0.5,0.0,0.0,0.5,0.8576884676238021,1.0,0.2608695652173913,,0.3387096774193548,1.0,,0.8157894736842105,,0.0,,0.5,0.0,0.5,0.0,0.0,0.5,0.8719973944526846,0.41379310344827586,0.7742435454773791,0.75,0.2,0.1928404801459171,0.8073896975649745,0.30395867765943546,0.2463000918174436,0.21842933981794074,0.7678190318832683,0.39903904338763196,0.2571411577378928,0.2,0.46820713237545863,0.46820713237545863,0.7039443523088952
GIN,2011,13.0,,0.03789551,26,,0.238,,,,1,1,1,0,0,2,0.0,1.0,100,,observed,imputed,observed,observed,imputed,missing,missing,missing,observed,observed,observed,observed,observed,observed,observed,missing,0.96210449,0.0,,0.05714285714285714,1.0,,,,,,0.0,0.0,0.5,0.0,0.0,0.5,0.8900173739868584,1.0,0.0,,0.03278688524590164,1.0,,,,,,0.0,0.0,1.0,0.0,0.0,0.5,0.8494097715089914,0.0,0.6490534103765718,,0.2,0.0,0.4094831262856594,0.0,0.2463000918174436,0.0,0.4945859127967487,0.0,0.2571411577378928,0.2,,,
GIN,2014,52.0,,0.04787992,37,,0.243,,2.0,,1,1,1,0,0,2,0.0,1.0,100,,observed,imputed,observed,observed,imputed,missing,carried_forward,missing,observed,observed,observed,observed,observed,observed,observed,missing,0.95212008,0.4482758620689655,,0.21428571428571427,1.0,,,,1.0,,0.0,0.0,0.5,0.0,0.0,0.5,0.8398658783869142,1.0,0.4146341463414634,,0.11864406779661017,1.0,,,,0.0,,0.0,0.0,0.5,0.0,0.0,0.5,0.8020624253218338,0.4482758620689655,0.6847171975575428,0.5,0.2,0.20891052015807685,0.43434807440263945,0.27628368286318133,0.2463000918174436,0.23663178480276917,0.5226906888209355,0.24870804162754795,0.2571411577378928,0.2,0.41856619252040395,0.41856619252040395,0.7068262649944531
GIN,2017,60.0,,0.03915127,37,,0.297,2.0,2.0,,1,1,1,0,0,2,0.0,1.0,100,,observed,imputed,observed,observed,imputed,carried_forward,carried_forward,missing,observed,observed,observed,observed,observed,observed,observed,missing,0.96084873,0.5402298850574713,,0.21428571428571427,1.0,,,1.0,1.0,,0.0,0.0,0.5,0.0,0.0,0.5,0.8837097161368119,1.0,0.4444444444444444,,0.15254237288135594,1.0,,,1.0,0.0,,0.0,0.0,1.0,0.0,0.0,0.5,0.8965377739290753,0.5402298850574713,0.699331810140842,0.6666666666666666,0.2,0.2517639601905029,0.4382155712261481,0.9163637110438112,0.2463000918174436,0.2851716380956449,0.5343597195161324,0.5207813748777301,0.2571411577378928,0.2,0.47375101810112136,0.47375101810112136,0.7624543572085258
GMB,2011,53.0,,0.04369674,52,,0.407,,,,1,1,1,0,0,2,0.0,1.0,40,,observed,imputed,observed,observed,imputed,missing,missing,missing,observed,observed,observed,observed,observed,observed,observed,missing,0.95630326,0.45977011494252873,,0.42857142857142855,0.25,,,,,,0.0,0.0,0.5,0.0,0.0,0.5,0.8608779094797653,1.0,0.4819277108433735,,0.45901639344262296,0.25,,,,,,0.0,0.0,1.0,0.0,0.0,0.5,0.8095114823218933,0.45977011494252873,0.513149779350398,,0.2,0.2142672001621301,0.2358982321242624,0.0,0.2463000918174436,0.24269926646437862,0.4028336028934209,0.0,0.2571411577378928,0.2,,,
GMB,2011,53.0,,0.04369674,52,,0.407,,,,1,1,1,0,0,2,0.0,1.0,40,,observed,imputed,observed,observed,imputed,missing,missing,missing,observed,observed,observed,observed,observed,observed,observed,missing,0.95630326,0.45977011494252873,,0.42857142857142855,0.25,,,,,,0.0,0.0,0.5,0.0,0.0,0.5,0.8608779094797653,1.0,0.4819277108433735,,0.45901639344262296,0.25,,,,,,0.0,0.0,1.0,0.0,0.0,0.5,0.8095114823218933,0.45977011494252873,0.513149779350398,,0.2,0.2142672001621301,0.2358982321242624,0.0,0.2463000918174436,0.24269926646437862,0.4028336028934209,0.0,0.2571411577378928,0.2,,,
GMB,2011,53.0,,0.04369674,52,,0.407,,,,1,1,1,0,0,2,0.0,1.0,40,,observed,imputed,observed,observed,imputed,missing,missing,missing,observed,observed,observed,observed,observed,observed,observed,missing,0.95630326,0.45977011494252873,,0.42857142857142855,0.25,,,,,,0.0,0.0,0.5,0.0,0.0,0.5,0.8608779094797653,1.0,0.4819277108433735,,0.45901639344262296,0.25,,,,,,0.0,0.0,1.0,0.0,0.0,0.5,0.8095114823218933,0.45977011494252873,0.513149779350398,,0.2,0.2142672001621301,0.2358982321242624,0.0,0.2463000918174436,0.24269926646437862,0.4028336028934209,0.0,0.2571411577378928,0.2,,,
GMB,2011,53.0,,0.04369674,52,,0.407,,,,1,1,1,0,0,2,0.0,1.0,40,,observed,imputed,observed,observed,imputed,missing,missing,missing,observed,observed,observed,observed,observed,observed,observed,missing,0.95630326,0.45977011494252873,,0.42857142857142855,0.25,,,,,,0.0,0.0,0.5,0.0,0.0,0.5,0.8608779094797653,1.0,0.4819277108433735,,0.45901639344262296,0.25,,,,,,0.0,0.0,1.0,0.0,0.0,0.5,0.8095114823218933,0.45977011494252873,0.513149779350398,,0.2,0.2142672001621301,0.2358982321242624,0.0,0.2463000918174436,0.24269926646437862,0.4028336028934209,0.0,0.2571411577378928,0.2,,,
GMB,2011,53.0,,0.04369674,52,,0.193,,,,1,1,1,0,0,2,0.0,1.0,40,,observed,imputed,observed,observed,imputed,missing,missing,missing,observed,observed,observed,observed,observed,observed,observed,missing,0.95630326,0.45977011494252873,,0.42857142857142855,0.25,,,,,,0.0,0.0,0.5,0.0,0.0,0.5,0.8608779094797653,1.0,0.4819277108433735,,0.45901639344262296,0.25,,,,,,0.0,0.0,1.0,0.0,0.0,0.5,0.8095114823218933,0.45977011494252873,0.513149779350398,,0.2,0.2142672001621301,0.2358982321242624,0.0,0.2463000918174436,0.24269926646437862,0.4028336028934209,0.0,0.2571411577378928,0.2,,,
GMB,2011,53.0,,0.04369674,52,,0.193,,,,1,1,1,0,0,2,0.0,1.0,40,,observed,imputed,observed,observed,imputed,missing,missing,missing,observed,observed,observed,observed,observed,observed,observed,missing,0.95630326,0.45977011494252873,,0.42857142857142855,0.25,,,,,,0.0,0.0,0.5,0.0,0.0,0.5,0.8608779094797653,1.0,0.4819277108433735,,0.45901639344262296,0.25,,,,,,0.0,0.0,1.0,0.0,0.0,0.5,0.8095114823218933,0.45977011494252873,0.513149779350398,,0.2,0.2142672001621301,0.2358982321242624,0.0,0.2463000918174436,0.24269926646437862,0.4028336028934209,0.0,0.2571411577378928,0.2,,,
GMB,2011,53.0,,0.04369674,52,,0.193,,,,1,1,1,0,0,2,0.0,1.0,40,,observed,imputed,observed,observed,imputed,missing,missing,missing,observed,observed,observed,observed,observed,observed,observed,missing,0.95630326,0.45977011494252873,,0.42857142857142855,0.25,,,,,,0.0,0.0,0.5,0.0,0.0,0.5,0.8608779094797653,1.0,0.4819277108433735,,0.45901639344262296,0.25,,,,,,0.0,0.0,1.0,0.0,0.0,0.5,0.8095114823218933,0.45977011494252873,0.513149779350398,,0.2,0.2142672001621301,0.2358982321242624,0.0,0.2463000918174436,0.24269926646437862,0.4028336028934209,0.0,0.2571411577378928,0.2,,,
GMB,2011,53.0,,0.04369674,52,,0.193,,,,1,1,1,0,0,2,0.0,1.0,40,,observed,imputed,observed,observed,imputed,missing,missing,missing,observed,observed,observed,observed,observed,observed,observed,missing,0.95630326,0.45977011494252873,,0.42857142857142855,0.25,,,,,,0.0,0.0,0.5,0.0,0.0,0.5,0.8608779094797653,1.0,0.4819277108433735,,0.45901639344262296,0.25,,,,,,0.0,0.0,1.0,0.0,0.0,0.5,0.8095114823218933,0.45977011494252873,0.513149779350398,,0.2,0.2142672001621301,0.2358982321242624,0.0,0.2463000918174436,0.24269926646437862,0.4028336028934209,0.0,0.2571411577378928,0.2,,,
GMB,2014,33.0,,0.03052346,52,,0.411,,,,1,1,1,0,0,2,0.0,1.0,40,,observed,imputed,observed,observed,imputed,missing,missing,missing,observed,observed,observed,observed,observed,observed,observed,missing,0.96947654,0.22988505747126436,,0.42857142857142855,0.25,,,,,,0.0,0.0,0.5,0.0,0.0,0.5,0.9270470365445433,1.0,0.18292682926829268,,0.3728813559322034,0.25,,,,,,0.0,0.0,0.5,0.0,0.0,0.5,0.9241103172317273,0.22988505747126436,0.5352061550386573,,0.2,0.10713360008106505,0.24173505895947636,0.0,0.2463000918174436,0.12134963323218931,0.420444505916961,0.0,0.2571411577378928,0.2,,,
GMB,2014,33.0,,0.03052346,52,,0.411,,,,1,1,1,0,0,2,0.0,1.0,40,,observed,imputed,observed,observed,imputed,missing,missing,missing,observed,observed,observed,observed,observed,observed,observed,missing,0.96947654,0.22988505747126436,,0.42857142857142855,0.25,,,,,,0.0,0.0,0.5,0.0,0.0,0.5,0.9270470365445433,1.0,0.18292682926829268,,0.3728813559322034,0.25,,,,,,0.0,0.0,0.5,0.0,0.0,0.5,0.9241103172317273,0.22988505747126436,0.5352061550386573,,0.2,0.10713360008106505,0.24173505895947636,0.0,0.2463000918174436,0.12134963323218931,0.420444505916961,0.0,0.2571411577378928,0.2,,,
GMB,2014,33.0,,0.03052346,52,,0.411,,,,1,1,1,0,0,2,0.0,1.0,40,,observed,imputed,observed,observed,imputed,missing,missing,missing,observed,observed,observed,observed,observed,observed,observed,missing,0.96947654,0.22988505747126436,,0.42857142857142855,0.25,,,,,,0.0,0.0,0.5,0.0,0.0,0.5,0.9270470365445433,1.0,0.18292682926829268,,0.3728813559322034,0.25,,,,,,0.0,0.0,0.5,0.0,0.0,0.5,0.9241103172317273,0.22988505747126436,0.5352061550386573,,0.2,0.10713360008106505,0.24173505895947636,0.0,0.2463000918174436,0.12134963323218931,0.420444505916961,0.0,0.2571411577378928,0.2,,,
GMB,2014,33.0,,0.03052346,52,,0.411,,,,1,1,1,0,0,2,0.0,1.0,40,,observed,imputed,observed,observed,imputed,missing,missing,missing,observed,observed,observed,observed,observed,observed,observed,missing,0.96947654,0.22988505747126436,,0.42857142857142855,0.25,,,,,,0.0,0.0,0.5,0.0,0.0,0.5,0.9270470365445433,1.0,0.18292682926829268,,0.3728813559322034,0.25,,,,,,0.0,0.0,0.5,0.0,0.0,0.5,0.9241103172317273,0.22988505747126436,0.5352061550386573,,0.2,0.10713360008106505,0.24173505895947636,0.0,0.2463000918174436,0.12134963323218931,0.420444505916961,0.0,0.2571411577378928,0.2,,,
GMB,2014,33.0,,0.03052346,52,,0.171,,,,1,1,1,0,0,2,0.0,1.0,40,,observed,imputed,observed,observed,imputed,missing,missing,missing,observed,observed,observed,observed,observed,observed,observed,missing,0.96947654,0.22988505747126436,,0.42857142857142855,0.25,,,,,,0.0,0.0,0.5,0.0,0.0,0.5,0.9270470365445433,1.0,0.18292682926829268,,0.3728813559322034,0.25,,,,,,0.0,0.0,0.5,0.0,0.0,0.5,0.9241103172317273,0.22988505747126436,0.5352061550386573,,0.2,0.10713360008106505,0.24173505895947636,0.0,0.2463000918174436,0.12134963323218931,0.420444505916961,0.0,0.2571411577378928,0.2,,,
GMB,2014,33.0,,0.03052346,52,,0.171,,,,1,1,1,0,0,2,0.0,1.0,40,,observed,imputed,observed,observed,imputed,missing,missing,missing,observed,observed,observed,observed,observed,observed,observed,missing,0.96947654,0.22988505747126436,,0.42857142857142855,0.25,,,,,,0.0,0.0,0.5,0.0,0.0,0.5,0.9270470365445433,1.0,0.18292682926829268,,0.3728813559322034,0.25,,,,,,0.0,0.0,0.5,0.0,0.0,0.5,0.9241103172317273,0.22988505747126436,0.5352061550386573,,0.2,0.10713360008106505,0.24173505895947636,0.0,0.2463000918174436,0.12134963323218931,0.420444505916961,0.0,0.2571411577378928,0.2,,,
GMB,2014,33.0,,0.03052346,52,,0.171,,,,1,1,1,0,0,2,0.0,1.0,40,,observed,imputed,observed,observed,imputed,missing,missing,missing,observed,observed,observed,observed,observed,observed,observed,missing,0.96947654,0.22988505747126436,,0.42857142857142855,0.25,,,,,,0.0,0.0,0.5,0.0,0.0,0.5,0.9270470365445433,1.0,0.18292682926829268,,0.3728813559322034,0.25,,,,,,0.0,0.0,0.5,0.0,0.0,0.5,0.9241103172317273,0.22988505747126436,0.5352061550386573,,0.2,0.10713360008106505,0.24173505895947636,0.0,0.2463000918174436,0.12134963323218931,0.420444505916961,0.0,0.2571411577378928,0.2,,,
GMB,2014,33.0,,0.03052346,52,,0.171,,,,1,1,1,0,0,2,0.0,1.0,40,,observed,imputed,observed,observed,imputed,missing,missing,missing,observed,observed,observed,observed,observed,observed,observed,missing,0.96947654,0.22988505747126436,,0.42857142857142855,0.25,,,,,,0.0,0.0,0.5,0.0,0.0,0.5,0.9270470365445433,1.0,0.18292682926829268,,0.3728813559322034,0.25,,,,,,0.0,0.0,0.5,0.0,0.0,0.5,0.9241103172317273,0.22988505747126436,0.5352061550386573,,0.2,0.10713360008106505,0.24173505895947636,0.0,0.2463000918174436,0.12134963323218931,0.420444505916961,0.0,0.2571411577378928,0.2,,,
GNB,2020,35.0,,0.09029393,44,,0.185,2.0,2.0,,1,1,1,0,0,2,0.0,1.0,80,,observed,imputed,observed,observed,imputed,carried_forward,carried_forward,missing,observed,observed,observed,observed,observed,observed,observed,missing,0.90970607,0.25287356321839083,,0.3142857142857143,0.75,,,1.0,1.0,,0.0,0.0,0.5,0.0,0.0,0.5,0.626821138047625,1.0,0.057971014492753624,,0.22580645161290322,0.75,,,0.0,0.0,,0.0,0.0,0.5,0.0,0.0,0.5,0.5932859372908893,0.25287356321839083,0.5637022841111131,0.6666666666666666,0.2,0.11784696008917157,0.35411271169153635,0.9163637110438112,0.2463000918174436,0.13348459655540826,0.4317092199256933,0.5207813748777301,0.2571411577378928,0.2,0.371298324833033,0.371298324833033,0.663637531976674
GRC,2014,,,0.07891411,74,,0.65,,,,1,1,1,0,0,2,0.0,1.0,40,,imputed,imputed,observed,observed,imputed,missing,missing,missing,observed,observed,observed,observed,observed,observed,observed,missing,0.92108589,,,0.7428571428571429,0.25,,,,,,0.0,0.0,0.5,0.0,0.0,0.5,0.6839817507085791,1.0,,,0.7457627118644068,0.25,,,,,,0.0,0.0,0.5,0.0,0.0,0.5,0.5838348912145849,,0.5589462978552406,,0.2,0.0,0.2788717893266297,0.0,0.2463000918174436,0.0,0.438657895135611,0.0,0.2571411577378928,0.2,,,
GRC,2017,,,0.08135159,75,,0.634,,,,1,1,1,1,0,3,0.0,1.0,40,,imputed,imputed,observed,observed,imputed,missing,missing,missing,observed,observed,observed,observed,observed,observed,observed,missing,0.91864841,,,0.7571428571428571,0.25,,,,,,0.0,0.0,0.5,0.5,0.0,1.0,0.6717383364762958,1.0,,,0.7966101694915254,0.25,,,,,,0.0,0.0,1.0,1.0,0.0,1.0,0.601830453789963,,0.5596270645397176,,0.4,0.0,0.28045441139835336,0.0,0.6276085012649691,0.0,0.439167729486531,0.0,0.49148157841267115,0.4,,,
GRD,2016,66.0,25.6,0.044391,77,0.925,0.256,2.0,,,7,1,1,1,0,3,0.0,1.0,100,,observed,imputed,observed,observed,imputed,carried_forward,missing,missing,observed,observed,observed,observed,observed,observed,observed,missing,0.955609,0.6091954022988506,0.159468438538206,0.7857142857142857,1.0,,0.925,1.0,,,1.0,0.0,0.5,0.5,0.0,1.0,0.8573906551166918,1.0,0.5277777777777778,0.13207547169811323,0.8181818181818182,1.0,,0.925,1.0,,,1.0,0.0,0.5,1.0,0.0,1.0,0.8509375125940316,0.3843319204185283,0.8920262352077444,1.0,0.4,0.36905521730144575,0.9170998273648657,0.6954300177731381,0.6276085012649691,0.39686621771955277,0.8884612850820116,0.5727353367703503,0.49148157841267115,0.4,0.6085356402064013,0.6085356402064013,0.9639458941674202
GRD,2019,66.0,25.6,0.04931896,78,0.925,0.255,2.0,,,7,1,1,0,0,2,0.0,1.0,100,,imputed,observed,observed,observed,observed,carried_forward,missing,missing,observed,observed,observed,observed,observed,observed,observed,missing,0.95068104,0.6091954022988506,0.159468438538206,0.8,1.0,,0.925,1.0,,,1.0,0.0,0.5,0.0,0.0,0.5,0.8326376086916446,1.0,0.5147058823529411,0.13207547169811323,0.8333333333333334,1.0,,0.925,1.0,,,1.0,0.0,0.5,0.0,0.0,0.5,0.8105614133096085,0.3843319204185283,0.8894094021729111,1.0,0.2,0.36905521730144575,0.9175789656803371,0.6954300177731381,0.2463000918174436,0.39686621771955277,0.8856416827427477,0.5727353367703503,0.2571411577378928,0.2,0.5113397349088407,0.5113397349088407,0.8302482184964941
GTM,2010,59.0,29.1,0.0612478,58,0.45,0.441,,,,1,1,0,0,1,1,0.0,1.0,100,,imputed,imputed,observed,observed,imputed,missing,missing,missing,observed,observed,observed,observed,observed,observed,observed,missing,0.9387522,0.5287356321839081,0.21760797342192692,0.5142857142857142,1.0,,0.45,,,,0.0,0.0,0.0,0.0,1.0,0.0,0.7727192793389398,1.0,0.42857142857142855,0.07465618860510806,0.5806451612903226,1.0,,0.45,,,,0.0,0.0,0.0,0.0,1.0,0.0,0.7136725445417798,0.3731718028029175,0.6842512484061636,,0.2,0.36260315725257103,0.666627059703496,0.0,0.15117040407034077,0.38184321210806554,0.6862984050754646,0.0,0.13396155686684127,0.2,,,
GTM,2014,59.0,29.1,0.05888568,57,0.45,0.449,,,,1,1,1,1,0,3,0.0,1.0,100,,observed,imputed,observed,observed,imputed,missing,missing,missing,observed,observed,observed,observed,observed,observed,observed,missing,0.94111432,0.5287356321839081,0.21760797342192692,0.5,1.0,,0.45,,,,0.0,0.0,0.5,0.5,0.0,1.0,0.7845841617693023,1.0,0.5,0.09942638623326965,0.4576271186440678,1.0,,0.45,,,,0.0,0.0,0.5,1.0,0.0,1.0,0.7246716551494462,0.3731718028029175,0.6836460404423257,,0.4,0.36260315725257103,0.6650110470661499,0.0,0.6276085012649691,0.38184321210806554,0.6856878245434982,0.0,0.49148157841267115,0.4,,,
GTM,2021,45.0,29.1,0.06976804,59,0.45,0.472,2.0,,,1,2,0,2,0,3,0.0,1.0,100,,observed,observed,observed,observed,observed,carried_forward,missing,missing,observed,observed,observed,observed,observed,observed,observed,missing,0.93023196,0.367816091954023,0.21760797342192692,0.5285714285714286,1.0,,0.45,1.0,,,0.0,0.5,0.0,1.0,0.0,1.0,0.7299222809313749,1.0,0.3125,0.21869782971619367,0.47619047619047616,1.0,,0.45,1.0,,,0.0,0.5,0.0,1.0,0.0,1.0,0.7591128074944358,0.29271203268797497,0.677123427375701,0.5,0.5,0.28760963719582544,0.6655145278879444,0.6400800281806298,0.765133174392203,0.296898468845533,0.6786764076824705,0.27207333325018224,0.5400731297789206,0.5,0.471804529603932,0.471804529603932,0.6933443970513031
GUY,2014,79.0,30.0,0.03947554,70,0.6,0.299,2.0,,,1,1,1,0,0,2,0.0,1.0,20,,observed,imputed,observed,observed,imputed,carried_forward,missing,missing,observed,observed,observed,observed,observed,observed,observed,missing,0.96052446,0.7586206896551724,0.23255813953488372,0.6857142857142857,0.0,,0.6,1.0,,,0.0,0.0,0.5,0.0,0.0,0.5,0.8820809142869084,1.0,0.7439024390243902,0.11663479923518166,0.6779661016949152,0.0,,0.6,0.0,,,0.0,0.0,0.5,0.0,0.0,0.5,0.8611607012265787,0.49558941459502803,0.5419488000002985,0.5,0.2,0.477719680185507,0.4486641643083179,0.6400800281806298,0.2463000918174436,0.5102512537453409,0.5521057412642763,0.27207333325018224,0.2571411577378928,0.2,0.4048275593041834,0.4048275593041834,0.6666184990163916
GUY,2019,88.0,30.0,0.04903315,78,0.6,0.316,2.0,,,1,2,2,1,0,3,0.0,1.0,20,,observed,observed,observed,observed,observed,carried_forward,missing,missing,observed,observed,observed,observed,observed,observed,observed,missing,0.95096685,0.8620689655172413,0.23255813953488372,0.8,0.0,,0.6,1.0,,,0.0,0.5,1.0,0.5,0.0,1.0,0.8340732267158867,1.0,0.8382352941176471,0.20754716981132076,0.8333333333333334,0.0,,0.6,1.0,,,0.0,1.0,1.0,1.0,0.0,1.0,0.8125365135434752,0.5473135525260625,0.5585183066789717,0.5,0.6,0.5259298002219862,0.46573035164707033,0.6400800281806298,0.6707148897822732,0.5648585886998261,0.5694758399514694,0.27207333325018224,0.6901603793289385,0.6,0.5502989921272893,0.5502989921272893,0.8608368964257911
HND,2013,52.0,26.3,0.0847723,61,,0.383,,,,1,1,1,0,0,2,0.0,1.0,80,,observed,imputed,observed,observed,imputed,missing,missing,missing,observed,observed,observed,observed,observed,observed,observed,missing,0.9152277,0.4482758620689655,0.17109634551495018,0.5571428571428572,0.75,,,,,,0.0,0.0,0.5,0.0,0.0,0.5,0.6545561772386757,1.0,0.42857142857142855,0.02156862745098042,0.4897959183673469,0.75,,,,,,0.0,0.0,0.5,0.0,0.0,0.5,0.5533626367730899,0.3096861037919578,0.6538996781271776,,0.2,0.30027063724059977,0.40182382299154,0.0,0.2463000918174436,0.31741134766097606,0.5031539882737177,0.0,0.2571411577378928,0.2,,,
HND,2019,60.0,26.3,0.07282372,64,,0.394,2.0,,,1,1,1,0,0,2,0.0,1.0,80,,observed,observed,observed,observed,imputed,carried_forward,missing,missing,observed,observed,observed,observed,observed,observed,observed,missing,0.92717628,0.5402298850574713,0.17109634551495018,0.6,0.75,,,1.0,,,0.0,0.0,0.5,0.0,0.0,0.5,0.7145736602242085,1.0,0.4264705882352941,0.14408233276157806,0.6,0.75,,,1.0,,,0.0,0.0,0.5,0.0,0.0,0.5,0.6481309281167444,0.35566311528621075,0.6881912200747361,0.5,0.2,0.34312407727302585,0.4151058764713553,0.6400800281806298,0.2463000918174436,0.36595120095385175,0.5304328836839212,0.27207333325018224,0.2571411577378928,0.2,0.3955368849679187,0.3955368849679187,0.617743229521305
HRV,2011,95.0,,0.07641009,74,,0.561,,,,1,1,1,1,0,3,0.0,1.0,20,,observed,imputed,observed,observed,imputed,missing,missing,missing,observed,observed,observed,observed,observed,observed,observed,missing,0.92358991,0.9425287356321839,,0.7428571428571429,0.0,,,,,,0.0,0.0,0.5,0.5,0.0,1.0,0.6965593940557749,1.0,0.9879518072289156,,0.819672131147541,0.0,,,,,,0.0,0.0,1.0,1.0,0.0,1.0,0.5845235575923518,0.9425287356321839,0.4798055123043059,,0.4,0.4392477603323667,0.19990038338057592,0.0,0.6276085012649691,0.4975334962519761,0.38134686886496344,0.0,0.49148157841267115,0.4,,,
HRV,2012,86.5,,0.07652837,74,,0.554,,,2.0,1,1,1,0,0,2,0.0,1.0,20,,imputed,imputed,observed,observed,imputed,missing,missing,carried_forward,observed,observed,observed,observed,observed,observed,observed,missing,0.92347163,0.8448275862068966,,0.7428571428571429,0.0,,,,,1.0,0.0,0.0,0.5,0.0,0.0,0.5,0.6959652759356694,1.0,0.82,,0.7538461538461538,0.0,,,,,0.0,0.0,0.0,0.5,0.0,0.0,0.5,0.6116507891260382,0.8448275862068966,0.4796074729309374,0.5,0.2,0.3937159802979141,0.19984797578899133,0.028286299363680645,0.2463000918174436,0.4459599021282957,0.38118874441838485,0.17855662167362427,0.2571411577378928,0.2,0.44865602778369323,0.44865602778369323,0.630287315725414
HRV,2020,78.0,,0.07649492,76,,0.53,,,2.0,1,1,1,0,0,2,0.0,1.0,20,,observed,imputed,observed,observed,imputed,missing,missing,carried_forward,observed,observed,observed,observed,observed,observed,observed,missing,0.92350508,0.7471264367816092,,0.7714285714285715,0.0,,,,,1.0,0.0,0.0,0.5,0.0,0.0,0.5,0.6961332946295951,1.0,0.6811594202898551,,0.7419354838709677,0.0,,,,,0.0,0.0,0.0,0.5,0.0,0.0,0.5,0.6769620996801337,0.7471264367816092,0.4891872886860555,0.5,0.2,0.3481842002634614,0.20518804193623977,0.028286299363680645,0.2463000918174436,0.39438630800461527,0.38877029691148823,0.17855662167362427,0.2571411577378928,0.2,0.43723741385182663,0.43723741385182663,0.6236455634439348
HTI,2013,45.0,30.4,0.0410524,39,,0.284,,,,1,1,0,1,0,3,0.0,1.0,80,,observed,imputed,observed,observed,imputed,missing,missing,missing,observed,observed,observed,observed,observed,observed,observed,missing,0.9589476,0.367816091954023,0.23920265780730893,0.24285714285714285,0.75,,,,,,0.0,0.0,0.0,0.5,0.0,1.0,0.874160377434783,1.0,0.34523809523809523,0.10196078431372547,0.04081632653061224,0.75,,,,,,0.0,0.0,0.0,1.0,0.0,1.0,0.8755494026487468,0.303509374880666,0.6223391734306419,,0.3,0.299140525759639,0.36261757319258414,0.0,0.5870184682448168,0.3070939476528795,0.4786964347089671,0.0,0.3641950659257678,0.3,,,
HTI,2021,54.0,30.4,0.03442162,44,,0.303,2.0,,,1,1,1,0,0,2,0.0,1.0,80,,observed,observed,observed,observed,imputed,carried_forward,missing,missing,observed,observed,observed,observed,observed,observed,observed,missing,0.96557838,0.47126436781609193,0.23920265780730893,0.3142857142857143,0.75,,,1.0,,,0.0,0.0,0.5,0.0,0.0,0.5,0.907466655321428,1.0,0.425,0.24040066777963268,0.23809523809523808,0.75,,,1.0,,,0.0,0.0,0.5,0.0,0.0,0.5,0.9437574087334925,0.35523351281170046,0.6572507898690474,0.5,0.2,0.3473506457961183,0.37886865693474003,0.6400800281806298,0.2463000918174436,0.36170128260736467,0.5064029813208174,0.27207333325018224,0.2571411577378928,0.2,0.3908960318928032,0.3908960318928032,0.6458823199436601
HUN,2011,87.0,,0.07481309,79,,0.616,,,,1,1,1,0,0,2,0.0,1.0,20,,observed,imputed,observed,observed,imputed,missing,missing,missing,observed,observed,observed,observed,observed,observed,observed,missing,0.92518691,0.8505747126436781,,0.8142857142857143,0.0,,,,,,0.0,0.0,0.5,0.0,0.0,0.5,0.7045810937328825,1.0,0.891566265060241,,0.9016393442622951,0.0,,,,,,0.0,0.0,1.0,0.0,0.0,0.5,0.5955070158989167,0.8505747126436781,0.506288936006199,,0.2,0.39639432029994065,0.2139210960848002,0.0,0.2463000918174436,0.44899364295910044,0.4023239288628623,0.0,0.2571411577378928,0.2,,,
IDN,2012,86.0,,0.02914271,54,0.0,0.632,,,,1,1,0,1,0,3,0.0,1.0,40,,observed,imputed,observed,observed,imputed,missing,missing,missing,observed,observed,observed,observed,observed,observed,observed,missing,0.97085729,0.8390804597701149,,0.45714285714285713,0.25,,0.0,,,,0.0,0.0,0.0,0.5,0.0,1.0,0.9339825167130881,1.0,0.8133333333333334,,0.4461538461538462,0.25,,0.0,,,,0.0,0.0,0.0,1.0,0.0,1.0,0.9539654745574191,0.8390804597701149,0.4102813434639863,,0.3,0.39103764029588745,0.2476720878066054,0.0,0.5870184682448168,0.44292616129749096,0.4298272172439777,0.0,0.3641950659257678,0.3,,,
IDN,2015,96.0,,0.02924285,59,0.0,0.63,2.0,,,1,1,1,0,0,2,0.0,1.0,40,,observed,imputed,observed,observed,imputed,carried_forward,missing,missing,observed,observed,observed,observed,observed,observed,observed,missing,0.97075715,0.9540229885057471,,0.5285714285714286,0.25,,0.0,1.0,,,0.0,0.0,0.5,0.0,0.0,0.5,0.9334795154571922,1.0,0.9571428571428572,,0.49206349206349204,0.25,,0.0,0.0,,,0.0,0.0,0.5,0.0,0.0,0.5,0.9246072181522423,0.9540229885057471,0.42801273600715517,0.5,0.2,0.44460444033641994,0.26094083043996547,0.6400800281806298,0.2463000918174436,0.5036009779135856,0.4485354293955262,0.27207333325018224,0.2571411577378928,0.2,0.44952503443234676,0.44952503443234676,0.6026386982242202
IDN,2017,99.0,,0.02904172,63,0.0,0.637,2.0,,,1,1,1,1,0,3,0.0,1.0,40,,observed,imputed,observed,observed,imputed,carried_forward,missing,missing,observed,observed,observed,observed,observed,observed,observed,missing,0.97095828,0.9885057471264368,,0.5857142857142857,0.25,,0.0,1.0,,,0.0,0.0,0.5,0.5,0.0,1.0,0.9344897875023122,1.0,0.9861111111111112,,0.5932203389830508,0.25,,0.0,1.0,,,0.0,0.0,1.0,1.0,0.0,1.0,0.9671381482464344,0.9885057471264368,0.44255101830414945,0.5,0.4,0.4606744803485797,0.27168043746407344,0.6400800281806298,0.6276085012649691,0.5218034228984141,0.46387798183239437,0.27207333325018224,0.49148157841267115,0.4,0.5438675341910657,0.5438675341910657,0.7301228091119414
IDN,2018,63.0,,0.02867578,63,0.0,0.633,2.0,,,1,1,1,0,0,2,0.0,1.0,40,,observed,imputed,observed,observed,observed,carried_forward,missing,missing,observed,observed,observed,observed,observed,observed,observed,missing,0.97132422,0.5747126436781609,,0.5857142857142857,0.25,,0.0,1.0,,,0.0,0.0,0.5,0.0,0.0,0.5,0.9363278969449176,1.0,0.5,,0.543859649122807,0.25,,0.0,0.0,,,0.0,0.0,0.5,0.0,0.0,0.5,0.975251965120085,0.5747126436781609,0.4430105456648008,0.5,0.2,0.2678340002026626,0.27184257843519666,0.6400800281806298,0.2463000918174436,0.30337408308047326,0.4643671943787332,0.27207333325018224,0.2571411577378928,0.2,0.3994534754186532,0.3994534754186532,0.5324285913197291
IDN,2022,63.0,,0.02693949,68,0.0,0.642,2.0,2.0,,1,1,0,1,0,3,0.0,1.0,40,,imputed,imputed,observed,observed,imputed,carried_forward,carried_forward,missing,observed,observed,observed,observed,observed,observed,observed,missing,0.97306051,0.5747126436781609,,0.6571428571428571,0.25,,0.0,1.0,1.0,,0.0,0.0,0.0,0.5,0.0,1.0,0.9450492475600498,1.0,0.4393939393939394,,0.6129032258064516,0.25,,0.0,1.0,1.0,,0.0,0.0,0.0,1.0,0.0,1.0,0.9649253577434683,0.5747126436781609,0.4630480261757267,0.6666666666666666,0.3,0.2678340002026626,0.2859250078576474,0.9163637110438112,0.5870184682448168,0.30337408308047326,0.48553046636652,0.5207813748777301,0.3641950659257678,0.3,0.4803156044261043,0.4803156044261043,0.6405580142020055
IND,2011,68.0,,0.03246342,54,0.25,0.688,,,,3,1,1,0,0,2,0.0,1.0,20,,observed,imputed,observed,observed,imputed,missing,missing,missing,observed,observed,observed,observed,observed,observed,observed,missing,0.96753658,0.632183908045977,,0.45714285714285713,0.0,,0.25,,,,0.3333333333333333,0.0,0.5,0.0,0.0,0.5,0.9173026555141097,1.0,0.6626506024096386,,0.4918032786885246,0.0,,0.25,,,,0.3333333333333333,0.0,1.0,0.0,0.0,0.5,0.8867692793565246,0.632183908045977,0.4061113781642417,,0.2,0.29461740022292887,0.2673903906238566,0.018449996530836087,0.2463000918174436,0.33371149138852063,0.4215859843406876,0.10022066784005601,0.2571411577378928,0.2,,,
IND,2013,94.0,,0.03749442,57,0.25,0.686,,,,3,1,1,1,0,3,0.0,1.0,20,,observed,imputed,observed,observed,imputed,missing,missing,missing,observed,observed,observed,observed,observed,observed,observed,missing,0.96250558,0.9310344827586207,,0.5,0.0,,0.25,,,,0.3333333333333333,0.0,0.5,0.5,0.0,1.0,0.8920320411900463,1.0,0.9285714285714286,,0.40816326530612246,0.0,,0.25,,,,0.3333333333333333,0.0,0.5,1.0,0.0,1.0,0.90176936356472,0.9310344827586207,0.4105080102975116,,0.4,0.43389108032831347,0.27314911899446126,0.018449996530836087,0.6276085012649691,0.4914660145903667,0.4261654657279265,0.10022066784005601,0.49148157841267115,0.4,,,
IND,2015,84.5,,0.0359566,62,0.25,0.685,,,,3,1,0,1,0,3,0.0,1.0,20,,imputed,imputed,observed,observed,observed,missing,missing,missing,observed,observed,observed,observed,observed,observed,observed,missing,0.9640434,0.8218390804597702,,0.5714285714285714,0.0,,0.25,,,,0.3333333333333333,0.0,0.0,0.5,0.0,1.0,0.8997564808878861,1.0,0.7928571428571428,,0.5396825396825397,0.0,,0.25,,,,0.3333333333333333,0.0,0.0,1.0,0.0,1.0,0.8788195255975618,0.8218390804597702,0.4302962630791144,,0.3,0.3830026202898076,0.28714361017966317,0.018449996530836087,0.5870184682448168,0.43382493880507683,0.4470634100279178,0.10022066784005601,0.3641950659257678,0.3,,,
IND,2018,75.0,,0.02858494,63,0.925,0.698,,2.0,,3,1,1,1,0,3,0.0,1.0,20,,observed,imputed,observed,observed,observed,missing,carried_forward,missing,observed,observed,observed,observed,observed,observed,observed,missing,0.97141506,0.7126436781609196,,0.5857142857142857,0.0,,0.925,,1.0,,0.3333333333333333,0.0,0.5,0.5,0.0,1.0,0.9367841844832199,1.0,0.6621621621621622,,0.543859649122807,0.0,,0.925,,0.0,,0.3333333333333333,0.0,0.5,1.0,0.0,1.0,0.9758963761033342,0.7126436781609196,0.6118746175493763,0.6666666666666666,0.4,0.3321141602513017,0.566502916612579,0.2947336793940174,0.6276085012649691,0.37618386301978685,0.6141997638697069,0.34892870946760396,0.49148157841267115,0.4,0.5839503212738887,0.5839503212738887,0.762261344413834
IND,2020,80.0,,0.03341461,66,1.0,0.701,,2.0,,3,1,1,0,0,2,0.0,1.0,20,,observed,imputed,observed,observed,observed,missing,carried_forward,missing,observed,observed,observed,observed,observed,observed,observed,missing,0.96658539,0.7701149425287356,,0.6285714285714286,0.0,,1.0,,1.0,,0.3333333333333333,0.0,0.5,0.0,0.0,0.5,0.9125248468003538,1.0,0.7101449275362319,,0.5806451612903226,0.0,,1.0,,0.0,,0.3333333333333333,0.0,0.5,0.0,0.0,0.5,0.9381978706042075,0.7701149425287356,0.6352740688429456,0.6666666666666666,0.2,0.3588975602715679,0.6027320107884757,0.2947336793940174,0.2463000918174436,0.40652127132783417,0.6361053984949642,0.34892870946760396,0.2571411577378928,0.2,0.5053751156743038,0.5053751156743038,0.6527317781805069
IND,2022,80.0,,0.03305885,68,1.0,0.713,,2.0,,3,1,1,1,0,3,0.0,1.0,20,,imputed,imputed,observed,observed,imputed,missing,carried_forward,missing,observed,observed,observed,observed,observed,observed,observed,missing,0.96694115,0.7701149425287356,,0.6571428571428571,0.0,,1.0,,1.0,,0.3333333333333333,0.0,0.5,0.5,0.0,1.0,0.9143118223026258,1.0,0.696969696969697,,0.6129032258064516,0.0,,1.0,,1.0,,0.5,0.0,0.5,1.0,0.0,1.0,0.922144283078141,0.7701149425287356,0.6428636698613708,0.6666666666666666,0.4,0.3588975602715679,0.6082148862935498,0.2947336793940174,0.6276085012649691,0.40652127132783417,0.6441178360943978,0.34892870946760396,0.49148157841267115,0.4,0.6027827165341558,0.6027827165341558,0.7825462005564937
IND,2023,80.0,,0.03305885,69,1.0,,,2.0,,3,1,1,0,0,2,0.0,1.0,20,20.0,imputed,imputed,imputed,observed,imputed,missing,carried_forward,missing,observed,observed,observed,observed,observed,observed,observed,observed,0.96694115,0.7701149425287356,,0.6714285714285714,0.0,0.0,1.0,,1.0,,0.3333333333333333,0.0,0.5,0.0,0.0,0.5,0.9143118223026258,1.0,0.6923076923076923,,0.5833333333333334,0.0,0.0,1.0,,1.0,,0.3333333333333333,0.0,1.0,0.0,0.0,0.5,0.9422021245211403,0.7701149425287356,0.6464350984327993,0.6666666666666666,0.2,0.3588975602715679,0.6108775088415632,0.2947336793940174,0.2463000918174436,0.40652127132783417,0.6478862532661352,0.34892870946760396,0.2571411577378928,0.2,0.507580353446902,0.507580353446902,0.6409782410533212
IRL,2013,,,0.10287165,81,,0.655,,2.0,2.0,4,1,1,0,0,2,0.0,1.0,40,,imputed,imputed,observed,observed,imputed,missing,carried_forward,carried_forward,observed,observed,observed,observed,observed,observed,observed,missing,0.89712835,,,0.8428571428571429,0.25,,,,1.0,1.0,0.5,0.0,0.5,0.0,0.0,0.5,0.5636434971817816,1.0,,,0.8979591836734694,0.25,,,,0.0,0.0,0.5,0.0,0.5,0.0,0.0,0.5,0.4199823902274311,,0.5521668800129748,0.8333333333333334,0.2,0.0,0.2868950222752457,0.3322449770231161,0.2463000918174436,0.0,0.43300880761133154,0.5775956650612561,0.2571411577378928,0.2,,,
IRN,2011,66.0,39.5,0.0609788,73,,0.662,,,,1,1,0,1,0,3,0.0,1.0,20,,observed,imputed,observed,observed,imputed,missing,missing,missing,observed,observed,observed,observed,observed,observed,observed,missing,0.9390212,0.6091954022988506,0.3903654485049834,0.7285714285714285,0.0,,,,,,0.0,0.0,0.0,0.5,0.0,1.0,0.7740704610628857,1.0,0.6385542168674698,0.22899159663865543,0.8032786885245902,0.0,,,,,,0.0,0.0,0.0,1.0,0.0,1.0,0.6906531320015677,0.49978042540191703,0.5008806298781048,,0.3,0.4923470257914524,0.20407506844114354,0.0,0.5870184682448168,0.5058794141981038,0.39820801029352304,0.0,0.3641950659257678,0.3,,,
IRN,2012,91.0,39.5,0.06122351,76,,0.659,,,,1,1,1,1,0,3,0.0,1.0,20,,observed,imputed,observed,observed,imputed,missing,missing,missing,observed,observed,observed,observed,observed,observed,observed,missing,0.93877649,0.896551724137931,0.3903654485049834,0.7714285714285715,0.0,,,,,,0.0,0.0,0.5,0.5,0.0,1.0,0.7728412875325255,1.0,0.88,0.2982791586998088,0.7846153846153846,0.0,,,,,,0.0,0.0,0.5,1.0,0.0,1.0,0.7222133166179274,0.6434585863214572,0.5147566196536989,,0.4,0.6262640258927836,0.2119545097938693,0.0,0.6276085012649691,0.6575664557383405,0.4091861174620814,0.0,0.49148157841267115,0.4,,,
IRN,2014,84.0,39.5,0.06352396,77,,0.646,,,,1,1,1,1,0,3,0.0,1.0,20,,observed,imputed,observed,observed,imputed,missing,missing,missing,observed,observed,observed,observed,observed,observed,observed,missing,0.93647604,0.8160919540229885,0.3903654485049834,0.7857142857142857,0.0,,,,,,0.0,0.0,0.5,0.5,0.0,1.0,0.7612861723025928,1.0,0.8048780487804879,0.2982791586998088,0.7966101694915254,0.0,,,,,,0.0,0.0,0.5,1.0,0.0,1.0,0.6920560010305867,0.603228701263986,0.5156668193389594,,0.4,0.5887672658644109,0.21359784722131525,0.0,0.6276085012649691,0.6150940841070742,0.4098791424869501,0.0,0.49148157841267115,0.4,,,
IRN,2016,84.0,39.5,0.07992026,78,,0.644,,,,1,1,1,1,0,3,0.0,1.0,20,,imputed,imputed,observed,observed,imputed,missing,missing,missing,observed,observed,observed,observed,observed,observed,observed,missing,0.92007974,0.8160919540229885,0.3903654485049834,0.8,0.0,,,,,,0.0,0.0,0.5,0.5,0.0,1.0,0.6789278789927861,1.0,0.7777777777777778,0.3704974271012007,0.8333333333333334,0.0,,,,,,0.0,0.0,0.5,1.0,0.0,1.0,0.606174924504704,0.603228701263986,0.49297595966426205,,0.4,0.5887672658644109,0.20899558480231836,0.0,0.6276085012649691,0.6150940841070742,0.39172791252108274,0.0,0.49148157841267115,0.4,,,
IRN,2019,84.0,39.5,0.06273989,80,,0.607,,,,1,1,1,1,0,3,0.0,1.0,20,,imputed,observed,observed,observed,imputed,missing,missing,missing,observed,observed,observed,observed,observed,observed,observed,missing,0.93726011,0.8160919540229885,0.3903654485049834,0.8285714285714286,0.0,,,,,,0.0,0.0,0.5,0.5,0.0,1.0,0.7652245405341708,1.0,0.7794117647058824,0.3704974271012007,0.8666666666666667,0.0,,,,,,0.0,0.0,0.5,1.0,0.0,1.0,0.717815596222369,0.603228701263986,0.5312653230351998,,0.4,0.5887672658644109,0.22193312119215375,0.0,0.6276085012649691,0.6150940841070742,0.42223259010318426,0.0,0.49148157841267115,0.4,,,
IRQ,2013,93.0,,0.02808685,69,,0.554,,,,1,1,1,0,0,2,0.0,1.0,60,,observed,imputed,observed,observed,imputed,missing,missing,missing,observed,observed,observed,observed,observed,observed,observed,missing,0.97191315,0.9195402298850575,,0.6714285714285714,0.5,,,,,,0.0,0.0,0.5,0.0,0.0,0.5,0.9392860807838903,1.0,0.9166666666666666,,0.6530612244897959,0.5,,,,,,0.0,0.0,0.5,0.0,0.0,0.5,0.9710969364331131,0.9195402298850575,0.7035715507374872,,0.2,0.4285344003242602,0.36816014628745275,0.0,0.2463000918174436,0.48539853292875723,0.5484235817035216,0.0,0.2571411577378928,0.2,,,
IRQ,2016,91.0,,0.04589492,67,,0.534,,2.0,,1,1,1,0,0,2,0.0,1.0,60,,imputed,imputed,observed,observed,imputed,missing,carried_forward,missing,observed,observed,observed,observed,observed,observed,observed,missing,0.95410508,0.896551724137931,,0.6428571428571429,0.5,,,,1.0,,0.0,0.0,0.5,0.0,0.0,0.5,0.8498364944539518,1.0,0.875,,0.6666666666666666,0.5,,,,0.0,,0.0,0.0,0.5,0.0,0.0,0.5,0.8405769435453293,0.896551724137931,0.6642312124370315,0.5,0.2,0.4178210403161537,0.3549444881083239,0.27628368286318133,0.2463000918174436,0.47326356960553834,0.5170797536723387,0.24870804162754795,0.2571411577378928,0.2,0.49399625593904967,0.49399625593904967,0.7004234726147939
IRQ,2017,89.0,,0.0404065,67,,0.531,,2.0,,1,1,1,0,0,2,0.0,1.0,60,,observed,imputed,observed,observed,imputed,missing,carried_forward,missing,observed,observed,observed,observed,observed,observed,observed,missing,0.9595935,0.8735632183908046,,0.6428571428571429,0.5,,,,1.0,,0.0,0.0,0.5,0.0,0.0,0.5,0.8774047204663695,1.0,0.8472222222222222,,0.6610169491525424,0.5,,,,0.0,,0.0,0.0,1.0,0.0,0.0,0.5,0.8877718340153915,0.8735632183908046,0.6734206211078374,0.5,0.2,0.4071076803080472,0.3573763013802595,0.27628368286318133,0.2463000918174436,0.4611286062823194,0.5244170327989082,0.24870804162754795,0.2571411577378928,0.2,0.4924874724084428,0.4924874724084428,0.6994808877145134
ISL,2021,76.0,48.5,0.0978697,90,,0.54,,2.0,,4,1,1,0,0,2,0.0,1.0,20,,observed,observed,observed,observed,imputed,missing,carried_forward,missing,observed,observed,observed,observed,observed,observed,observed,missing,0.9021303,0.7241379310344828,0.5398671096345514,0.9714285714285714,0.0,,,,1.0,,0.5,0.0,0.5,0.0,0.0,0.5,0.5887681939256196,1.0,0.7,0.5425709515859766,0.9682539682539683,0.0,,,,0.0,,0.5,0.0,0.5,0.0,0.0,0.5,0.6123137878241117,0.6320025203345171,0.520065588451397,0.75,0.2,0.6257430543506941,0.23299400396918193,0.30395867765943546,0.2463000918174436,0.6371383148650588,0.41295293222418006,0.39903904338763196,0.2571411577378928,0.2,0.47121276509843446,0.47121276509843446,0.6667172789119196
ISR,2018,91.0,,0.07227994,85,,0.697,,,,4,1,1,0,0,2,0.0,1.0,20,,observed,imputed,observed,observed,imputed,missing,missing,missing,observed,observed,observed,observed,observed,observed,observed,missing,0.92772006,0.896551724137931,,0.9,0.0,,,,,,0.5,0.0,0.5,0.0,0.0,0.5,0.7173050564987343,1.0,0.8783783783783784,,0.9298245614035088,0.0,,,,,,0.5,0.0,0.5,0.0,0.0,0.5,0.6659278830049301,0.896551724137931,0.5391016854995782,,0.2,0.4178210403161537,0.23101922138490644,0.02767499479625413,0.2463000918174436,0.47326356960553834,0.42832091263263816,0.15033100176008402,0.2571411577378928,0.2,,,
ITA,2017,,,0.08677739,83,,0.781,,,,1,1,1,0,0,2,0.0,1.0,20,,imputed,imputed,observed,observed,imputed,missing,missing,missing,observed,observed,observed,observed,observed,observed,observed,missing,0.91322261,,,0.8714285714285714,0.0,,,,,,0.0,0.0,0.5,0.0,0.0,0.5,0.6444846494956754,1.0,,,0.9322033898305084,0.0,,,,,,0.0,0.0,1.0,0.0,0.0,0.5,0.5639392013631859,,0.5053044069747489,,0.2,0.0,0.21927043521162548,0.0,0.2463000918174436,0.0,0.40140293812979383,0.0,0.2571411577378928,0.2,,,
JAM,2010,79.0,,0.05295193,67,0.575,0.403,,,,4,1,1,0,0,2,0.0,1.0,40,,imputed,imputed,observed,observed,imputed,missing,missing,missing,observed,observed,observed,observed,observed,observed,observed,missing,0.94704807,0.7586206896551724,,0.6428571428571429,0.25,,0.575,,,,0.5,0.0,0.5,0.0,0.0,0.5,0.8143892716372039,1.0,0.7142857142857143,,0.7258064516129032,0.25,,0.575,,,,0.5,0.0,0.5,0.0,0.0,0.5,0.7724520278282986,0.7586206896551724,0.5705616036235868,,0.2,0.3535408802675147,0.5046590031850685,0.02767499479625413,0.2463000918174436,0.4004537896662247,0.5777572661835079,0.15033100176008402,0.2571411577378928,0.2,,,
JAM,2012,79.0,,0.04885129,73,0.575,0.409,,,,4,1,1,1,0,3,0.0,1.0,40,,observed,imputed,observed,observed,imputed,missing,missing,missing,observed,observed,observed,observed,observed,observed,observed,missing,0.95114871,0.7586206896551724,,0.7285714285714285,0.25,,0.575,,,,0.5,0.0,0.5,0.5,0.0,1.0,0.8349867059289603,1.0,0.72,,0.7384615384615385,0.25,,0.575,,,,0.5,0.0,0.5,1.0,0.0,1.0,0.8115904108145231,0.7586206896551724,0.5971395336250972,,0.4,0.3535408802675147,0.5224516531362813,0.02767499479625413,0.6276085012649691,0.4004537896662247,0.6058497731927783,0.15033100176008402,0.49148157841267115,0.4,,,
JAM,2016,83.0,,0.05701022,75,0.575,0.391,,,,4,1,1,0,0,2,0.0,1.0,40,,observed,imputed,observed,observed,observed,missing,missing,missing,observed,observed,observed,observed,observed,observed,observed,missing,0.94298978,0.8045977011494253,,0.7571428571428571,0.25,,0.575,,,,0.5,0.0,0.5,0.0,0.0,0.5,0.7940045605648121,1.0,0.7638888888888888,,0.7878787878787878,0.25,,0.575,,,,0.5,0.0,0.5,0.0,0.0,0.5,0.7640031675818187,0.8045977011494253,0.5940368544269172,,0.2,0.37496760028372766,0.5241618333759752,0.02767499479625413,0.2463000918174436,0.4247237163126626,0.6024792158307819,0.15033100176008402,0.2571411577378928,0.2,,,
JOR,2010,,,0.08170257,76,0.0,0.475,,,,4,1,1,0,0,2,0.0,1.0,20,,imputed,imputed,observed,observed,imputed,missing,missing,missing,observed,observed,observed,observed,observed,observed,observed,missing,0.91829743,,,0.7714285714285715,0.0,,0.0,,,,0.5,0.0,0.5,0.0,0.0,0.5,0.6699753708202711,1.0,,,0.8709677419354839,0.0,,0.0,,,,0.5,0.0,0.5,0.0,0.0,0.5,0.5687424996707061,,0.3603509855622107,,0.2,0.0,0.2028806324476081,0.02767499479625413,0.2463000918174436,0.0,0.3818083695000509,0.15033100176008402,0.2571411577378928,0.2,,,
JOR,2015,,,0.07460956,75,0.0,0.473,,,,4,1,1,0,0,2,0.0,1.0,20,,imputed,imputed,observed,observed,observed,missing,missing,missing,observed,observed,observed,observed,observed,observed,observed,missing,0.92539044,,,0.7571428571428571,0.0,,0.0,,,,0.5,0.0,0.5,0.0,0.0,0.5,0.7056034209309302,1.0,,,0.746031746031746,0.0,,0.0,,,,0.5,0.0,0.5,0.0,0.0,0.5,0.6152068130586124,,0.3656865695184468,,0.2,0.0,0.20336078611861086,0.02767499479625413,0.2463000918174436,0.0,0.3875223524029342,0.15033100176008402,0.2571411577378928,0.2,,,
JPN,2010,99.0,58.8,0.09063006,81,1.0,0.861,,,,1,1,1,1,0,3,0.0,1.0,20,,imputed,imputed,observed,observed,imputed,missing,missing,missing,observed,observed,observed,observed,observed,observed,observed,missing,0.90936994,0.9885057471264368,0.7109634551495015,0.8428571428571429,0.0,,1.0,,,,0.0,0.0,0.5,0.5,0.0,1.0,0.6251327636503387,1.0,1.0,0.6581532416502947,0.9516129032258065,0.0,,1.0,,,,0.0,0.0,0.5,1.0,0.0,1.0,0.5054877416711762,0.8497346011379692,0.6169974766268704,,0.4,0.8403068115264418,0.6173202842815285,0.0,0.6276085012649691,0.8574699559402834,0.6161422972023008,0.0,0.49148157841267115,0.4,,,
JPN,2013,99.0,58.8,0.10674387,82,1.0,0.853,,,,1,2,1,1,0,3,0.0,1.0,20,,observed,imputed,observed,observed,imputed,missing,missing,missing,observed,observed,observed,observed,observed,observed,observed,missing,0.89325613,0.9885057471264368,0.7109634551495015,0.8571428571428571,0.0,,1.0,,,,0.0,0.5,0.5,0.5,0.0,1.0,0.5441934120698906,1.0,0.9880952380952381,0.6588235294117646,0.9183673469387755,0.0,,1.0,,,,0.0,1.0,0.5,1.0,0.0,1.0,0.39144668821166645,0.8497346011379692,0.600334067303187,,0.5,0.8403068115264418,0.6128431877447325,0.0,0.6301248567621209,0.8574699559402834,0.5983687183601566,0.0,0.5628738668420351,0.5,,,
JPN,2016,100.0,58.8,0.10658916,83,1.0,0.841,,,,1,1,0,0,1,1,0.0,1.0,20,,observed,imputed,observed,observed,observed,missing,missing,missing,observed,observed,observed,observed,observed,observed,observed,missing,0.89341084,1.0,0.7109634551495015,0.8714285714285714,0.0,,1.0,,,,0.0,0.0,0.0,0.0,1.0,0.0,0.5449705173654731,1.0,1.0,0.7015437392795882,0.9090909090909091,0.0,,1.0,,,,0.0,0.0,0.0,0.0,1.0,0.0,0.42245173450594053,0.8554817275747508,0.6040997721985111,,0.2,0.8456634915304951,0.6155743593161991,0.0,0.15117040407034077,0.8635374376018928,0.602343961987171,0.0,0.13396155686684127,0.2,,,
JPN,2017,100.0,58.8,0.10656271,83,1.0,0.838,,,,1,2,1,0,1,2,0.0,1.0,20,,observed,imputed,observed,observed,observed,missing,missing,missing,observed,observed,observed,observed,observed,observed,observed,missing,0.89343729,1.0,0.7109634551495015,0.8714285714285714,0.0,,1.0,,,,0.0,0.5,0.5,0.0,1.0,0.5,0.5451033751966939,1.0,1.0,0.7015437392795882,0.9322033898305084,0.0,,1.0,,,,0.0,1.0,1.0,0.0,1.0,0.5,0.4257677695992852,0.8554817275747508,0.6041329866563163,,0.5,0.8456634915304951,0.6155860788021428,0.0,0.39998685138493617,0.8635374376018928,0.6023793220785814,0.0,0.4624950030340981,0.5,,,
JPN,2018,97.5,58.8,0.10739882,84,1.0,0.839,,,,1,1,0,0,1,1,0.0,1.0,20,,imputed,imputed,observed,observed,observed,missing,missing,missing,observed,observed,observed,observed,observed,observed,observed,missing,0.89260118,0.9712643678160919,0.7109634551495015,0.8857142857142857,0.0,,1.0,,,,0.0,0.0,0.0,0.0,1.0,0.0,0.5409036110658066,1.0,0.9662162162162162,0.6673040152963671,0.9122807017543859,0.0,,1.0,,,,0.0,0.0,0.0,0.0,1.0,0.0,0.4167976321088627,0.8411139114827968,0.606654474195023,,0.2,0.832271791520362,0.6178782371009189,0.0,0.15117040407034077,0.8483687334478691,0.6050299726707719,0.0,0.13396155686684127,0.2,,,
JPN,2019,95.0,58.8,0.10969984,84,1.0,0.84,,,,1,1,1,1,0,3,0.0,1.0,20,,observed,observed,observed,observed,observed,missing,missing,missing,observed,observed,observed,observed,observed,observed,observed,missing,0.89030016,0.9425287356321839,0.7109634551495015,0.8857142857142857,0.0,,1.0,,,,0.0,0.0,0.5,0.5,0.0,1.0,0.5293456327370537,1.0,0.9411764705882353,0.7015437392795882,0.9333333333333333,0.0,,1.0,,,,0.0,0.0,0.5,1.0,0.0,1.0,0.393297181095704,0.8267460953908428,0.6037649796128348,,0.4,0.8188800915102288,0.6168586994243217,0.0,0.6276085012649691,0.8332000292938455,0.6019538185105912,0.0,0.49148157841267115,0.4,,,
JPN,2021,98.0,60.5,0.11189969,85,1.0,0.835,,,,1,1,1,0,0,2,0.0,1.0,20,,observed,observed,observed,observed,observed,missing,missing,missing,observed,observed,observed,observed,observed,observed,observed,missing,0.88810031,0.9770114942528736,0.739202657807309,0.9,0.0,,1.0,,,,0.0,0.0,0.5,0.0,0.0,0.5,0.5182958293339945,1.0,0.975,0.7429048414023371,0.8888888888888888,0.0,,1.0,,,,0.0,0.0,0.5,0.0,0.0,0.5,0.5390231431438878,0.8581070760300913,0.6045739573334986,,0.2,0.8500289857981449,0.6185466107756213,0.0,0.2463000918174436,0.8647350234882809,0.6027813322007102,0.0,0.2571411577378928,0.2,,,
JPN,2022,98.0,60.5,0.11421837,85,1.0,0.835,,,,1,1,1,1,0,3,0.0,1.0,20,,imputed,imputed,observed,observed,observed,missing,missing,missing,observed,observed,observed,observed,observed,observed,observed,missing,0.88578163,0.9770114942528736,0.739202657807309,0.9,0.0,,1.0,,,,0.0,0.0,0.5,0.5,0.0,1.0,0.5066491451716173,1.0,0.9696969696969697,0.7429048414023371,0.8870967741935484,0.0,,1.0,,,,0.0,0.0,0.5,1.0,0.0,1.0,0.3547497377462574,0.8581070760300913,0.6016622862929043,,0.4,0.8500289857981449,0.6175192482929084,0.0,0.6276085012649691,0.8647350234882809,0.5996815689965104,0.0,0.49148157841267115,0.4,,,
KAZ,2011,83.0,,0.02602367,81,0.85,0.588,,,,1,1,1,1,0,3,0.0,1.0,100,,observed,imputed,observed,observed,imputed,missing,missing,missing,observed,observed,observed,observed,observed,observed,observed,missing,0.97397633,0.8045977011494253,,0.8428571428571429,1.0,,0.85,,,,0.0,0.0,0.5,0.5,0.0,1.0,0.9496493934575376,1.0,0.8433734939759037,,0.9344262295081968,1.0,,0.85,,,,0.0,0.0,1.0,1.0,0.0,1.0,0.9310590261503277,0.8045977011494253,0.9106266340786702,,0.4,0.37496760028372766,0.9055073676254234,0.0,0.6276085012649691,0.4247237163126626,0.9110326007186779,0.0,0.49148157841267115,0.4,,,
KAZ,2013,82.0,,0.02662867,82,0.85,0.605,,,,1,1,1,0,0,2,0.0,1.0,100,,observed,imputed,observed,observed,imputed,missing,missing,missing,observed,observed,observed,observed,observed,observed,observed,missing,0.97337133,0.7931034482758621,,0.8571428571428571,1.0,,0.85,,,,0.0,0.0,0.5,0.0,0.0,0.5,0.9466104903237555,1.0,0.7857142857142857,,0.9183673469387755,1.0,,0.85,,,,0.0,0.0,0.5,0.0,0.0,0.5,0.9818427592338185,0.7931034482758621,0.9134383368666532,,0.2,0.36961092027967446,0.9079019263172594,0.0,0.2463000918174436,0.4186562346510531,0.9139922142872701,0.0,0.2571411577378928,0.2,,,
KAZ,2015,78.0,,0.03040511,82,0.85,0.6,,,,1,1,1,0,0,2,0.0,1.0,100,,observed,imputed,observed,observed,imputed,missing,missing,missing,observed,observed,observed,observed,observed,observed,observed,missing,0.96959489,0.7471264367816092,,0.8571428571428571,1.0,,0.85,,,,0.0,0.0,0.5,0.0,0.0,0.5,0.9276415062732755,1.0,0.7,,0.8571428571428571,1.0,,0.85,,,,0.0,0.0,0.5,0.0,0.0,0.5,0.9166806192248765,0.7471264367816092,0.9086960908540331,,0.2,0.3481842002634614,0.9062286584345776,0.0,0.2463000918174436,0.39438630800461527,0.9089436220904734,0.0,0.2571411577378928,0.2,,,
KAZ,2018,71.0,,0.02817861,82,0.85,0.571,,,,1,1,0,1,0,3,0.0,1.0,100,,observed,imputed,observed,observed,observed,missing,missing,missing,observed,observed,observed,observed,observed,observed,observed,missing,0.97182139,0.6666666666666666,,0.8571428571428571,1.0,,0.85,,,,0.0,0.0,0.0,0.5,0.0,1.0,0.9388251721036327,1.0,0.6081081081081081,,0.8771929824561403,1.0,,0.85,,,,0.0,0.0,0.0,1.0,0.0,1.0,0.9787788454430911,0.6666666666666666,0.9114920073116225,,0.3,0.31068744023508865,0.9072151777333858,0.0,0.5870184682448168,0.351913936373349,0.911920153036594,0.0,0.3641950659257678,0.3,,,
KAZ,2023,71.0,,0.02817861,83,0.85,,2.0,,,1,1,1,0,0,2,0.0,1.0,100,100.0,imputed,imputed,imputed,observed,imputed,carried_forward,missing,missing,observed,observed,observed,observed,observed,observed,observed,observed,0.97182139,0.6666666666666666,,0.8714285714285714,1.0,1.0,0.85,1.0,,,0.0,0.0,0.5,0.0,0.0,0.5,0.9388251721036327,1.0,0.5538461538461539,,0.875,1.0,1.0,0.85,1.0,,,0.0,0.0,1.0,0.0,0.0,0.5,0.9770625005803827,0.6666666666666666,0.9150634358830511,0.5,0.2,0.31068744023508865,0.9098778002813991,0.6400800281806298,0.2463000918174436,0.351913936373349,0.9156885702083315,0.27207333325018224,0.2571411577378928,0.2,0.4969812290576124,0.4969812290576124,0.6275935462722555
KEN,2012,66.0,43.1,0.05018058,54,0.9,0.416,,,,1,1,1,0,0,2,0.0,1.0,100,,observed,imputed,observed,observed,imputed,missing,missing,missing,observed,observed,observed,observed,observed,observed,observed,missing,0.94981942,0.6091954022988506,0.45016611295681064,0.45714285714285713,1.0,,0.9,,,,0.0,0.0,0.5,0.0,0.0,0.5,0.8283097083311001,1.0,0.5466666666666666,0.367112810707457,0.4461538461538462,1.0,,0.9,,,,0.0,0.0,0.5,0.0,0.0,0.5,0.8019876008463367,0.5296807576278306,0.7963631413684893,,0.2,0.5242787171989362,0.843167203836382,0.0,0.2463000918174436,0.5341130478184479,0.7883621332319544,0.0,0.2571411577378928,0.2,,,
KEN,2014,53.5,43.1,0.04912673,53,0.9,0.433,,2.0,,1,1,1,1,0,3,0.0,1.0,100,,imputed,imputed,observed,observed,imputed,missing,carried_forward,missing,observed,observed,observed,observed,observed,observed,observed,missing,0.95087327,0.46551724137931033,0.45016611295681064,0.44285714285714284,1.0,,0.9,,1.0,,0.0,0.0,0.5,0.5,0.0,1.0,0.8336031762113255,1.0,0.4329268292682927,0.367112810707457,0.3898305084745763,1.0,,0.9,,0.0,,0.0,0.0,0.5,1.0,0.0,1.0,0.7932950538582877,0.45784167716806046,0.794115079767117,0.5,0.4,0.4573202171482704,0.8409715219409843,0.27628368286318133,0.6276085012649691,0.45826952704832963,0.7860025717249685,0.24870804162754795,0.49148157841267115,0.4,0.5192866893329326,0.5192866893329326,0.7736470922422656
KEN,2019,41.0,43.1,0.04368747,52,0.9,0.45,,2.0,,1,1,1,0,0,2,0.0,1.0,100,,observed,observed,observed,observed,observed,missing,carried_forward,missing,observed,observed,observed,observed,observed,observed,observed,missing,0.95631253,0.3218390804597701,0.45016611295681064,0.42857142857142855,1.0,,0.9,,1.0,,0.0,0.0,0.5,0.0,0.0,0.5,0.8609244725079477,1.0,0.14705882352941177,0.4322469982847342,0.4,1.0,,0.9,,0.0,,0.0,0.0,0.5,0.0,0.0,0.5,0.8494780265002463,0.3860025967082904,0.797373975269844,0.5,0.2,0.3903617170976048,0.8407189308150396,0.27628368286318133,0.2463000918174436,0.38242600627821133,0.7895057133737997,0.24870804162754795,0.2571411577378928,0.2,0.41885438922214535,0.41885438922214535,0.6286526876416577
KGZ,2017,,,0.06185863,74,0.825,0.331,,,,1,1,1,0,0,2,0.0,1.0,100,,imputed,imputed,observed,observed,observed,missing,missing,missing,observed,observed,observed,observed,observed,observed,observed,missing,0.93814137,,,0.7428571428571429,1.0,,0.825,,,,0.0,0.0,0.5,0.0,0.0,0.5,0.7696510922295045,1.0,,,0.7796610169491526,1.0,,0.825,,,,0.0,0.0,1.0,0.0,0.0,0.5,0.7379601798958054,,0.8343770587716619,,0.2,0.0,0.8608641752401704,0.0,0.2463000918174436,0.0,0.8310614928695288,0.0,0.2571411577378928,0.2,,,
KGZ,2023,,,0.06185863,74,0.825,,2.0,,,1,1,1,1,0,3,0.0,1.0,100,100.0,imputed,imputed,imputed,observed,imputed,carried_forward,missing,missing,observed,observed,observed,observed,observed,observed,observed,observed,0.93814137,,,0.7428571428571429,1.0,1.0,0.825,1.0,,,0.0,0.0,0.5,0.5,0.0,1.0,0.7696510922295045,1.0,,,0.6875,1.0,1.0,0.825,1.0,,,0.0,0.0,1.0,1.0,0.0,1.0,0.7364804466480326,,0.8343770587716619,0.5,0.4,0.0,0.8608641752401704,0.6400800281806298,0.6276085012649691,0.0,0.8310614928695288,0.27207333325018224,0.49148157841267115,0.4,,,
KHM,2012,49.0,,0.05724695,49,,0.346,,,,1,1,1,0,0,2,0.0,1.0,80,,observed,imputed,observed,observed,imputed,missing,missing,missing,observed,observed,observed,observed,observed,observed,observed,missing,0.94275305,0.41379310344827586,,0.38571428571428573,0.75,,,,,,0.0,0.0,0.5,0.0,0.0,0.5,0.7928154704179354,1.0,0.32,,0.36923076923076925,0.75,,,,,,0.0,0.0,0.5,0.0,0.0,0.5,0.7509400429207587,0.41379310344827586,0.6428432520440738,,0.2,0.1928404801459171,0.3820683052478294,0.0,0.2463000918174436,0.21842933981794074,0.4947306718952401,0.0,0.2571411577378928,0.2,,,
KOR,2013,100.0,,0.06311044,85,1.0,0.762,,,,1,1,1,0,0,2,0.0,1.0,20,,observed,imputed,observed,observed,imputed,missing,missing,missing,observed,observed,observed,observed,observed,observed,observed,missing,0.93688956,1.0,,0.9,0.0,,1.0,,,,0.0,0.0,0.5,0.0,0.0,0.5,0.7633632751519841,1.0,1.0,,0.9795918367346939,0.0,,1.0,,,,0.0,0.0,0.5,0.0,0.0,0.5,0.7129962273405721,1.0,0.6658408187879961,,0.2,0.466031160352633,0.6401641884533114,0.0,0.2463000918174436,0.5278709045600235,0.6680059953325382,0.0,0.2571411577378928,0.2,,,
KOR,2014,100.0,,0.0650226,86,1.0,0.766,,,,1,1,1,0,0,2,0.0,1.0,20,,observed,imputed,observed,observed,imputed,missing,missing,missing,observed,observed,observed,observed,observed,observed,observed,missing,0.9349774,1.0,,0.9142857142857143,0.0,,1.0,,,,0.0,0.0,0.5,0.0,0.0,0.5,0.7537585329762929,1.0,1.0,,0.9491525423728814,0.0,,1.0,,,,0.0,0.0,0.5,0.0,0.0,0.5,0.6815178006872078,1.0,0.6670110618155018,,0.2,0.466031160352633,0.6419795697067328,0.0,0.2463000918174436,0.5278709045600235,0.6692181118467709,0.0,0.2571411577378928,0.2,,,
KOR,2020,98.0,,0.08355494,87,1.0,0.773,,,,1,1,1,0,0,2,0.0,1.0,20,,observed,imputed,observed,observed,observed,missing,missing,missing,observed,observed,observed,observed,observed,observed,observed,missing,0.91644506,0.9770114942528736,,0.9285714285714286,0.0,,1.0,,,,0.0,0.0,0.5,0.0,0.0,0.5,0.6606709526418844,1.0,0.9710144927536232,,0.9193548387096774,0.0,,1.0,,,,0.0,0.0,0.5,0.0,0.0,0.5,0.6341506675562849,0.9770114942528736,0.6473105953033282,,0.2,0.4553178003445265,0.6364308690739355,0.0,0.2463000918174436,0.5157359412368046,0.6482112837842715,0.0,0.2571411577378928,0.2,,,
KWT,2014,85.0,,0.02915999,83,,0.637,,,,1,1,1,0,0,2,0.0,1.0,20,,observed,imputed,observed,observed,imputed,missing,missing,missing,observed,observed,observed,observed,observed,observed,observed,missing,0.97084001,0.8275862068965517,,0.8714285714285714,0.0,,,,,,0.0,0.0,0.5,0.0,0.0,0.5,0.9338957196120108,1.0,0.8170731707317073,,0.8983050847457628,0.0,,,,,,0.0,0.0,0.5,0.0,0.0,0.5,0.9336980234334743,0.8275862068965517,0.6017747636801941,,0.2,0.3856809602918342,0.2447995962478483,0.0,0.2463000918174436,0.4368586796358815,0.4784296500700631,0.0,0.2571411577378928,0.2,,,
LAO,2019,35.0,32.8,0.02603122,58,,0.366,,,,1,1,0,1,0,3,0.0,1.0,80,,observed,observed,observed,observed,imputed,missing,missing,missing,observed,observed,observed,observed,observed,observed,observed,missing,0.97396878,0.25287356321839083,0.2790697674418604,0.5142857142857142,0.75,,,,,,0.0,0.0,0.0,0.5,0.0,1.0,0.9496114699556203,1.0,0.058823529411764705,0.25557461406518006,0.5,0.75,,,,,,0.0,0.0,0.0,1.0,0.0,1.0,0.9714921740255346,0.2659716653301256,0.7379657280804448,,0.3,0.2668615199907623,0.41986299736539123,0.0,0.5870184682448168,0.2652415534503476,0.5703776576785802,0.0,0.3641950659257678,0.3,,,
LBN,2011,51.0,,0.08177444,66,,0.499,,,,4,1,1,1,0,3,0.0,1.0,20,,observed,imputed,observed,observed,imputed,missing,missing,missing,observed,observed,observed,observed,observed,observed,observed,missing,0.91822556,0.4367816091954023,,0.6285714285714286,0.0,,,,,,0.5,0.0,0.5,0.5,0.0,1.0,0.6696143692198995,1.0,0.4578313253012048,,0.6885245901639344,0.0,,,,,,0.5,0.0,1.0,1.0,0.0,1.0,0.5476299354465635,0.4367816091954023,0.432728599263776,,0.4,0.2035538401540236,0.17622256275368356,0.02767499479625413,0.6276085012649691,0.2305643031411597,0.3440281172620846,0.15033100176008402,0.49148157841267115,0.4,,,
LBN,2012,57.0,,0.07004201,67,,0.498,,,,4,1,1,0,0,2,0.0,1.0,20,,observed,imputed,observed,observed,imputed,missing,missing,missing,observed,observed,observed,observed,observed,observed,observed,missing,0.92995799,0.5057471264367817,,0.6428571428571429,0.0,,,,,,0.5,0.0,0.5,0.0,0.0,0.5,0.7285461349949085,1.0,0.4266666666666667,,0.6461538461538462,0.0,,,,,,0.5,0.0,0.5,0.0,0.0,0.5,0.6585083465177618,0.5057471264367817,0.4571344259506838,,0.2,0.23569392017834315,0.18408359923249237,0.02767499479625413,0.2463000918174436,0.2669691931108165,0.36348121485968954,0.15033100176008402,0.2571411577378928,0.2,,,
LBN,2022,57.0,,0.05735002,68,,0.421,2.0,,2.0,4,1,1,1,0,3,0.0,1.0,20,,imputed,imputed,observed,observed,imputed,carried_forward,missing,carried_forward,observed,observed,observed,observed,observed,observed,observed,missing,0.94264998,0.5057471264367817,,0.6571428571428571,0.0,,,1.0,,1.0,0.5,0.0,0.5,0.5,0.0,1.0,0.7922977518295076,1.0,0.3484848484848485,,0.6129032258064516,0.0,,,1.0,,1.0,0.75,0.0,0.5,1.0,0.0,1.0,0.7523222171303693,0.5057471264367817,0.48314686965745485,0.8333333333333334,0.4,0.23569392017834315,0.1923697982796211,0.6960413223405646,0.6276085012649691,0.2669691931108165,0.3842171150778466,0.6009609566838905,0.49148157841267115,0.4,0.5342233111582259,0.5342233111582259,0.7988063179357416
LBR,2012,,,0.08154446,38,,0.197,,,,1,1,1,0,0,2,0.0,1.0,100,,imputed,imputed,observed,observed,imputed,missing,missing,missing,observed,observed,observed,observed,observed,observed,observed,missing,0.91845554,,,0.22857142857142856,1.0,,,,,,0.0,0.0,0.5,0.0,0.0,0.5,0.6707695542491674,1.0,,,0.2,1.0,,,,,,0.0,0.0,0.5,0.0,0.0,0.5,0.5754144832384447,,0.6331136609401987,,0.2,0.0,0.42209458718397874,0.0,0.2463000918174436,0.0,0.48145414524849356,0.0,0.2571411577378928,0.2,,,
LBR,2013,,,0.07081458,37,,0.2,,,,1,1,1,1,0,3,0.0,1.0,100,,imputed,imputed,observed,observed,imputed,missing,missing,missing,observed,observed,observed,observed,observed,observed,observed,missing,0.92918542,,,0.21428571428571427,1.0,,,,,,0.0,0.0,0.5,0.5,0.0,1.0,0.7246655310377745,1.0,,,0.0,1.0,,,,,,0.0,0.0,0.5,1.0,0.0,1.0,0.656221807672337,,0.6463170817744963,,0.4,0.0,0.4241861679568259,0.0,0.6276085012649691,0.0,0.4920301340359571,0.0,0.49148157841267115,0.4,,,
LBR,2014,,,0.08762839,36,,0.196,,,,1,1,1,0,0,2,0.0,1.0,100,,imputed,imputed,observed,observed,imputed,missing,missing,missing,observed,observed,observed,observed,observed,observed,observed,missing,0.91237161,,,0.2,1.0,,,,,,0.0,0.0,0.5,0.0,0.0,0.5,0.6402100931868344,1.0,,,0.1016949152542373,1.0,,,,,,0.0,0.0,0.5,0.0,0.0,0.5,0.5225574473399387,,0.6134033643956115,,0.2,0.0,0.41407366979619453,0.0,0.2463000918174436,0.0,0.4657839150285168,0.0,0.2571411577378928,0.2,,,
LBY,2010,64.0,25.3,0.03280644,69,,0.542,,,,1,2,2,0,0,2,0.0,1.0,100,,imputed,imputed,observed,observed,imputed,missing,missing,missing,observed,observed,observed,observed,observed,observed,observed,missing,0.96719356,0.5862068965517241,0.15448504983388706,0.6714285714285714,1.0,,,,,,0.0,0.5,1.0,0.0,0.0,0.5,0.9155796727819611,1.0,0.5,0.0,0.7580645161290323,1.0,,,,,,0.0,1.0,1.0,0.0,0.0,0.5,0.9151907029466085,0.3703459731928056,0.8623360814035109,,0.4,0.3556808830093822,0.5262307648230551,0.0,0.28940648033474775,0.38237845159463846,0.66343125308668,0.0,0.45581995865416014,0.4,,,
LBY,2016,64.0,25.3,0.06171787,71,,0.47,1.0,,,1,1,1,0,0,2,0.0,1.0,100,,observed,imputed,observed,observed,imputed,carried_forward,missing,missing,observed,observed,observed,observed,observed,observed,observed,missing,0.93828213,0.5862068965517241,0.15448504983388706,0.7,1.0,,,0.0,,,0.0,0.0,0.5,0.0,0.0,0.5,0.7703581269486969,1.0,0.5,0.12692967409948544,0.7272727272727273,1.0,,,0.0,,,0.0,0.0,0.5,0.0,0.0,0.5,0.7315719658675497,0.3703459731928056,0.823452708982899,0.0,0.2,0.3556808830093822,0.5187459117151108,0.0,0.2463000918174436,0.38237845159463846,0.6323173952713409,0.0,0.2571411577378928,0.2,0.0,0.0,0.04327105784217811
LBY,2021,45.0,25.3,0.06213843,69,,0.485,1.0,,,1,1,1,1,0,3,0.0,1.0,100,,observed,observed,observed,observed,imputed,carried_forward,missing,missing,observed,observed,observed,observed,observed,observed,observed,missing,0.93786157,0.367816091954023,0.15448504983388706,0.6714285714285714,1.0,,,0.0,,,0.0,0.0,0.5,0.5,0.0,1.0,0.7682456623173853,1.0,0.3125,0.15525876460767946,0.6349206349206349,1.0,,,0.0,,,0.0,0.0,0.5,0.5,0.0,1.0,0.7989687899690268,0.261150570893955,0.8132247445819857,0.0,0.4,0.2539039629323704,0.5132343245771767,0.0,0.6276085012649691,0.2670963000240586,0.6242183287901159,0.0,0.49148157841267115,0.4,0.0,0.0,0.03757749759978628
LCA,2023,,,,75,,,,,,7,1,1,0,0,2,0.0,1.0,80,80.0,imputed,imputed,imputed,observed,imputed,missing,missing,missing,observed,observed,observed,observed,observed,observed,observed,observed,,,,0.7571428571428571,0.75,0.75,,,,,1.0,0.0,0.5,0.0,0.0,0.5,,1.0,,,0.7083333333333334,0.75,0.75,,,,,1.0,0.0,1.0,0.0,0.0,0.5,,,0.7535714285714286,,0.2,0.0,0.38136166209185485,0.05534998959250826,0.2463000918174436,0.0,0.38170180245955454,0.30066200352016803,0.2571411577378928,0.2,,,
LKA,2010,71.0,34.1,0.03741452,67,0.05,0.468,,,,6,1,1,1,0,3,0.0,1.0,80,,imputed,imputed,observed,observed,imputed,missing,missing,missing,observed,observed,observed,observed,observed,observed,observed,missing,0.96258548,0.6666666666666666,0.30066445182724255,0.6428571428571429,0.75,,0.05,,,,0.8333333333333334,0.0,0.5,0.5,0.0,1.0,0.8924333773229212,1.0,0.6,0.17288801571709234,0.7258064516129032,0.75,,0.05,,,,0.8333333333333334,0.0,0.5,1.0,0.0,1.0,0.8825406540255257,0.4836655592469546,0.583822630045016,,0.4,0.471232888700493,0.4590369860550889,0.04612499132709022,0.6276085012649691,0.4938663720756349,0.6004468063796491,0.25055166960014,0.49148157841267115,0.4,,,
LKA,2014,71.0,34.1,0.03467861,69,0.05,0.481,,,,6,1,0,1,0,3,0.0,1.0,80,,observed,imputed,observed,observed,imputed,missing,missing,missing,observed,observed,observed,observed,observed,observed,observed,missing,0.96532139,0.6666666666666666,0.30066445182724255,0.6714285714285714,0.75,,0.05,,,,0.8333333333333334,0.0,0.0,0.5,0.0,1.0,0.9061757995919227,1.0,0.6463414634146342,0.19502868068833656,0.6610169491525424,0.75,,0.05,,,,1.0,0.0,0.0,1.0,0.0,1.0,0.8948919571473894,0.4836655592469546,0.5944010927551235,,0.3,0.471232888700493,0.46557446021682514,0.04612499132709022,0.5870184682448168,0.4938663720756349,0.6116411843030929,0.25055166960014,0.3641950659257678,0.3,,,
LKA,2016,79.0,34.1,0.03617884,70,0.05,0.477,,2.0,2.0,6,1,0,0,1,1,0.0,1.0,80,,observed,imputed,observed,observed,observed,missing,carried_forward,carried_forward,observed,observed,observed,observed,observed,observed,observed,missing,0.96382116,0.7586206896551724,0.30066445182724255,0.6857142857142857,0.75,,0.05,,1.0,1.0,0.8333333333333334,0.0,0.0,0.0,1.0,0.0,0.8986401737268086,1.0,0.7083333333333334,0.27787307032590053,0.7121212121212122,0.75,,0.05,,0.0,0.0,0.8333333333333334,0.0,0.0,0.0,1.0,0.0,0.9075114332274372,0.5296425707412075,0.5960886148602735,0.9444444444444445,0.2,0.514086328732919,0.4675723597252468,0.3506949735539522,0.15117040407034077,0.5424062253685106,0.6134039958061582,0.6778163329013123,0.13396155686684127,0.2,0.4941684686180094,0.4941684686180094,0.7222965609444962
LKA,2017,76.0,34.1,0.03330934,70,0.3416666666666667,0.479,,2.0,2.0,6,1,1,0,0,2,0.0,1.0,80,,observed,imputed,observed,observed,imputed,missing,carried_forward,carried_forward,observed,observed,observed,observed,observed,observed,observed,missing,0.96669066,0.7241379310344828,0.30066445182724255,0.6857142857142857,0.75,,0.3416666666666667,,1.0,1.0,0.8333333333333334,0.0,0.5,0.0,0.0,0.5,0.9130536159456322,1.0,0.6666666666666666,0.27787307032590053,0.711864406779661,0.75,,0.3416666666666667,,0.0,1.0,0.8333333333333334,0.0,1.0,0.0,0.0,0.5,0.9373350838722293,0.5124011914308626,0.6726086420816462,0.9444444444444445,0.2,0.49801628872075926,0.586992736893111,0.3506949735539522,0.2463000918174436,0.5242037803836822,0.6835729172457038,0.6778163329013123,0.2571411577378928,0.2,0.5051202116024236,0.5051202116024236,0.7366448414154831
LKA,2018,46.0,34.1,0.03641888,68,0.6333333333333334,0.477,,2.0,2.0,6,1,0,0,1,1,0.0,1.0,80,,observed,imputed,observed,observed,imputed,missing,carried_forward,carried_forward,observed,observed,observed,observed,observed,observed,observed,missing,0.96358112,0.3793103448275862,0.30066445182724255,0.6571428571428571,0.75,,0.6333333333333334,,1.0,1.0,0.8333333333333334,0.0,0.0,0.0,1.0,0.0,0.8974344575148531,1.0,0.2702702702702703,0.19502868068833656,0.631578947368421,0.75,,0.6333333333333334,,0.0,0.0,0.8333333333333334,0.0,0.0,0.0,1.0,0.0,0.9203230936494305,0.33998739832741437,0.7344776619977609,0.9444444444444445,0.2,0.33731588859916173,0.6984386714134795,0.3506949735539522,0.15117040407034077,0.34217933053539823,0.7382118322833451,0.6778163329013123,0.13396155686684127,0.2,0.46602794114808244,0.46602794114808244,0.683478007605659
LKA,2020,62.0,34.1,0.04061347,71,0.925,0.472,,2.0,2.0,6,2,1,1,1,3,0.0,1.0,80,,observed,imputed,observed,observed,observed,missing,carried_forward,carried_forward,observed,observed,observed,observed,observed,observed,observed,missing,0.95938653,0.5632183908045977,0.30066445182724255,0.7,0.75,,0.925,,1.0,1.0,0.8333333333333334,0.5,0.5,0.5,1.0,1.0,0.8763651142157928,1.0,0.4492753623188406,0.1955896452540748,0.6612903225806451,0.75,,0.9210526315789475,,0.0,0.0,0.8333333333333334,1.0,0.5,0.5,1.0,1.0,0.8945445231265666,0.4319414213159201,0.8128412785539483,0.9444444444444445,0.7,0.4230227686640137,0.8227169539017738,0.3506949735539522,0.7812952608324617,0.43925903712114966,0.8102422673125781,0.6778163329013123,0.6968354237088763,0.7,0.6941067453320804,0.6941067453320804,1.0
LKA,2021,64.0,34.1,0.04028302,72,0.925,0.472,,2.0,2.0,6,1,1,0,0,2,0.0,1.0,80,,observed,observed,observed,observed,imputed,missing,carried_forward,carried_forward,observed,observed,observed,observed,observed,observed,observed,missing,0.95971698,0.5862068965517241,0.30066445182724255,0.7142857142857143,0.75,,0.925,,1.0,1.0,0.8333333333333334,0.0,0.5,0.0,0.0,0.5,0.8780249580844847,1.0,0.55,0.3021702838063439,0.6825396825396826,0.75,,0.925,,0.0,1.0,0.8333333333333334,0.0,0.5,0.0,0.0,0.5,0.9131383003286643,0.4434356741894833,0.8168276680925497,0.9444444444444445,0.2,0.43373612867212025,0.8255259924849505,0.3506949735539522,0.2463000918174436,0.4513940004443686,0.8144524516754881,0.6778163329013123,0.2571411577378928,0.2,0.51143667767653,0.51143667767653,0.7480151083779815
LSO,2012,,,0.10043895,49,,0.275,,,,1,1,1,0,0,2,0.0,1.0,80,,imputed,imputed,observed,observed,imputed,missing,missing,missing,observed,observed,observed,observed,observed,observed,observed,missing,0.89956105,,,0.38571428571428573,0.75,,,,,,0.0,0.0,0.5,0.0,0.0,0.5,0.5758629015678177,1.0,,,0.36923076923076925,0.75,,,,,,0.0,0.0,0.5,0.0,0.0,0.5,0.438920417296631,,0.5705257290940345,,0.2,0.0,0.36293076132053426,0.0,0.2463000918174436,0.0,0.4369887789579657,0.0,0.2571411577378928,0.2,,,
LSO,2023,,,0.10043895,55,,,2.0,,,1,1,1,0,0,2,0.0,1.0,80,80.0,imputed,imputed,imputed,observed,imputed,carried_forward,missing,missing,observed,observed,observed,observed,observed,observed,observed,observed,0.89956105,,,0.4714285714285714,0.75,0.75,,1.0,,,0.0,0.0,0.5,0.0,0.0,0.5,0.5758629015678177,1.0,,,0.2916666666666667,0.75,0.75,,1.0,,,0.0,0.0,1.0,0.0,0.0,0.5,0.46089472469871906,,0.599097157665463,0.5,0.2,0.0,0.3789064966086145,0.6400800281806298,0.2463000918174436,0.0,0.4595992819883904,0.27207333325018224,0.2571411577378928,0.2,,,
LTU,2012,84.0,,0.06275935,73,,0.536,,,,1,1,1,0,0,2,0.0,1.0,80,,observed,imputed,observed,observed,imputed,missing,missing,missing,observed,observed,observed,observed,observed,observed,observed,missing,0.93724065,0.8160919540229885,,0.7285714285714285,0.75,,,,,,0.0,0.0,0.5,0.0,0.0,0.5,0.7651267933358512,1.0,0.7866666666666666,,0.7384615384615385,0.75,,,,,,0.0,0.0,0.5,0.0,0.0,0.5,0.7111183864961793,0.8160919540229885,0.7478994073024267,,0.2,0.3803242802877809,0.44352880805173345,0.0,0.2463000918174436,0.43079119797427207,0.5778033468566448,0.0,0.2571411577378928,0.2,,,
LTU,2014,82.0,,0.06193326,74,,0.538,,,1.0,1,1,0,1,0,3,0.0,1.0,80,,observed,imputed,observed,observed,imputed,missing,missing,carried_forward,observed,observed,observed,observed,observed,observed,observed,missing,0.93806674,0.7931034482758621,,0.7428571428571429,0.75,,,,,0.0,0.0,0.0,0.0,0.5,0.0,1.0,0.7692762272032664,1.0,0.7804878048780488,,0.7457627118644068,0.75,,,,,0.0,0.0,0.0,0.0,1.0,0.0,1.0,0.7032415527883227,0.7931034482758621,0.7540444566868031,0.0,0.3,0.36961092027967446,0.4465574551798288,0.0,0.5870184682448168,0.4186562346510531,0.5826761352160224,0.0,0.3641950659257678,0.3,0.0,0.0,0.01746025141000169
LVA,2015,90.0,,0.05652118,76,,0.505,,,,1,1,1,0,0,2,0.0,1.0,60,,observed,imputed,observed,observed,imputed,missing,missing,missing,observed,observed,observed,observed,observed,observed,observed,missing,0.94347882,0.8850574712643678,,0.7714285714285715,0.5,,,,,,0.0,0.0,0.5,0.0,0.0,0.5,0.7964609988929856,1.0,0.8714285714285714,,0.7619047619047619,0.5,,,,,,0.0,0.0,0.5,0.0,0.0,0.5,0.7385693425320419,0.8850574712643678,0.6892965234405191,,0.2,0.4124643603121005,0.37419979974731443,0.0,0.2463000918174436,0.46719608794392886,0.5367896282577137,0.0,0.2571411577378928,0.2,,,
MAR,2010,97.0,,0.05418611,63,0.75,0.527,,,,1,1,1,0,0,2,0.0,1.0,20,,imputed,imputed,observed,observed,imputed,missing,missing,missing,observed,observed,observed,observed,observed,observed,observed,missing,0.94581389,0.9655172413793104,,0.5857142857142857,0.0,,0.75,,,,0.0,0.0,0.5,0.0,0.0,0.5,0.808190009703896,1.0,0.9714285714285714,,0.6612903225806451,0.0,,0.75,,,,0.0,0.0,0.5,0.0,0.0,0.5,0.7637073798670173,0.9655172413793104,0.5359760738545454,,0.2,0.44996112034047325,0.48427015673884855,0.0,0.2463000918174436,0.5096684595751951,0.5401747723659801,0.0,0.2571411577378928,0.2,,,
MAR,2013,97.0,,0.05255405,65,0.75,0.511,,,2.0,1,1,1,1,0,3,0.0,1.0,20,,observed,imputed,observed,observed,imputed,missing,missing,carried_forward,observed,observed,observed,observed,observed,observed,observed,missing,0.94744595,0.9655172413793104,,0.6142857142857143,0.0,,0.75,,,1.0,0.0,0.0,0.5,0.5,0.0,1.0,0.8163878150733512,1.0,0.9642857142857143,,0.5714285714285714,0.0,,0.75,,,0.0,0.0,0.0,0.5,1.0,0.0,1.0,0.790789844284392,0.9655172413793104,0.5451683823397664,0.5,0.4,0.44996112034047325,0.49031853621026844,0.028286299363680645,0.6276085012649691,0.5096684595751951,0.5498934513516852,0.17855662167362427,0.49148157841267115,0.4,0.569613367198849,0.569613367198849,0.8134638984697914
MAR,2022,97.0,,0.05680491,65,0.75,0.512,2.0,,2.0,1,1,1,0,0,2,0.0,1.0,20,,imputed,imputed,observed,observed,observed,carried_forward,missing,carried_forward,observed,observed,observed,observed,observed,observed,observed,missing,0.94319509,0.9655172413793104,,0.6142857142857143,0.0,,0.75,1.0,,1.0,0.0,0.0,0.5,0.0,0.0,0.5,0.7950358286679473,1.0,0.9545454545454546,,0.5645161290322581,0.0,,0.75,1.0,,1.0,0.0,0.0,0.5,0.0,0.0,0.5,0.7561331371629899,0.9655172413793104,0.5398303857384155,0.6666666666666666,0.2,0.44996112034047325,0.48843506195626807,0.6683663275443105,0.2463000918174436,0.5096684595751951,0.5442106234434767,0.45062995492380653,0.2571411577378928,0.2,0.5134392012010286,0.5134392012010286,0.7355946694505522
MCO,2021,77.0,33.3,0.03672521,85,,,,,,4,1,1,0,0,2,0.0,1.0,20,,observed,observed,observed,observed,imputed,missing,missing,missing,observed,observed,observed,observed,observed,observed,observed,missing,0.96327479,0.735632183908046,0.28737541528239197,0.9,0.0,,,,,,0.5,0.0,0.5,0.0,0.0,0.5,0.8958957679330825,1.0,0.7125,0.28881469115191977,0.8888888888888888,0.0,,,,,,0.5,0.0,0.5,0.0,0.0,0.5,0.9317237867438183,0.511503799595219,0.5986319226443608,,0.2,0.4962770373009272,0.24677283796200689,0.02767499479625413,0.2463000918174436,0.5239971212407707,0.47585280310017164,0.15033100176008402,0.2571411577378928,0.2,,,
MDA,2012,74.0,,0.09139621,70,,0.368,,,,1,1,0,1,0,3,0.0,1.0,60,,observed,imputed,observed,observed,imputed,missing,missing,missing,observed,observed,observed,observed,observed,observed,observed,missing,0.90860379,0.7011494252873564,,0.6857142857142857,0.5,,,,,,0.0,0.0,0.0,0.5,0.0,1.0,0.6212844072272853,1.0,0.6533333333333333,,0.6923076923076923,0.5,,,,,,0.0,0.0,0.0,1.0,0.0,1.0,0.5042453003633178,0.7011494252873564,0.6023328976471903,,0.3,0.32675748024724843,0.34277160987063593,0.0,0.5870184682448168,0.3701163813581774,0.46755590221274373,0.0,0.3641950659257678,0.3,,,
MDA,2022,74.0,,0.06965054,71,,0.394,,,2.0,1,1,1,0,0,2,0.0,1.0,60,,imputed,imputed,observed,observed,imputed,missing,missing,carried_forward,observed,observed,observed,observed,observed,observed,observed,missing,0.93034946,0.7011494252873564,,0.7,0.5,,,,,1.0,0.0,0.0,0.5,0.0,0.0,0.5,0.7305124811267789,1.0,0.6060606060606061,,0.6612903225806451,0.5,,,,,1.0,0.0,0.0,0.5,0.0,0.0,0.5,0.6663280176483398,0.7011494252873564,0.643504160375593,0.5,0.2,0.32675748024724843,0.3550693202787498,0.028286299363680645,0.2463000918174436,0.3701163813581774,0.5003953545064782,0.17855662167362427,0.2571411577378928,0.2,0.46088278372591135,0.46088278372591135,0.7078848680930137
MDG,2018,26.0,,0.04221604,32,,0.308,,2.0,,1,1,1,0,0,2,0.0,1.0,80,,observed,imputed,observed,observed,imputed,missing,carried_forward,missing,observed,observed,observed,observed,observed,observed,observed,missing,0.95778396,0.14942528735632185,,0.14285714285714285,0.75,,,,1.0,,0.0,0.0,0.5,0.0,0.0,0.5,0.8683154365379327,1.0,0.0,,0.0,0.75,,,,0.0,,0.0,0.0,0.5,0.0,0.0,0.5,0.879198549663841,0.14942528735632185,0.5870575264650252,0.5,0.2,0.06963684005269229,0.34346362886789183,0.27628368286318133,0.2463000918174436,0.07887726160092305,0.45076188438322806,0.24870804162754795,0.2571411577378928,0.2,0.3060385883266759,0.3060385883266759,0.5269275562498862
MDG,2020,36.0,,0.03723161,33,,0.304,2.0,2.0,,1,1,1,0,0,2,0.0,1.0,80,,observed,imputed,observed,observed,imputed,carried_forward,carried_forward,missing,observed,observed,observed,observed,observed,observed,observed,missing,0.96276839,0.26436781609195403,,0.15714285714285714,0.75,,,1.0,1.0,,0.0,0.0,0.5,0.0,0.0,0.5,0.8933521306654009,1.0,0.07246376811594203,,0.04838709677419355,0.75,,,0.0,0.0,,0.0,0.0,0.5,0.0,0.0,0.5,0.9150518686924947,0.26436781609195403,0.600164995936086,0.6666666666666666,0.2,0.12320364009322482,0.3483347564186262,0.9163637110438112,0.2463000918174436,0.1395520782170177,0.4611938138584787,0.5207813748777301,0.2571411577378928,0.2,0.3813769976637501,0.3813769976637501,0.6323716827465476
MDV,2010,58.0,30.8,0.0848759,67,0.0,0.274,,,,1,1,0,0,1,1,0.0,1.0,60,,imputed,imputed,observed,observed,imputed,missing,missing,missing,observed,observed,observed,observed,observed,observed,observed,missing,0.9151241,0.5172413793103449,0.24584717607973422,0.6428571428571429,0.5,,0.0,,,,0.0,0.0,0.0,0.0,1.0,0.0,0.654035796470643,1.0,0.4142857142857143,0.1080550098231827,0.7258064516129032,0.5,,0.0,,,,0.0,0.0,0.0,0.0,1.0,0.0,0.5462582155995228,0.3815442776950395,0.4492232348319465,,0.2,0.37232533152427394,0.3376727660977892,0.0,0.15117040407034077,0.3891082796560631,0.4649674279233565,0.0,0.13396155686684127,0.2,,,
MDV,2012,58.0,30.8,0.08673048,67,0.0,0.274,,,,1,1,1,0,0,2,0.0,1.0,60,,observed,imputed,observed,observed,imputed,missing,missing,missing,observed,observed,observed,observed,observed,observed,observed,missing,0.9132695200000001,0.5172413793103449,0.24584717607973422,0.6428571428571429,0.5,,0.0,,,,0.0,0.0,0.5,0.0,0.0,0.5,0.6447202775056022,1.0,0.44,0.13193116634799237,0.6461538461538462,0.5,,0.0,,,,0.0,0.0,0.5,0.0,0.0,0.5,0.5379506006009376,0.3815442776950395,0.4468943550906863,,0.2,0.37232533152427394,0.3368510373930132,0.0,0.2463000918174436,0.3891082796560631,0.46248810397902407,0.0,0.2571411577378928,0.2,,,
MDV,2016,61.0,30.8,0.10305446,66,0.0,0.322,2.0,,,1,1,1,1,0,3,0.0,1.0,60,,observed,imputed,observed,observed,imputed,carried_forward,missing,missing,observed,observed,observed,observed,observed,observed,observed,missing,0.89694554,0.5517241379310345,0.24584717607973422,0.6285714285714286,0.5,,0.0,1.0,,,0.0,0.0,0.5,0.5,0.0,1.0,0.5627252461373409,1.0,0.4583333333333333,0.22126929674099488,0.6515151515151515,0.5,,0.0,1.0,,,0.0,0.0,0.5,1.0,0.0,1.0,0.4468024336232131,0.3987856570053844,0.42282416867719236,0.5,0.4,0.38839537153643366,0.32695557347811965,0.6400800281806298,0.6276085012649691,0.40731072464089146,0.4368967217797304,0.27207333325018224,0.49148157841267115,0.4,0.4285310867864601,0.4285310867864601,0.690586290821028
MDV,2017,63.0,30.8,0.09269178,68,0.0,0.334,2.0,,,1,1,1,0,0,2,0.0,1.0,60,,observed,imputed,observed,observed,observed,carried_forward,missing,missing,observed,observed,observed,observed,observed,observed,observed,missing,0.90730822,0.5747126436781609,0.24584717607973422,0.6571428571428571,0.5,,0.0,1.0,,,0.0,0.0,0.5,0.0,0.0,0.5,0.6147767845280551,1.0,0.4861111111111111,0.22126929674099488,0.6779661016949152,0.5,,0.0,1.0,,,0.0,0.0,1.0,0.0,0.0,0.5,0.5226358646311996,0.4102799098789476,0.44297991041772805,0.5,0.2,0.3991087315445402,0.33687232264213357,0.6400800281806298,0.2463000918174436,0.4194456879641103,0.458287065085588,0.27207333325018224,0.2571411577378928,0.2,0.3671690540405138,0.3671690540405138,0.601385362567899
MDV,2018,43.0,30.8,0.07436278,67,0.0,0.33,2.0,,,1,1,0,1,0,3,0.0,1.0,60,,observed,imputed,observed,observed,imputed,carried_forward,missing,missing,observed,observed,observed,observed,observed,observed,observed,missing,0.92563722,0.3448275862068966,0.24584717607973422,0.6428571428571429,0.5,,0.0,1.0,,,0.0,0.0,0.0,0.5,0.0,1.0,0.7068429920306902,1.0,0.22972972972972974,0.13193116634799237,0.6140350877192983,0.5,,0.0,0.0,,,0.0,0.0,0.0,1.0,0.0,1.0,0.6511523989411916,0.2953373811433154,0.4624250337219583,0.5,0.3,0.2919751314634752,0.34233092723440994,0.6400800281806298,0.5870184682448168,0.298096054731921,0.47902205492550326,0.27207333325018224,0.3641950659257678,0.3,0.3783230078495253,0.3783230078495253,0.6182900075959569
MDV,2019,51.0,30.8,0.07658456,68,0.0,0.337,2.0,,,1,1,1,1,0,3,0.0,1.0,60,,observed,observed,observed,observed,imputed,carried_forward,missing,missing,observed,observed,observed,observed,observed,observed,observed,missing,0.92341544,0.4367816091954023,0.24584717607973422,0.6571428571428571,0.5,,0.0,1.0,,,0.0,0.0,0.5,0.5,0.0,1.0,0.6956830346677566,1.0,0.29411764705882354,0.22126929674099488,0.6666666666666666,0.5,,0.0,1.0,,,0.0,0.0,0.5,1.0,0.0,1.0,0.6221415086998804,0.34131439263756824,0.46320647295265344,0.5,0.4,0.3348285714959012,0.34400912182477406,0.6400800281806298,0.6276085012649691,0.34663590802479677,0.47982025115609,0.27207333325018224,0.49148157841267115,0.4,0.42168660366576016,0.42168660366576016,0.6754510833535938
MDV,2022,51.0,30.8,0.09652762,69,0.0,0.326,2.0,,,1,1,1,0,0,2,0.0,1.0,60,,imputed,imputed,observed,observed,imputed,carried_forward,missing,missing,observed,observed,observed,observed,observed,observed,observed,missing,0.90347238,0.4367816091954023,0.24584717607973422,0.6714285714285714,0.5,,0.0,1.0,,,0.0,0.0,0.5,0.0,0.0,0.5,0.5955094354426216,1.0,0.25757575757575757,0.24707846410684473,0.6290322580645161,0.5,,0.0,1.0,,,0.0,0.0,0.5,0.0,0.0,0.5,0.4784275891286954,0.34131439263756824,0.44173450171779827,0.5,0.2,0.3348285714959012,0.33783535831067674,0.6400800281806298,0.2463000918174436,0.34663590802479677,0.4569274802522199,0.27207333325018224,0.2571411577378928,0.2,0.3504120084616848,0.3504120084616848,0.5813063603390972
MEX,2011,66.0,55.1,0.0530093,73,0.9,0.698,,,,1,1,1,0,0,2,0.0,1.0,80,,observed,imputed,observed,observed,imputed,missing,missing,missing,observed,observed,observed,observed,observed,observed,observed,missing,0.9469907,0.6091954022988506,0.6495016611295681,0.7285714285714285,0.75,,0.9,,,,0.0,0.0,0.5,0.0,0.0,0.5,0.8141011032524349,1.0,0.6385542168674698,0.5567226890756303,0.8032786885245902,0.75,,0.9,,,,0.0,0.0,1.0,0.0,0.0,0.5,0.7454638214030529,0.6293485317142093,0.7981681329559659,,0.2,0.6307176885572152,0.8124227918424312,0.0,0.2463000918174436,0.6282251598862618,0.7955218773125218,0.0,0.2571411577378928,0.2,,,
MEX,2015,96.0,55.1,0.05527386,77,0.9,0.7,,,,1,1,1,1,0,3,0.0,1.0,80,,observed,imputed,observed,observed,observed,missing,missing,missing,observed,observed,observed,observed,observed,observed,observed,missing,0.94472614,0.9540229885057471,0.6495016611295681,0.7857142857142857,0.75,,0.9,,,,0.0,0.0,0.5,0.5,0.0,1.0,0.8027262627885708,1.0,0.9571428571428572,0.6453781512605044,0.7777777777777778,0.75,,0.9,,,,0.0,0.0,0.5,1.0,0.0,1.0,0.7470760496148647,0.8017623248176575,0.8096101371257142,,0.4,0.7914180886788127,0.8220698990821788,0.0,0.6276085012649691,0.8102496097345457,0.8075681339539532,0.0,0.49148157841267115,0.4,,,
MEX,2016,97.0,55.1,0.0538499,78,0.9,0.689,,,,1,1,1,0,0,2,0.0,1.0,80,,observed,imputed,observed,observed,observed,missing,missing,missing,observed,observed,observed,observed,observed,observed,observed,missing,0.9461501,0.9655172413793104,0.6495016611295681,0.8,0.75,,0.9,,,,0.0,0.0,0.5,0.0,0.0,0.5,0.8098787859396129,1.0,0.9583333333333334,0.6380789022298456,0.8333333333333334,0.75,,0.9,,,,0.0,0.0,0.5,0.0,0.0,0.5,0.7857747469051839,0.8075094512544392,0.8149696964849032,,0.2,0.7967747686828661,0.8253634509006753,0.0,0.2463000918174436,0.8163170913961553,0.8132401940657481,0.0,0.2571411577378928,0.2,,,
MEX,2019,83.0,55.1,0.05296858,78,0.925,0.691,2.0,,,1,1,0,1,0,3,0.0,1.0,80,,observed,observed,observed,observed,observed,carried_forward,missing,missing,observed,observed,observed,observed,observed,observed,observed,missing,0.94703142,0.8045977011494253,0.6495016611295681,0.8,0.75,,0.925,1.0,,,0.0,0.0,0.0,0.5,0.0,1.0,0.8143056390137697,1.0,0.7647058823529411,0.6380789022298456,0.8333333333333334,0.75,,0.925,1.0,,,0.0,0.0,0.0,1.0,0.0,1.0,0.7853405836832017,0.7270496811394966,0.8223264097534424,0.5,0.3,0.7217812486261205,0.8358810002831636,0.6400800281806298,0.5870184682448168,0.7313723481336227,0.8201040677043993,0.27207333325018224,0.3641950659257678,0.3,0.5472362981604865,0.5472362981604865,0.7142730459938371
MLI,2020,50.0,29.0,0.03475979,42,,0.338,,,,1,2,2,2,0,3,0.0,1.0,80,,observed,imputed,observed,observed,imputed,missing,missing,missing,observed,observed,observed,observed,observed,observed,observed,missing,0.96524021,0.42528735632183906,0.2159468438538206,0.2857142857142857,0.75,,,,,,0.0,0.5,1.0,1.0,0.0,1.0,0.9057680340441538,1.0,0.2753623188405797,0.0977948226270374,0.1935483870967742,0.75,,,,,,0.0,1.0,1.0,1.0,0.0,1.0,0.9300407999069067,0.32061710008782984,0.6471607732528132,,0.7,0.31350604578810604,0.37339357522012906,0.0,0.8463132404325076,0.3264516095530152,0.4984140591848209,0.0,0.7946461547527275,0.7,,,
MLI,2021,44.0,29.0,0.03466497,42,,0.342,2.0,,,1,1,1,0,0,2,0.0,1.0,80,,observed,observed,observed,observed,imputed,carried_forward,missing,missing,observed,observed,observed,observed,observed,observed,observed,missing,0.96533503,0.3563218390804598,0.2159468438538206,0.2857142857142857,0.75,,,1.0,,,0.0,0.0,0.5,0.0,0.0,0.5,0.9062443130443937,1.0,0.3,0.21702838063439064,0.20634920634920634,0.75,,,1.0,,,0.0,0.0,0.5,0.0,0.0,0.5,0.9424861834237859,0.2861343414671402,0.6473195329195598,0.5,0.2,0.2813659657637866,0.37343558813722444,0.6400800281806298,0.2463000918174436,0.2900467195833584,0.4985408207677138,0.27207333325018224,0.2571411577378928,0.2,0.36891148344463937,0.36891148344463937,0.600752397707144
MLT,2015,79.0,,0.08897596,82,,0.443,,,,4,2,2,1,0,3,0.0,1.0,20,,imputed,imputed,observed,observed,imputed,missing,missing,missing,observed,observed,observed,observed,observed,observed,observed,missing,0.91102404,0.7586206896551724,,0.8571428571428571,0.0,,,,,,0.5,0.5,1.0,0.5,0.0,1.0,0.6334412755075108,1.0,0.7142857142857143,,0.8571428571428571,0.0,,,,,,0.5,1.0,1.0,1.0,0.0,1.0,0.5172281414790084,0.7586206896551724,0.49686137755012266,,0.6,0.3535408802675147,0.2156336686102635,0.02767499479625413,0.6707148897822732,0.4004537896662247,0.3946953286642264,0.15033100176008402,0.6901603793289385,0.6,,,
MLT,2017,79.0,,0.08730927,82,,0.448,,,,4,1,1,0,0,2,0.0,1.0,20,,observed,imputed,observed,observed,imputed,missing,missing,missing,observed,observed,observed,observed,observed,observed,observed,missing,0.91269073,0.7586206896551724,,0.8571428571428571,0.0,,,,,,0.5,0.0,0.5,0.0,0.0,0.5,0.6418130266877478,1.0,0.7083333333333334,,0.9152542372881356,0.0,,,,,,0.5,0.0,1.0,0.0,0.0,0.5,0.5602247999217844,0.7586206896551724,0.49965196127686823,,0.2,0.3535408802675147,0.21637214687216808,0.02767499479625413,0.2463000918174436,0.4004537896662247,0.39692346895732755,0.15033100176008402,0.2571411577378928,0.2,,,
MLT,2023,79.0,,0.08730927,82,,,,,2.0,4,1,0,1,0,3,0.0,1.0,20,20.0,imputed,imputed,imputed,observed,imputed,missing,missing,carried_forward,observed,observed,observed,observed,observed,observed,observed,observed,0.91269073,0.7586206896551724,,0.8571428571428571,0.0,0.0,,,,1.0,0.5,0.0,0.0,0.5,0.0,1.0,0.6418130266877478,1.0,0.676923076923077,,0.8541666666666666,0.0,0.0,,,,1.0,0.5,0.0,0.0,1.0,0.0,1.0,0.5546822397261598,0.7586206896551724,0.49965196127686823,0.75,0.3,0.3535408802675147,0.21637214687216808,0.055961294159934775,0.5870184682448168,0.4004537896662247,0.39692346895732755,0.32888762343370825,0.3641950659257678,0.3,0.5404041797126605,0.5404041797126605,0.6824285420383585
MMR,2010,93.0,37.8,0.02083684,47,,0.388,,,,1,1,0,1,0,3,0.0,1.0,100,,imputed,imputed,observed,observed,imputed,missing,missing,missing,observed,observed,observed,observed,observed,observed,observed,missing,0.97916316,0.9195402298850575,0.362126245847176,0.35714285714285715,1.0,,,,,,0.0,0.0,0.0,0.5,0.0,1.0,0.9757027388152166,1.0,0.9142857142857143,0.24557956777996062,0.4032258064516129,1.0,,,,,,0.0,0.0,0.0,1.0,0.0,1.0,1.0,0.6408332378661168,0.7776151986526912,,0.3,0.621898531625134,0.47295656815998555,0.0,0.5870184682448168,0.6563688698519523,0.5965278201154111,0.0,0.3641950659257678,0.3,,,
MMR,2011,93.0,37.8,0.02065515,49,,0.407,,,,1,1,1,0,0,2,0.0,1.0,100,,observed,imputed,observed,observed,imputed,missing,missing,missing,observed,observed,observed,observed,observed,observed,observed,missing,0.97934485,0.9195402298850575,0.362126245847176,0.38571428571428573,1.0,,,,,,0.0,0.0,0.5,0.0,0.0,0.5,0.9766153641216249,1.0,0.963855421686747,0.19327731092436964,0.4098360655737705,1.0,,,,,,0.0,0.0,1.0,0.0,0.0,0.5,0.9679813277082256,0.6408332378661168,0.7874432166119701,,0.2,0.621898531625134,0.47836231659820877,0.0,0.2463000918174436,0.6563688698519523,0.604307549544267,0.0,0.2571411577378928,0.2,,,
MMR,2014,84.0,37.8,0.0439346,51,,0.426,,,,1,1,1,1,0,3,0.0,1.0,100,,observed,imputed,observed,observed,imputed,missing,missing,missing,observed,observed,observed,observed,observed,observed,observed,missing,0.9560654,0.8160919540229885,0.362126245847176,0.4142857142857143,1.0,,,,,,0.0,0.0,0.5,0.5,0.0,1.0,0.859683143365052,1.0,0.8048780487804879,0.265774378585086,0.3559322033898305,1.0,,,,,,0.0,0.0,0.5,1.0,0.0,1.0,0.8298052939085117,0.5891090999350823,0.7579896192169221,,0.4,0.5736884115886547,0.473372885435246,0.0,0.6276085012649691,0.6017615348974672,0.580722891260898,0.0,0.49148157841267115,0.4,,,
MMR,2019,64.0,37.8,0.04079033,54,,0.432,,,,1,1,1,0,0,2,0.0,1.0,100,,observed,observed,observed,observed,imputed,missing,missing,missing,observed,observed,observed,observed,observed,observed,observed,missing,0.95920967,0.5862068965517241,0.362126245847176,0.45714285714285713,1.0,,,,,,0.0,0.0,0.5,0.0,0.0,0.5,0.8754767499046513,1.0,0.4852941176470588,0.3413379073756432,0.43333333333333335,1.0,,,,,,0.0,0.0,0.5,0.0,0.0,0.5,0.8694988161561138,0.47416657119945005,0.7775398690158362,,0.2,0.4665548115075896,0.48275391860170414,0.0,0.2463000918174436,0.4804119016652778,0.5962316087352206,0.0,0.2571411577378928,0.2,,,
MNE,2015,56.0,,0.09021888,69,,0.348,,,,1,1,1,0,0,2,0.0,1.0,40,,observed,imputed,observed,observed,imputed,missing,missing,missing,observed,observed,observed,observed,observed,observed,observed,missing,0.90978112,0.4942528735632184,,0.6714285714285714,0.25,,,,,,0.0,0.0,0.5,0.0,0.0,0.5,0.6271981127256253,1.0,0.38571428571428573,,0.6507936507936508,0.25,,,,,,0.0,0.0,0.5,0.0,0.0,0.5,0.5087514423421526,0.4942528735632184,0.5162088947180655,,0.2,0.23033724017428986,0.26054975057102825,0.0,0.2463000918174436,0.26090171144920704,0.4047028527335705,0.0,0.2571411577378928,0.2,,,
MNG,2010,84.0,40.9,0.03739456,67,1.0,0.344,,,,1,1,1,0,0,2,0.0,1.0,80,,imputed,imputed,observed,observed,imputed,missing,missing,missing,observed,observed,observed,observed,observed,observed,observed,missing,0.96260544,0.8160919540229885,0.4136212624584717,0.6428571428571429,0.75,,1.0,,,,0.0,0.0,0.5,0.0,0.0,0.5,0.8925336360114342,1.0,0.7857142857142857,0.3064833005893909,0.7258064516129032,0.75,,1.0,,,,0.0,0.0,0.5,0.0,0.0,0.5,0.8826820784314532,0.6148566082407301,0.8213476947171443,,0.2,0.6011851458562101,0.8438738611367045,0.0,0.2463000918174436,0.6260738305149858,0.8165288503376618,0.0,0.2571411577378928,0.2,,,
MNG,2019,84.0,40.9,0.0449498,71,1.0,0.383,,2.0,,1,1,1,0,0,2,0.0,1.0,80,,observed,observed,observed,observed,observed,missing,carried_forward,missing,observed,observed,observed,observed,observed,observed,observed,missing,0.9550502,0.8160919540229885,0.4136212624584717,0.7,0.75,,1.0,,1.0,,0.0,0.0,0.5,0.0,0.0,0.5,0.8545838136767616,1.0,0.7794117647058824,0.39451114922813035,0.7166666666666667,0.75,,1.0,,0.0,,0.0,0.0,0.5,0.0,0.0,0.5,0.8407546498576631,0.6148566082407301,0.8261459534191904,0.5,0.2,0.6011851458562101,0.8511767698928148,0.27628368286318133,0.2463000918174436,0.6260738305149858,0.8215021796285332,0.24870804162754795,0.2571411577378928,0.2,0.47474200129611405,0.47474200129611405,0.7311782938711653
MNG,2020,85.0,40.95,0.04666249,71,1.0,0.376,,2.0,,1,2,1,0,1,2,0.0,1.0,80,,observed,imputed,observed,observed,observed,missing,carried_forward,missing,observed,observed,observed,observed,observed,observed,observed,missing,0.95333751,0.8275862068965517,0.41445182724252494,0.7,0.75,,1.0,,1.0,,0.0,0.5,0.5,0.0,1.0,0.5,0.8459810053987495,1.0,0.782608695652174,0.32694151486097794,0.6612903225806451,0.75,,1.0,,0.0,,0.0,1.0,0.5,0.0,1.0,0.5,0.857863719227172,0.6210190170695383,0.8239952513496873,0.5,0.5,0.6069853215742562,0.8504179099162256,0.27628368286318133,0.39998685138493617,0.6325334459768778,0.8192125435242839,0.24870804162754795,0.4624950030340981,0.5,0.5980567607834284,0.5980567607834284,0.9039422837575548
MNG,2021,78.0,41.0,0.07210427,71,1.0,0.38,,2.0,,1,3,0,2,1,3,0.0,1.0,80,,observed,observed,observed,observed,observed,missing,carried_forward,missing,observed,observed,observed,observed,observed,observed,observed,missing,0.92789573,0.7471264367816092,0.4152823920265781,0.7,0.75,,1.0,,1.0,,0.0,1.0,0.0,1.0,1.0,1.0,0.7181874434632165,1.0,0.725,0.4173622704507512,0.6666666666666666,0.75,,1.0,,0.0,,0.0,1.0,0.0,1.0,1.0,1.0,0.7469086788513452,0.5812044144040936,0.7920468608658041,0.5,0.8,0.5699320572598763,0.839145146850413,0.27628368286318133,0.9188199339596956,0.5904532081458941,0.7852003066078714,0.24870804162754795,0.7454269750751259,0.8,0.6550658256275843,0.6550658256275843,0.9810653636238447
MNG,2022,78.0,41.0,0.08851702,71,1.0,0.379,,2.0,,1,1,0,0,1,1,0.0,1.0,80,,imputed,imputed,observed,observed,imputed,missing,carried_forward,missing,observed,observed,observed,observed,observed,observed,observed,missing,0.9114829799999999,0.7471264367816092,0.4152823920265781,0.7,0.75,,1.0,,1.0,,0.0,0.0,0.0,0.0,1.0,0.0,0.6357465221260525,1.0,0.6666666666666666,0.4173622704507512,0.6612903225806451,0.75,,1.0,,1.0,,0.0,0.0,0.0,0.0,1.0,0.0,0.5344305170025366,0.5812044144040936,0.7714366305315131,0.5,0.2,0.5699320572598763,0.8318729732049991,0.27628368286318133,0.15117040407034077,0.5904532081458941,0.7632586680334535,0.24870804162754795,0.13396155686684127,0.2,0.4601583321556164,0.4601583321556164,0.7125790809723203
MOZ,2010,69.0,,0.05292497,33,0.675,0.329,,,,1,1,1,0,0,2,0.0,1.0,100,,imputed,imputed,observed,observed,imputed,missing,missing,missing,observed,observed,observed,observed,observed,observed,observed,missing,0.94707503,0.6436781609195402,,0.15714285714285714,1.0,,0.675,,,,0.0,0.0,0.5,0.0,0.0,0.5,0.8145246911884217,1.0,0.5714285714285714,,0.1774193548387097,1.0,,0.675,,,,0.0,0.0,0.5,0.0,0.0,0.5,0.7726430499717755,0.6436781609195402,0.6616668870828197,,0.2,0.29997408022698213,0.6948926628663374,0.0,0.2463000918174436,0.33977897305013005,0.6543854860813759,0.0,0.2571411577378928,0.2,,,
MOZ,2017,69.0,,0.07805322,46,0.675,0.33,,,,1,1,1,0,0,2,0.0,1.0,100,,observed,imputed,observed,observed,observed,missing,missing,missing,observed,observed,observed,observed,observed,observed,observed,missing,0.92194678,0.6436781609195402,,0.34285714285714286,1.0,,0.675,,,,0.0,0.0,0.5,0.0,0.0,0.5,0.6883059842934415,1.0,0.5694444444444444,,0.3050847457627119,1.0,,0.675,,,,0.0,0.0,1.0,0.0,0.0,0.5,0.6248647289690905,0.6436781609195402,0.6765407817876461,,0.2,0.29997408022698213,0.7183729120335041,0.0,0.2463000918174436,0.33977897305013005,0.6697818198251438,0.0,0.2571411577378928,0.2,,,
MRT,2012,25.0,,0.02649193,29,,0.284,,,,7,1,1,0,0,2,0.0,1.0,80,,observed,imputed,observed,observed,imputed,missing,missing,missing,observed,observed,observed,observed,observed,observed,observed,missing,0.97350807,0.13793103448275862,,0.1,0.75,,,,,,1.0,0.0,0.5,0.0,0.0,0.5,0.9472973326617941,1.0,0.0,,0.06153846153846154,0.75,,,,,,1.0,0.0,0.5,0.0,0.0,0.5,0.973114747182255,0.13793103448275862,0.5990991108872646,,0.2,0.06428016004863903,0.3424428117388225,0.05534998959250826,0.2463000918174436,0.07280977993931359,0.4604776524122351,0.30066200352016803,0.2571411577378928,0.2,,,
MRT,2018,26.0,,0.02883626,41,,0.29,,2.0,,7,1,1,0,0,2,0.0,1.0,80,,observed,imputed,observed,observed,imputed,missing,carried_forward,missing,observed,observed,observed,observed,observed,observed,observed,missing,0.97116374,0.14942528735632185,,0.2714285714285714,0.75,,,,1.0,,1.0,0.0,0.5,0.0,0.0,0.5,0.9355218090525059,1.0,0.0,,0.15789473684210525,0.75,,,,0.0,,1.0,0.0,0.5,0.0,0.0,0.5,0.9741135340919949,0.14942528735632185,0.6523167934936924,1.0,0.2,0.06963684005269229,0.3733555548109296,0.3316336724556896,0.2463000918174436,0.07887726160092305,0.5025646046698424,0.5493700451477159,0.2571411577378928,0.2,0.3736613372109748,0.3736613372109748,0.6270422763303095
MUS,2017,71.0,,0.05598573,76,0.0,0.415,,,,2,1,1,1,0,3,0.0,1.0,100,,observed,imputed,observed,observed,observed,missing,missing,missing,observed,observed,observed,observed,observed,observed,observed,missing,0.94401427,0.6666666666666666,,0.7714285714285715,1.0,,0.0,,,,0.16666666666666666,0.0,0.5,0.5,0.0,1.0,0.7991505537408925,1.0,0.5972222222222222,,0.8135593220338984,1.0,,0.0,,,,0.16666666666666666,0.0,1.0,1.0,0.0,1.0,0.7789737698506922,0.6666666666666666,0.642644781292366,,0.4,0.31068744023508865,0.5345988253684811,0.009224998265418043,0.6276085012649691,0.351913936373349,0.6588225811064466,0.050110333920028005,0.49148157841267115,0.4,,,
MUS,2023,71.0,,0.05598573,75,0.0,,2.0,,,2,1,1,0,0,2,0.0,1.0,100,100.0,imputed,imputed,imputed,observed,imputed,carried_forward,missing,missing,observed,observed,observed,observed,observed,observed,observed,observed,0.94401427,0.6666666666666666,,0.7571428571428571,1.0,1.0,0.0,1.0,,,0.16666666666666666,0.0,0.5,0.0,0.0,0.5,0.7991505537408925,1.0,0.5538461538461539,,0.7083333333333334,1.0,1.0,0.0,1.0,,,0.16666666666666666,0.0,1.0,0.0,0.0,0.5,0.7784315602322678,0.6666666666666666,0.6390733527209373,0.5833333333333334,0.2,0.31068744023508865,0.5319362028204678,0.6493050264460478,0.2463000918174436,0.351913936373349,0.6550541639347092,0.32218366717021024,0.2571411577378928,0.2,0.4721734463253155,0.4721734463253155,0.5962659961962968
MWI,2017,56.0,,0.07584389,52,0.825,0.245,,,,1,1,1,0,0,2,1.0,0.0,100,,observed,imputed,observed,observed,observed,missing,missing,missing,observed,observed,observed,observed,observed,observed,observed,missing,0.92415611,0.4942528735632184,,0.42857142857142855,1.0,,0.825,,,,0.0,0.0,0.5,0.0,0.0,0.5,0.699403405550564,0.0,0.3888888888888889,,0.4067796610169492,1.0,,0.825,,,,0.0,0.0,1.0,0.0,0.0,0.5,0.640293657555484,0.4942528735632184,0.7382437085304983,,0.2,0.23033724017428986,0.7960898796380195,0.0,0.2463000918174436,0.26090171144920704,0.7294599040517616,0.0,0.2571411577378928,0.0,,,
MWI,2023,56.0,,0.07584389,52,0.825,,2.0,2.0,,1,1,1,0,0,2,0.0,1.0,100,100.0,imputed,imputed,imputed,observed,imputed,carried_forward,carried_forward,missing,observed,observed,observed,observed,observed,observed,observed,observed,0.92415611,0.4942528735632184,,0.42857142857142855,1.0,1.0,0.825,1.0,1.0,,0.0,0.0,0.5,0.0,0.0,0.5,0.699403405550564,1.0,0.3230769230769231,,0.22916666666666666,1.0,1.0,0.825,1.0,1.0,,0.0,0.0,1.0,0.0,0.0,0.5,0.6365813796172548,0.4942528735632184,0.7382437085304983,0.6666666666666666,0.2,0.23033724017428986,0.7960898796380195,0.9163637110438112,0.2463000918174436,0.26090171144920704,0.7294599040517616,0.5207813748777301,0.2571411577378928,0.2,0.4696474012140877,0.4696474012140877,0.5930760777110348
MYS,2012,100.0,56.4,0.03457864,78,0.2,0.656,2.0,,,3,1,1,0,0,2,0.0,1.0,20,,observed,imputed,observed,observed,imputed,carried_forward,missing,missing,observed,observed,observed,observed,observed,observed,observed,missing,0.96542136,1.0,0.6710963455149501,0.8,0.0,,0.2,1.0,,,0.3333333333333333,0.0,0.5,0.0,0.0,0.5,0.9066779469411531,1.0,1.0,0.6214149139579349,0.8153846153846154,0.0,,0.2,0.0,,,0.3333333333333333,0.0,0.5,0.0,0.0,0.5,0.9146962385063226,0.8355481727574751,0.47666948673528825,0.6666666666666666,0.2,0.8243756972588394,0.31010201159895123,0.6585300247114659,0.2463000918174436,0.84471501518833,0.4978288971612876,0.37229400109023825,0.2571411577378928,0.2,0.48004493926957864,0.48004493926957864,0.6348706546042703
MYS,2016,100.0,56.4,0.03700853,80,0.2,0.643,2.0,,,3,1,0,1,0,3,0.0,1.0,20,,observed,imputed,observed,observed,observed,carried_forward,missing,missing,observed,observed,observed,observed,observed,observed,observed,missing,0.96299147,1.0,0.6710963455149501,0.8285714285714286,0.0,,0.2,1.0,,,0.3333333333333333,0.0,0.0,0.5,0.0,1.0,0.8944726571300023,1.0,1.0,0.660377358490566,0.8636363636363636,0.0,,0.2,1.0,,,0.3333333333333333,0.0,0.0,1.0,0.0,1.0,0.9017956634165312,0.8355481727574751,0.48076102142535776,0.6666666666666666,0.3,0.8243756972588394,0.3143506192016113,0.6585300247114659,0.5870184682448168,0.84471501518833,0.5021172954927844,0.37229400109023825,0.3641950659257678,0.3,0.5323934266185377,0.5323934266185377,0.7120173854405016
MYS,2021,85.0,56.4,0.04373824,79,0.7,0.647,2.0,,,3,1,1,0,0,2,0.0,1.0,20,,observed,observed,observed,observed,observed,carried_forward,missing,missing,observed,observed,observed,observed,observed,observed,observed,missing,0.95626176,0.8275862068965517,0.6710963455149501,0.8142857142857143,0.0,,0.7,1.0,,,0.3333333333333333,0.0,0.5,0.0,0.0,0.5,0.8606694557937289,1.0,0.8125,0.6744574290484139,0.7936507936507936,0.0,,0.7,1.0,,,0.3333333333333333,0.0,0.5,0.0,0.0,0.5,0.8950887292803592,0.749341276205751,0.5937387925198607,0.6666666666666666,0.2,0.7440254971980406,0.5112472607197593,0.6585300247114659,0.2463000918174436,0.7537027902641881,0.6030655089013388,0.37229400109023825,0.2571411577378928,0.2,0.4935185193730239,0.4935185193730239,0.6568729700055714
MYS,2022,85.0,56.4,0.03905919,80,0.7,0.648,2.0,,,3,1,0,1,0,3,0.0,1.0,20,,imputed,imputed,observed,observed,imputed,carried_forward,missing,missing,observed,observed,observed,observed,observed,observed,observed,missing,0.96094081,0.8275862068965517,0.6710963455149501,0.8285714285714286,0.0,,0.7,1.0,,,0.3333333333333333,0.0,0.0,0.5,0.0,1.0,0.8841722321707929,1.0,0.7727272727272727,0.6744574290484139,0.8064516129032258,0.0,,0.7,1.0,,,0.5,0.0,0.0,1.0,0.0,1.0,0.8801952894648627,0.749341276205751,0.6031859151855554,0.6666666666666666,0.3,0.7440254971980406,0.5159830802698336,0.6585300247114659,0.5870184682448168,0.7537027902641881,0.6130891864024928,0.37229400109023825,0.3641950659257678,0.3,0.5483277315717908,0.5483277315717908,0.7321001671586078
NAM,2013,61.0,30.3,0.09064487,58,0.925,0.416,,,,1,2,2,0,0,2,0.0,1.0,80,,imputed,imputed,observed,observed,imputed,missing,missing,missing,observed,observed,observed,observed,observed,observed,observed,missing,0.90935513,0.5517241379310345,0.23754152823920266,0.5142857142857142,0.75,,0.925,,,,0.0,0.5,1.0,0.0,0.0,0.5,0.6250583733108157,1.0,0.5357142857142857,0.10000000000000003,0.42857142857142855,0.75,,0.925,,,,0.0,1.0,1.0,0.0,0.0,0.5,0.5100856774095417,0.39463283308511854,0.7035860218991326,,0.4,0.3839604143965054,0.7659349103413138,0.0,0.28940648033474775,0.40338938663806584,0.6943675935173418,0.0,0.45581995865416014,0.4,,,
NAM,2021,61.0,30.3,0.09337664,61,0.925,0.396,2.0,,,1,1,1,0,0,2,0.0,1.0,80,,observed,observed,observed,observed,observed,carried_forward,missing,missing,observed,observed,observed,observed,observed,observed,observed,missing,0.90662336,0.5517241379310345,0.23754152823920266,0.5571428571428572,0.75,,0.925,1.0,,,0.0,0.0,0.5,0.0,0.0,0.5,0.6113367461806135,1.0,0.5125,0.2387312186978297,0.5079365079365079,0.75,,0.925,1.0,,,0.0,0.0,0.5,0.0,0.0,0.5,0.6357848853792006,0.39463283308511854,0.7108699008308677,0.5,0.2,0.3839604143965054,0.772712383273966,0.6400800281806298,0.2463000918174436,0.40338938663806584,0.7020208360755885,0.27207333325018224,0.2571411577378928,0.2,0.40925673514395633,0.40925673514395633,0.635909985562108
NER,2019,39.0,29.7,0.05666421,35,,0.306,,2.0,,1,1,1,0,0,2,0.0,1.0,40,,observed,observed,observed,observed,imputed,missing,carried_forward,missing,observed,observed,observed,observed,observed,observed,observed,missing,0.94333579,0.2988505747126437,0.22757475083056475,0.18571428571428572,0.25,,,,1.0,,0.0,0.0,0.5,0.0,0.0,0.5,0.7957425620083162,1.0,0.11764705882352941,0.20240137221269297,0.11666666666666667,0.25,,,,0.0,,0.0,0.0,0.5,0.0,0.0,0.5,0.7598018003051414,0.2632126627716042,0.410485615907534,0.5,0.2,0.2607915057394199,0.1848880124228045,0.27628368286318133,0.2463000918174436,0.2651991844792669,0.32143474823061424,0.24870804162754795,0.2571411577378928,0.2,0.3224045635581134,0.3224045635581134,0.5502628018887287
NGA,2011,38.0,,0.03320779,40,,0.512,,,,1,2,1,1,0,3,0.0,1.0,100,,observed,imputed,observed,observed,imputed,missing,missing,missing,observed,observed,observed,observed,observed,observed,observed,missing,0.96679221,0.28735632183908044,,0.2571428571428571,1.0,,,,,,0.0,0.5,0.5,0.5,0.0,1.0,0.9135636996038728,1.0,0.30120481927710846,,0.26229508196721313,1.0,,,,,,0.0,1.0,1.0,1.0,0.0,1.0,0.8816498323561129,0.28735632183908044,0.72356885224891,,0.5,0.1339170001013313,0.44883688047004466,0.0,0.6301248567621209,0.15168704154023663,0.5536106041540255,0.0,0.5628738668420351,0.5,,,
NGA,2018,52.0,,0.03090693,46,,0.493,2.0,2.0,,1,1,1,0,0,2,0.0,1.0,100,,observed,imputed,observed,observed,imputed,carried_forward,carried_forward,missing,observed,observed,observed,observed,observed,observed,observed,missing,0.96909307,0.4482758620689655,,0.34285714285714286,1.0,,,1.0,1.0,,0.0,0.0,0.5,0.0,0.0,0.5,0.9251208742557638,1.0,0.35135135135135137,,0.24561403508771928,1.0,,,0.0,0.0,,0.0,0.0,0.5,0.0,0.0,0.5,0.9594243829395955,0.4482758620689655,0.755992672370969,0.6666666666666666,0.2,0.20891052015807685,0.4658320825418014,0.9163637110438112,0.2463000918174436,0.23663178480276917,0.5792970474461575,0.5207813748777301,0.2571411577378928,0.2,0.4610525403279715,0.4610525403279715,0.6705415418575962
NGA,2022,52.0,,0.04270904,47,,0.495,2.0,2.0,,1,1,1,1,0,3,0.0,1.0,100,,imputed,imputed,observed,observed,imputed,carried_forward,carried_forward,missing,observed,observed,observed,observed,observed,observed,observed,missing,0.95729096,0.4482758620689655,,0.35714285714285715,1.0,,,1.0,1.0,,0.0,0.0,0.5,0.5,0.0,1.0,0.8658391072074294,1.0,0.2727272727272727,,0.27419354838709675,1.0,,,1.0,1.0,,0.0,0.0,0.5,1.0,0.0,1.0,0.854678813008625,0.4482758620689655,0.7409939881167622,0.6666666666666666,0.4,0.20891052015807685,0.46326541729207976,0.9163637110438112,0.6276085012649691,0.23663178480276917,0.5672876314067925,0.5207813748777301,0.49148157841267115,0.4,0.545547026228032,0.545547026228032,0.7863386274942389
NIC,2012,76.0,,0.07488369,68,,0.333,,,,1,1,1,0,0,2,0.0,1.0,20,,observed,imputed,observed,observed,imputed,missing,missing,missing,observed,observed,observed,observed,observed,observed,observed,missing,0.9251163099999999,0.7241379310344828,,0.6571428571428571,0.0,,,,,,0.0,0.0,0.5,0.0,0.0,0.5,0.7042264713176013,1.0,0.68,,0.6615384615384615,0.0,,,,,,0.0,0.0,0.5,0.0,0.0,0.5,0.6235319809641443,0.7241379310344828,0.45378977615348615,,0.2,0.3374708402553549,0.18460096655541988,0.0,0.2463000918174436,0.3822513446813963,0.36077695727229225,0.0,0.2571411577378928,0.2,,,
NIC,2020,83.0,,0.08589961,71,,0.345,,,,1,1,1,0,0,2,0.0,1.0,20,,observed,imputed,observed,observed,imputed,missing,missing,missing,observed,observed,observed,observed,observed,observed,observed,missing,0.91410039,0.8045977011494253,,0.7,0.0,,,,,,0.0,0.0,0.5,0.0,0.0,0.5,0.6488937212192641,1.0,0.7536231884057971,,0.6612903225806451,0.0,,,,,,0.0,0.0,0.5,0.0,0.0,0.5,0.6199327644118423,0.8045977011494253,0.4496312404064214,,0.2,0.37496760028372766,0.18770789205972185,0.0,0.2463000918174436,0.4247237163126626,0.3573554058321986,0.0,0.2571411577378928,0.2,,,
NLD,2012,85.0,67.7,0.10538987,82,,0.755,,,,1,1,1,1,0,3,0.0,1.0,40,,observed,imputed,observed,observed,imputed,missing,missing,missing,observed,observed,observed,observed,observed,observed,observed,missing,0.89461013,0.8275862068965517,0.8588039867109635,0.8571428571428571,0.25,,,,,,0.0,0.0,0.5,0.5,0.0,1.0,0.5509945275130989,1.0,0.8,0.8374760994263862,0.8769230769230769,0.25,,,,,,0.0,0.0,0.5,1.0,0.0,1.0,0.4031549004209365,0.8431950968037576,0.5527124615519853,,0.4,0.8442555285604201,0.2884418700068905,0.0,0.6276085012649691,0.8423250291280462,0.4334107034450318,0.0,0.49148157841267115,0.4,,,
NLD,2016,94.0,67.7,0.10056795,84,,0.742,,,,1,2,2,0,0,2,0.0,1.0,40,,observed,imputed,observed,observed,imputed,missing,missing,missing,observed,observed,observed,observed,observed,observed,observed,missing,0.89943205,0.9310344827586207,0.8588039867109635,0.8857142857142857,0.25,,,,,,0.0,0.5,1.0,0.0,0.0,0.5,0.5752149370979702,1.0,0.9166666666666666,0.8542024013722127,0.9242424242424242,0.25,,,,,,0.0,1.0,1.0,0.0,0.0,0.5,0.4639321071067023,0.8949192347347921,0.5703097409374186,,0.4,0.8924656485968994,0.29590361505230367,0.0,0.28940648033474775,0.8969323640825313,0.44739379608615676,0.0,0.45581995865416014,0.4,,,
NLD,2019,90.0,67.7,0.10140396,85,,0.748,,,,1,1,1,1,0,3,0.0,1.0,40,,observed,observed,observed,observed,imputed,missing,missing,missing,observed,observed,observed,observed,observed,observed,observed,missing,0.89859604,0.8850574712643678,0.8588039867109635,0.9,0.25,,,,,,0.0,0.0,0.5,0.5,0.0,1.0,0.5710156752651219,1.0,0.8676470588235294,0.8542024013722127,0.95,0.25,,,,,,0.0,0.0,0.5,1.0,0.0,1.0,0.45062615673730944,0.8719307289876657,0.5736718917550406,,0.4,0.8710389285806864,0.29819581765915537,0.0,0.6276085012649691,0.8726624374360935,0.4500445803648934,0.0,0.49148157841267115,0.4,,,
NOR,2010,99.0,,0.08858115,84,0.975,0.739,,,,4,2,2,1,0,3,0.0,1.0,80,,imputed,imputed,observed,observed,imputed,missing,missing,missing,observed,observed,observed,observed,observed,observed,observed,missing,0.91141885,0.9885057471264368,,0.8857142857142857,0.75,,0.975,,,,0.5,0.5,1.0,0.5,0.0,1.0,0.6354243983938719,1.0,1.0,,1.0,0.75,,0.975,,,,0.5,1.0,1.0,1.0,0.0,1.0,0.5200050703058557,0.9885057471264368,0.8115346710270394,,0.6,0.4606744803485797,0.8563315981080559,0.02767499479625413,0.6707148897822732,0.5218034228984141,0.8064766907124379,0.15033100176008402,0.6901603793289385,0.6,,,
NOR,2017,99.0,,0.10229836,87,0.975,0.721,,,,4,1,1,0,0,2,0.0,1.0,80,,observed,imputed,observed,observed,observed,missing,missing,missing,observed,observed,observed,observed,observed,observed,observed,missing,0.89770164,0.9885057471264368,,0.9285714285714286,0.75,,0.975,,,,0.5,0.0,0.5,0.0,0.0,0.5,0.5665231216075103,1.0,0.9861111111111112,,1.0,0.75,,0.975,,,,0.5,0.0,1.0,0.0,0.0,0.5,0.4555479978211375,0.9885057471264368,0.8050236375447347,,0.2,0.4606744803485797,0.8582416340023522,0.02767499479625413,0.2463000918174436,0.5218034228984141,0.7994438779745915,0.15033100176008402,0.2571411577378928,0.2,,,
NOR,2020,94.0,,0.11424164,88,0.975,0.713,2.0,,,4,1,1,1,0,3,0.0,1.0,80,,observed,imputed,observed,observed,imputed,carried_forward,missing,missing,observed,observed,observed,observed,observed,observed,observed,missing,0.88575836,0.9310344827586207,,0.9428571428571428,0.75,,0.975,1.0,,,0.5,0.0,0.5,0.5,0.0,1.0,0.5065322604180253,1.0,0.9130434782608695,,0.9354838709677419,0.75,,0.9736842105263158,0.0,,,0.5,0.0,0.5,0.5,0.0,1.0,0.4480688187577087,0.9310344827586207,0.793597350818792,0.75,0.4,0.43389108032831347,0.8556124190425867,0.6677550229768839,0.6276085012649691,0.4914660145903667,0.7872457366382745,0.42240433501026625,0.49148157841267115,0.4,0.6861543288583377,0.6861543288583377,0.8975534755057543
NPL,2010,61.0,,0.04361315,37,0.05,0.359,,,,1,1,1,1,0,3,0.0,1.0,100,,imputed,imputed,observed,observed,imputed,missing,missing,missing,observed,observed,observed,observed,observed,observed,observed,missing,0.95638685,0.5517241379310345,,0.21428571428571427,1.0,,0.05,,,,0.0,0.0,0.5,0.5,0.0,1.0,0.8612977804102661,1.0,0.45714285714285713,,0.24193548387096775,1.0,,0.05,,,,0.0,0.0,0.5,1.0,0.0,1.0,0.8386209363245114,0.5517241379310345,0.531395873673995,,0.4,0.2571206401945561,0.4564927049761606,0.0,0.6276085012649691,0.29123911975725436,0.5397661210019473,0.0,0.49148157841267115,0.4,,,
NPL,2013,61.0,,0.0463013,43,0.05,0.37,,,,1,1,0,1,0,3,0.0,1.0,100,,observed,imputed,observed,observed,imputed,missing,missing,missing,observed,observed,observed,observed,observed,observed,observed,missing,0.9536987,0.5517241379310345,,0.3,1.0,,0.05,,,,0.0,0.0,0.0,0.5,0.0,1.0,0.8477952556845195,1.0,0.5357142857142857,,0.12244897959183673,1.0,,0.05,,,,0.0,0.0,0.0,1.0,0.0,1.0,0.8368684789640006,0.5517241379310345,0.5494488139211298,,0.3,0.2571206401945561,0.4712773727353429,0.0,0.5870184682448168,0.29123911975725436,0.5587829291467604,0.0,0.3641950659257678,0.3,,,
NPL,2014,66.0,,0.05075494,45,0.05,0.371,,,,1,2,2,1,0,3,0.0,1.0,100,,observed,imputed,observed,observed,imputed,missing,missing,missing,observed,observed,observed,observed,observed,observed,observed,missing,0.94924506,0.6091954022988506,,0.32857142857142857,1.0,,0.05,,,,0.0,0.5,1.0,0.5,0.0,1.0,0.8254247093163577,1.0,0.5853658536585366,,0.2542372881355932,1.0,,0.05,,,,0.0,1.0,1.0,1.0,0.0,1.0,0.7818457376909005,0.6091954022988506,0.5509990344719465,,0.6,0.2839040402148224,0.47462929566207074,0.0,0.6707148897822732,0.3215765280653017,0.5603658460040999,0.0,0.6901603793289385,0.6,,,
NPL,2015,72.0,,0.05466156,46,0.05,0.37,,,,1,1,1,1,0,3,0.0,1.0,100,,observed,imputed,observed,observed,observed,missing,missing,missing,observed,observed,observed,observed,observed,observed,observed,missing,0.94533844,0.6781609195402298,,0.34285714285714286,1.0,,0.05,,,,0.0,0.0,0.5,0.5,0.0,1.0,0.8058018336791739,1.0,0.6142857142857143,,0.2857142857142857,1.0,,0.05,,,,0.0,0.0,0.5,1.0,0.0,1.0,0.751251928095778,0.6781609195402298,0.5496647441340792,,0.4,0.31604412023914186,0.47556097007484494,0.0,0.6276085012649691,0.3579814180349584,0.5589116378334912,0.0,0.49148157841267115,0.4,,,
NPL,2020,39.0,,0.05208097,51,0.05,0.389,,,,1,1,1,0,0,2,0.0,1.0,100,,observed,imputed,observed,observed,imputed,missing,missing,missing,observed,observed,observed,observed,observed,observed,observed,missing,0.94791903,0.2988505747126437,,0.4142857142857143,1.0,,0.05,,,,0.0,0.0,0.5,0.0,0.0,0.5,0.8187640866345574,1.0,0.11594202898550725,,0.3387096774193548,1.0,,0.0,,,,0.0,0.0,0.5,0.0,0.0,0.5,0.8250064626281206,0.2988505747126437,0.5707624502300679,,0.2,0.13927368010538457,0.49001749257790816,0.0,0.2463000918174436,0.1577545232018461,0.5812036253289399,0.0,0.2571411577378928,0.2,,,
NZL,2014,99.0,,0.09401684,89,0.875,0.657,,,,4,1,0,0,1,1,0.0,1.0,20,,observed,imputed,observed,observed,imputed,missing,missing,missing,observed,observed,observed,observed,observed,observed,observed,missing,0.90598316,0.9885057471264368,,0.9571428571428572,0.0,,0.875,,,,0.5,0.0,0.0,0.0,1.0,0.0,0.6081210341372296,1.0,0.9878048780487805,,1.0,0.0,,0.875,,,,0.6,0.0,0.0,0.0,1.0,0.0,0.47763487355059703,0.9885057471264368,0.6100659728200217,,0.2,0.4606744803485797,0.5864853803677508,0.02767499479625413,0.15117040407034077,0.5218034228984141,0.6133336285161011,0.15033100176008402,0.13396155686684127,0.2,,,
NZL,2015,98.0,,0.09283443,89,0.875,0.653,,,,4,1,1,0,0,2,0.0,1.0,20,,observed,imputed,observed,observed,observed,missing,missing,missing,observed,observed,observed,observed,observed,observed,observed,missing,0.90716557,0.9770114942528736,,0.9571428571428572,0.0,,0.875,,,,0.5,0.0,0.5,0.0,0.0,0.5,0.6140602563759325,1.0,0.9857142857142858,,0.9682539682539683,0.0,,0.875,,,,0.5,0.0,0.5,0.0,0.0,0.5,0.49091342346128924,0.9770114942528736,0.6115507783796974,,0.2,0.4553178003445265,0.5870092834821024,0.02767499479625413,0.2463000918174436,0.5157359412368046,0.6149143516043571,0.15033100176008402,0.2571411577378928,0.2,,,
NZL,2018,90.0,,0.09038105,89,0.875,0.654,,,,4,1,1,1,0,3,0.0,1.0,20,,observed,imputed,observed,observed,observed,missing,missing,missing,observed,observed,observed,observed,observed,observed,observed,missing,0.90961895,0.8850574712643678,,0.9571428571428572,0.0,,0.875,,,,0.5,0.0,0.5,0.5,0.0,1.0,0.6263835359963603,1.0,0.8648648648648649,,1.0,0.0,,0.875,,,,0.5,0.0,0.5,1.0,0.0,1.0,0.5375201981414806,0.8850574712643678,0.6146315982848044,,0.4,0.4124643603121005,0.5880963289423808,0.02767499479625413,0.6276085012649691,0.46719608794392886,0.6181941905859847,0.15033100176008402,0.49148157841267115,0.4,,,
NZL,2023,90.0,,0.09038105,89,0.875,,,,2.0,4,1,1,1,0,3,0.0,1.0,20,20.0,imputed,imputed,imputed,observed,imputed,missing,missing,carried_forward,observed,observed,observed,observed,observed,observed,observed,observed,0.90961895,0.8850574712643678,,0.9571428571428572,0.0,0.0,0.875,,,1.0,0.5,0.0,0.5,0.5,0.0,1.0,0.6263835359963603,1.0,0.8461538461538461,,1.0,0.0,0.0,0.875,,,1.0,0.5,0.0,1.0,1.0,0.0,1.0,0.5327399979570544,0.8850574712643678,0.6146315982848044,0.75,0.4,0.4124643603121005,0.5880963289423808,0.055961294159934775,0.6276085012649691,0.46719608794392886,0.6181941905859847,0.32888762343370825,0.49148157841267115,0.4,0.6355897761874014,0.6355897761874014,0.8026299954391216
OMN,2012,92.0,39.1,0.02277028,75,,0.567,,,,1,1,0,0,1,1,0.0,1.0,100,,observed,imputed,observed,observed,imputed,missing,missing,missing,observed,observed,observed,observed,observed,observed,observed,missing,0.97722972,0.9080459770114943,0.38372093023255816,0.7571428571428571,1.0,,,,,,0.0,0.0,0.0,0.0,1.0,0.0,0.9659911076169025,1.0,0.8933333333333333,0.29063097514340347,0.7692307692307693,1.0,,,,,,0.0,0.0,0.0,0.0,1.0,0.0,1.0,0.6458834536220261,0.9077113215865866,,0.2,0.6280727401848942,0.5466533294513225,0.0,0.15117040407034077,0.6604968669976894,0.6994587517695718,0.0,0.13396155686684127,0.2,,,
OMN,2013,86.0,39.1,0.02505401,74,,0.569,,,,1,1,0,1,0,3,0.0,1.0,100,,observed,imputed,observed,observed,imputed,missing,missing,missing,observed,observed,observed,observed,observed,observed,observed,missing,0.97494599,0.8390804597701149,0.38372093023255816,0.7428571428571429,1.0,,,,,,0.0,0.0,0.0,0.5,0.0,1.0,0.9545199766190311,1.0,0.8333333333333334,0.27254901960784317,0.7551020408163265,1.0,,,,,,0.0,0.0,0.0,1.0,0.0,1.0,0.9934469626458524,0.6114006950013365,0.899125706492058,,0.3,0.5959326601605748,0.5429788300929489,0.0,0.5870184682448168,0.6240919770280327,0.6926372948414528,0.0,0.3641950659257678,0.3,,,
OMN,2015,94.0,39.1,0.04078262,75,,0.569,,,2.0,1,1,1,0,0,2,0.0,1.0,100,,observed,imputed,observed,observed,imputed,missing,missing,carried_forward,observed,observed,observed,observed,observed,observed,observed,missing,0.95921738,0.9310344827586207,0.38372093023255816,0.7571428571428571,1.0,,,,,1.0,0.0,0.0,0.5,0.0,0.0,0.5,0.8755154770834306,1.0,0.9285714285714286,0.37647058823529417,0.746031746031746,1.0,,,,,0.0,0.0,0.0,0.5,0.0,0.0,0.5,0.8459061284614248,0.6573777064955895,0.8775527780754292,0.5,0.2,0.6387861001930009,0.5386724082625983,0.028286299363680645,0.2463000918174436,0.6726318303209083,0.6753786765744018,0.17855662167362427,0.2571411577378928,0.2,0.49008572675860074,0.49008572675860074,0.6817441049634325
OMN,2016,95.0,39.1,0.04175808,75,,0.569,,,2.0,1,1,0,1,0,3,0.0,1.0,100,,observed,imputed,observed,observed,imputed,missing,missing,carried_forward,observed,observed,observed,observed,observed,observed,observed,missing,0.95824192,0.9425287356321839,0.38372093023255816,0.7571428571428571,1.0,,,,,1.0,0.0,0.0,0.0,0.5,0.0,1.0,0.8706157606356961,1.0,0.9305555555555556,0.36363636363636365,0.7878787878787878,1.0,,,,,0.0,0.0,0.0,0.0,1.0,0.0,1.0,0.8690758108144881,0.663124832932371,0.8759195392595177,0.5,0.3,0.6441427801970541,0.5382402007102896,0.028286299363680645,0.5870184682448168,0.6786993119825178,0.6740746177930396,0.17855662167362427,0.3641950659257678,0.3,0.543297480837068,0.543297480837068,0.7551472533640986
OMN,2020,79.0,39.1,0.05119229,73,,0.574,,,2.0,1,2,2,0,0,2,0.0,1.0,100,,observed,imputed,observed,observed,imputed,missing,missing,carried_forward,observed,observed,observed,observed,observed,observed,observed,missing,0.94880771,0.7586206896551724,0.38372093023255816,0.7285714285714285,1.0,,,,,1.0,0.0,0.5,1.0,0.0,0.0,0.5,0.8232279088443583,1.0,0.6956521739130435,0.2914669223394055,0.6935483870967742,1.0,,,,,0.0,0.0,1.0,1.0,0.0,0.0,0.5,0.8303953515405913,0.5711708099438653,0.8505997791385956,0.5,0.4,0.558435900132202,0.5287348387339532,0.028286299363680645,0.28940648033474775,0.5816196053967664,0.6539255139605907,0.17855662167362427,0.45581995865416014,0.4,0.5583163118257112,0.5583163118257112,0.773967181179999
OMN,2021,75.0,39.1,0.04370282,73,,0.574,2.0,,2.0,1,1,1,0,0,2,0.0,1.0,100,,observed,observed,observed,observed,imputed,carried_forward,missing,carried_forward,observed,observed,observed,observed,observed,observed,observed,missing,0.95629718,0.7126436781609196,0.38372093023255816,0.7285714285714285,1.0,,,1.0,,1.0,0.0,0.0,0.5,0.0,0.0,0.5,0.8608473697590158,1.0,0.6875,0.38564273789649417,0.6984126984126984,1.0,,,1.0,,1.0,0.0,0.0,0.5,0.0,0.0,0.5,0.8952737582529083,0.5481823041967389,0.8631395994434814,0.6666666666666666,0.2,0.5370091801159891,0.5320532787487051,0.6683663275443105,0.2463000918174436,0.5573496787503285,0.6639379277153816,0.45062995492380653,0.2571411577378928,0.2,0.5011713055558984,0.5011713055558984,0.6951382936865598
PAK,2013,42.0,,0.02416478,47,0.425,0.535,,,,1,1,1,1,0,3,0.0,1.0,100,,observed,imputed,observed,observed,imputed,missing,missing,missing,observed,observed,observed,observed,observed,observed,observed,missing,0.97583522,0.3333333333333333,,0.35714285714285715,1.0,,0.425,,,,0.0,0.0,0.5,0.5,0.0,1.0,0.9589865614680444,1.0,0.30952380952380953,,0.20408163265306123,1.0,,0.425,,,,0.0,0.0,0.5,1.0,0.0,1.0,1.0,0.3333333333333333,0.6852823546527254,,0.4,0.15534372011754433,0.6436419306856365,0.0,0.6276085012649691,0.1759569681866745,0.688735157395689,0.0,0.49148157841267115,0.4,,,
PAK,2015,46.5,,0.02494933,49,0.425,0.541,,,,1,1,1,0,0,2,0.0,1.0,100,,imputed,imputed,observed,observed,observed,missing,missing,missing,observed,observed,observed,observed,observed,observed,observed,missing,0.97505067,0.3850574712643678,,0.38571428571428573,1.0,,0.425,,,,0.0,0.0,0.5,0.0,0.0,0.5,0.955045782205881,1.0,0.25,,0.3333333333333333,1.0,,0.425,,,,0.0,0.0,0.5,0.0,0.0,0.5,0.9538889718275171,0.3850574712643678,0.6914400169800416,,0.2,0.17944878013578394,0.6486195567761028,0.0,0.2463000918174436,0.20326063566391708,0.6952231539427216,0.0,0.2571411577378928,0.2,,,
PAK,2018,51.0,,0.02828449,53,0.425,0.547,,,2.0,1,1,0,0,1,1,0.0,1.0,100,,observed,imputed,observed,observed,observed,missing,missing,carried_forward,observed,observed,observed,observed,observed,observed,observed,missing,0.97171551,0.4367816091954023,,0.44285714285714284,1.0,,0.425,,,1.0,0.0,0.0,0.0,0.0,1.0,0.0,0.9382933389403189,1.0,0.33783783783783783,,0.3684210526315789,1.0,,0.425,,,0.0,0.0,0.0,0.0,0.0,1.0,0.0,0.9780277420205197,0.4367816091954023,0.7015376204493654,0.5,0.2,0.2035538401540236,0.6577923017606049,0.028286299363680645,0.15117040407034077,0.2305643031411597,0.7058381624229507,0.17855662167362427,0.13396155686684127,0.2,0.4183876218930108,0.4183876218930108,0.5911904475115236
PAN,2012,78.0,53.5,0.06504507,78,,0.463,,,,1,1,1,0,0,2,0.0,1.0,80,,observed,imputed,observed,observed,imputed,missing,missing,missing,observed,observed,observed,observed,observed,observed,observed,missing,0.93495493,0.7471264367816092,0.622923588039867,0.8,0.75,,,,,,0.0,0.0,0.5,0.0,0.0,0.5,0.7536456666070102,1.0,0.7066666666666667,0.5659655831739961,0.8153846153846154,0.75,,,,,,0.0,0.0,0.5,0.0,0.0,0.5,0.6946063125315193,0.6850250124107381,0.7678818888690033,,0.2,0.6808059857580837,0.45582916225073944,0.0,0.2463000918174436,0.6884866582165334,0.5935897325966853,0.0,0.2571411577378928,0.2,,,
PAN,2016,71.0,53.5,0.07093781,79,,0.492,,2.0,,1,1,0,1,0,3,0.0,1.0,80,,observed,imputed,observed,observed,imputed,missing,carried_forward,missing,observed,observed,observed,observed,observed,observed,observed,missing,0.92906219,0.6666666666666666,0.622923588039867,0.8142857142857143,0.75,,,,1.0,,0.0,0.0,0.0,0.5,0.0,1.0,0.7240465491647563,1.0,0.5972222222222222,0.6106346483704974,0.8484848484848485,0.75,,,,0.0,,0.0,0.0,0.0,1.0,0.0,1.0,0.6680554058145589,0.6447951273532668,0.7627774211501569,0.5,0.3,0.6433092257297108,0.45588082511635497,0.27628368286318133,0.5870184682448168,0.6460142865852672,0.5894803491991695,0.24870804162754795,0.3641950659257678,0.3,0.521167960180038,0.521167960180038,0.753847547892705
PAN,2021,76.0,53.5,0.09135711,83,,0.492,1.0,2.0,,1,1,1,0,0,2,0.0,1.0,80,,observed,observed,observed,observed,imputed,carried_forward,carried_forward,missing,observed,observed,observed,observed,observed,observed,observed,missing,0.90864289,0.7241379310344828,0.622923588039867,0.8714285714285714,0.75,,,0.0,1.0,,0.0,0.0,0.5,0.0,0.0,0.5,0.621480805760394,1.0,0.7,0.6260434056761268,0.8571428571428571,0.75,,,0.0,0.0,,0.0,0.0,0.5,0.0,0.0,0.5,0.6463346188894206,0.6735307595371749,0.7476364590629885,0.3333333333333333,0.2,0.6700926257499771,0.457483916468007,0.27628368286318133,0.2463000918174436,0.6763516948933146,0.577256161003963,0.24870804162754795,0.2571411577378928,0.2,0.4280447372246067,0.4280447372246067,0.6253883780621824
PER,2013,75.0,54.9,0.04723461,69,1.0,0.545,,,,1,1,1,1,0,3,0.0,1.0,60,,observed,imputed,observed,observed,imputed,missing,missing,missing,observed,observed,observed,observed,observed,observed,observed,missing,0.95276539,0.7126436781609196,0.6461794019933554,0.6714285714285714,0.5,,1.0,,,,0.0,0.0,0.5,0.5,0.0,1.0,0.8431072578600729,1.0,0.7023809523809523,0.5823529411764706,0.6530612244897959,0.5,,1.0,,,,0.0,0.0,0.5,1.0,0.0,1.0,0.8299906011449892,0.6794115400771374,0.7536339573221611,,0.4,0.6771538257377232,0.764758280443498,0.0,0.6276085012649691,0.6812639596396167,0.7502522975948237,0.0,0.49148157841267115,0.4,,,
PER,2015,89.0,54.9,0.04921474,71,1.0,0.56,,,,1,1,1,0,0,2,0.0,1.0,60,,observed,imputed,observed,observed,imputed,missing,missing,missing,observed,observed,observed,observed,observed,observed,observed,missing,0.95078526,0.8735632183908046,0.6461794019933554,0.7,0.5,,1.0,,,,0.0,0.0,0.5,0.0,0.0,0.5,0.8331611037075168,1.0,0.8571428571428571,0.6420168067226891,0.6825396825396826,0.5,,1.0,,,,0.0,0.0,0.5,0.0,0.0,0.5,0.7883991736084475,0.75987131019208,0.7582902759268793,,0.2,0.7521473457944687,0.7692061680460824,0.0,0.2463000918174436,0.7662087029021493,0.7551419645354951,0.0,0.2571411577378928,0.2,,,
PER,2021,39.0,54.9,0.06679214,68,1.0,0.571,,2.0,,1,1,1,0,0,2,0.0,1.0,60,,observed,observed,observed,observed,observed,missing,carried_forward,missing,observed,observed,observed,observed,observed,observed,observed,missing,0.93320786,0.2988505747126437,0.6461794019933554,0.6571428571428571,0.5,,1.0,,1.0,,0.0,0.0,0.5,0.0,0.0,0.5,0.7448701682633131,1.0,0.2375,0.6494156928213689,0.6190476190476191,0.5,,1.0,,0.0,,0.0,0.0,0.5,0.0,0.0,0.5,0.7746584799791546,0.47251498835299954,0.7255032563515426,0.5,0.2,0.48431334559180605,0.7534300927564683,0.27628368286318133,0.2463000918174436,0.46283461982167595,0.720338094088174,0.24870804162754795,0.2571411577378928,0.2,0.430292462731423,0.430292462731423,0.5985029272740953
PHL,2011,74.0,45.7,0.04025186,63,0.45,0.553,,,,1,1,0,1,0,3,0.0,1.0,100,,observed,imputed,observed,observed,imputed,missing,missing,missing,observed,observed,observed,observed,observed,observed,observed,missing,0.95974814,0.7011494252873564,0.49335548172757476,0.5857142857142857,1.0,,0.45,,,,0.0,0.0,0.0,0.5,0.0,1.0,0.878181474153325,1.0,0.7349397590361446,0.3592436974789916,0.639344262295082,1.0,,0.45,,,,0.0,0.0,0.0,1.0,0.0,1.0,0.8332038404002405,0.5972524535074656,0.7284739399669027,,0.3,0.5901939343589893,0.6892430693699578,0.0,0.5870184682448168,0.6030438587260167,0.7332092379150149,0.0,0.3641950659257678,0.3,,,
PHL,2012,75.0,45.7,0.04177092,64,0.45,0.563,,,,1,1,1,1,0,3,0.0,1.0,100,,observed,imputed,observed,observed,imputed,missing,missing,missing,observed,observed,observed,observed,observed,observed,observed,missing,0.95822908,0.7126436781609196,0.49335548172757476,0.6,1.0,,0.45,,,,0.0,0.0,0.5,0.5,0.0,1.0,0.8705512655675345,1.0,0.6666666666666666,0.41682600382409185,0.6,1.0,,0.45,,,,0.0,0.0,0.5,1.0,0.0,1.0,0.8627391049402938,0.6029995799442471,0.7301378163918837,,0.4,0.5955506143630425,0.6912326256677814,0.0,0.6276085012649691,0.609111340387626,0.7349468762414731,0.0,0.49148157841267115,0.4,,,
PHL,2015,84.0,45.7,0.03898275,66,0.45,0.569,,,,1,1,1,0,0,2,0.0,1.0,100,,observed,imputed,observed,observed,imputed,missing,missing,missing,observed,observed,observed,observed,observed,observed,observed,missing,0.96101725,0.8160919540229885,0.49335548172757476,0.6285714285714286,1.0,,0.45,,,,0.0,0.0,0.5,0.0,0.0,0.5,0.8845561887915309,1.0,0.7857142857142857,0.4873949579831933,0.6031746031746031,1.0,,0.45,,,,0.0,0.0,0.5,0.0,0.0,0.5,0.8581812197588957,0.6547237178752816,0.7407819043407399,,0.2,0.6437607343995218,0.6977932552297224,0.0,0.2463000918174436,0.6637186753421114,0.7462111187538434,0.0,0.2571411577378928,0.2,,,
PHL,2017,81.0,45.7,0.03960428,68,0.45,0.578,,,,1,1,1,0,0,2,0.0,1.0,100,,observed,imputed,observed,observed,imputed,missing,missing,missing,observed,observed,observed,observed,observed,observed,observed,missing,0.96039572,0.7816091954022989,0.49335548172757476,0.6571428571428571,1.0,,0.45,,,,0.0,0.0,0.5,0.0,0.0,0.5,0.8814342557919608,1.0,0.7361111111111112,0.476843910806175,0.6779661016949152,1.0,,0.45,,,,0.0,0.0,1.0,0.0,0.0,0.5,0.8933741637219431,0.6374823385649369,0.7471442782337046,,0.2,0.627690694387362,0.7028431123447079,0.0,0.2463000918174436,0.645516230357283,0.7529170511081233,0.0,0.2571411577378928,0.2,,,
PHL,2018,70.5,45.7,0.03953819,67,0.45,0.575,,,,1,1,0,1,0,3,0.0,1.0,100,,imputed,imputed,observed,observed,observed,missing,missing,missing,observed,observed,observed,observed,observed,observed,observed,missing,0.96046181,0.6609195402298851,0.49335548172757476,0.6428571428571429,1.0,,0.45,,,,0.0,0.0,0.0,0.5,0.0,1.0,0.8817662245656991,1.0,0.6013513513513513,0.41682600382409185,0.6140350877192983,1.0,,0.45,,,,0.0,0.0,0.0,1.0,0.0,1.0,0.8981949824191575,0.5771375109787299,0.7436558418557105,,0.3,0.5714455543448029,0.7002097730037272,0.0,0.5870184682448168,0.5818076729103836,0.7492369873746204,0.0,0.3641950659257678,0.3,,,
PHL,2021,60.0,45.7,0.05975006,68,1.0,0.58,,,,1,1,1,0,0,2,0.0,1.0,100,,observed,observed,observed,observed,observed,missing,missing,missing,observed,observed,observed,observed,observed,observed,observed,missing,0.94024994,0.5402298850574713,0.49335548172757476,0.6571428571428571,1.0,,1.0,,,,0.0,0.0,0.5,0.0,0.0,0.5,0.7802423979828914,1.0,0.5,0.4958263772954925,0.6190476190476191,1.0,,1.0,,,,0.0,0.0,0.5,0.0,0.0,0.5,0.8114452904536956,0.516792683392523,0.8593463137814371,,0.2,0.5152004143022437,0.9167120809041134,0.0,0.2463000918174436,0.5180991154634842,0.8510695358432426,0.0,0.2571411577378928,0.2,,,
PHL,2023,60.0,45.7,0.05975006,69,1.0,,2.0,,,1,1,1,0,0,2,0.0,1.0,100,100.0,imputed,imputed,imputed,observed,imputed,carried_forward,missing,missing,observed,observed,observed,observed,observed,observed,observed,observed,0.94024994,0.5402298850574713,0.49335548172757476,0.6714285714285714,1.0,1.0,1.0,1.0,,,0.0,0.0,0.5,0.0,0.0,0.5,0.7802423979828914,1.0,0.38461538461538464,0.4124513618677043,0.5833333333333334,1.0,1.0,1.0,1.0,,,0.0,0.0,1.0,0.0,0.0,0.5,0.7515423172009636,0.516792683392523,0.8629177423528657,0.5,0.2,0.5152004143022437,0.9193747034521268,0.6400800281806298,0.2463000918174436,0.5180991154634842,0.8548379530149801,0.27207333325018224,0.2571411577378928,0.2,0.45953800948716367,0.45953800948716367,0.5803098229038132
PNG,2011,47.0,,0.02293978,27,0.0,0.321,,,,1,1,1,0,0,2,0.0,1.0,100,,observed,imputed,observed,observed,imputed,missing,missing,missing,observed,observed,observed,observed,observed,observed,observed,missing,0.97706022,0.39080459770114945,,0.07142857142857142,1.0,,0.0,,,,0.0,0.0,0.5,0.0,0.0,0.5,0.9651397124414052,1.0,0.40963855421686746,,0.04918032786885246,1.0,,0.0,,,,0.0,0.0,1.0,0.0,0.0,0.5,0.9522686549775253,0.39080459770114945,0.5091420709674941,,0.2,0.1821271201378106,0.4187723449588757,0.0,0.2463000918174436,0.20629437649472185,0.5183481288307473,0.0,0.2571411577378928,0.2,,,
PNG,2015,47.0,,0.01818817,28,0.0,0.345,,,,1,1,1,1,0,3,0.0,1.0,100,,imputed,imputed,observed,observed,observed,missing,missing,missing,observed,observed,observed,observed,observed,observed,observed,missing,0.98181183,0.39080459770114945,,0.08571428571428572,1.0,,0.0,,,,0.0,0.0,0.5,0.5,0.0,1.0,0.9890069562753075,1.0,0.2571428571428571,,0.0,1.0,,0.0,,,,0.0,0.0,0.5,1.0,0.0,1.0,1.0,0.39080459770114945,0.5186803104973983,,0.4,0.1821271201378106,0.4235403144484611,0.0,0.6276085012649691,0.20629437649472185,0.5284688092896603,0.0,0.49148157841267115,0.4,,,
POL,2022,,,0.06396265,83,0.875,0.693,,1.0,,1,1,1,1,0,3,0.0,1.0,20,,imputed,imputed,observed,observed,observed,missing,carried_forward,missing,observed,observed,observed,observed,observed,observed,observed,missing,0.93603735,,,0.8714285714285714,0.0,,0.875,,0.0,,0.0,0.0,0.5,0.5,0.0,1.0,0.7590826410368757,1.0,,,0.8548387096774194,0.0,,0.875,,0.0,,0.0,0.0,0.5,1.0,0.0,1.0,0.7060926412001768,,0.6263778031163618,0.0,0.4,0.0,0.5838260782460967,0.0,0.6276085012649691,0.0,0.6309015340172678,0.0,0.49148157841267115,0.4,,,
POL,2023,,,0.06396265,82,0.875,,,1.0,,1,1,1,1,0,3,0.0,1.0,20,20.0,imputed,imputed,imputed,observed,imputed,missing,carried_forward,missing,observed,observed,observed,observed,observed,observed,observed,observed,0.93603735,,,0.8571428571428571,0.0,0.0,0.875,,0.0,,0.0,0.0,0.5,0.5,0.0,1.0,0.7590826410368757,1.0,,,0.8541666666666666,0.0,0.0,0.875,,0.0,,0.0,0.0,1.0,1.0,0.0,1.0,0.7214510775112346,,0.6228063745449333,0.0,0.4,0.0,0.5811634556980834,0.0,0.6276085012649691,0.0,0.6271331168455303,0.0,0.49148157841267115,0.4,,,
PRK,2011,39.0,,,73,,,,,,1,1,0,1,0,3,0.0,1.0,20,,observed,imputed,imputed,observed,imputed,missing,missing,missing,observed,observed,observed,observed,observed,observed,observed,missing,,0.2988505747126437,,0.7285714285714285,0.0,,,,,,0.0,0.0,0.0,0.5,0.0,1.0,,1.0,0.3132530120481928,,0.8032786885245902,0.0,,,,,,0.0,0.0,0.0,1.0,0.0,1.0,,0.2988505747126437,0.36428571428571427,,0.3,0.13927368010538457,0.1357937499486818,0.0,0.5870184682448168,0.1577545232018461,0.19218927575861025,0.0,0.3641950659257678,0.3,,,
PRK,2013,64.0,,,77,,,,,,1,1,1,0,0,2,0.0,1.0,20,,observed,imputed,imputed,observed,imputed,missing,missing,missing,observed,observed,observed,observed,observed,observed,observed,missing,,0.5862068965517241,,0.7857142857142857,0.0,,,,,,0.0,0.0,0.5,0.0,0.0,0.5,,1.0,0.5714285714285714,,0.8163265306122449,0.0,,,,,,0.0,0.0,0.5,0.0,0.0,0.5,,0.5862068965517241,0.39285714285714285,,0.2,0.2731906802067159,0.14644424014073526,0.0,0.2463000918174436,0.30944156474208273,0.2072629444455601,0.0,0.2571411577378928,0.2,,,
PRK,2017,67.0,,,80,,,1.0,,,1,1,0,1,0,3,0.0,1.0,20,,observed,imputed,imputed,observed,imputed,carried_forward,missing,missing,observed,observed,observed,observed,observed,observed,observed,missing,,0.6206896551724138,,0.8285714285714286,0.0,,,0.0,,,0.0,0.0,0.0,0.5,0.0,1.0,,1.0,0.5416666666666666,,0.8813559322033898,0.0,,,0.0,,,0.0,0.0,0.0,1.0,0.0,1.0,,0.6206896551724138,0.4142857142857143,0.0,0.3,0.28926072021887567,0.1544321077847754,0.0,0.5870184682448168,0.32764400972691116,0.21856819596077245,0.0,0.3641950659257678,0.3,0.0,0.0,0.0
PRK,2023,67.0,,,77,,,1.0,,,1,1,1,0,0,2,0.0,1.0,20,20.0,imputed,imputed,imputed,observed,imputed,carried_forward,missing,missing,observed,observed,observed,observed,observed,observed,observed,observed,,0.6206896551724138,,0.7857142857142857,0.0,0.0,,0.0,,,0.0,0.0,0.5,0.0,0.0,0.5,,1.0,0.49230769230769234,,0.75,0.0,0.0,,0.0,,,0.0,0.0,1.0,0.0,0.0,0.5,,0.6206896551724138,0.39285714285714285,0.0,0.2,0.28926072021887567,0.14644424014073526,0.0,0.2463000918174436,0.32764400972691116,0.2072629444455601,0.0,0.2571411577378928,0.2,0.0,0.0,0.0
PRT,2021,85.0,54.7,0.11123676,83,0.9,0.651,2.0,,,1,1,1,0,0,2,0.0,1.0,60,,observed,observed,observed,observed,observed,carried_forward,missing,missing,observed,observed,observed,observed,observed,observed,observed,missing,0.88876324,0.8275862068965517,0.6428571428571429,0.8714285714285714,0.5,,0.9,1.0,,,0.0,0.0,0.5,0.0,0.0,0.5,0.5216257137215616,1.0,0.8125,0.6460767946577629,0.8571428571428571,0.5,,0.9,1.0,,,0.0,0.0,0.5,0.0,0.0,0.5,0.5424861938714974,0.7352216748768473,0.6982635712875332,0.5,0.2,0.7289466429222844,0.7331686614258339,0.6400800281806298,0.2463000918174436,0.7403702410545812,0.6947052048280988,0.27207333325018224,0.2571411577378928,0.2,0.47600270619121415,0.47600270619121415,0.63119243484322
PRY,2011,83.0,39.8,0.05822258,70,,0.429,,,,1,1,1,0,0,2,0.0,1.0,20,,observed,imputed,observed,observed,imputed,missing,missing,missing,observed,observed,observed,observed,observed,observed,observed,missing,0.94177742,0.8045977011494253,0.39534883720930225,0.6857142857142857,0.0,,,,,,0.0,0.0,0.5,0.0,0.0,0.5,0.7879149000635355,1.0,0.8433734939759037,0.23529411764705874,0.7540983606557377,0.0,,,,,,0.0,0.0,1.0,0.0,0.0,0.5,0.7096091917722135,0.5999732691793638,0.4912097285926071,,0.2,0.5860715601443145,0.19730842883292693,0.0,0.2463000918174436,0.61137940524716,0.390587454095767,0.0,0.2571411577378928,0.2,,,
PRY,2012,60.0,39.8,0.06531446,69,,0.434,,,,1,1,0,1,0,3,0.0,1.0,20,,observed,imputed,observed,observed,imputed,missing,missing,missing,observed,observed,observed,observed,observed,observed,observed,missing,0.93468554,0.5402298850574713,0.39534883720930225,0.6714285714285714,0.0,,,,,,0.0,0.0,0.0,0.5,0.0,1.0,0.7522925259207137,1.0,0.4666666666666667,0.3040152963671128,0.676923076923077,0.0,,,,,,0.0,0.0,0.0,1.0,0.0,1.0,0.6926602353193768,0.46778936113338676,0.4745736991164284,,0.3,0.4628679200510898,0.19150353074714951,0.0,0.5870184682448168,0.4718273270301423,0.3773381475073785,0.0,0.3641950659257678,0.3,,,
PRY,2019,65.0,39.8,0.07160819,77,,0.452,2.0,2.0,,1,1,1,1,0,3,0.0,1.0,20,,observed,observed,observed,observed,imputed,carried_forward,carried_forward,missing,observed,observed,observed,observed,observed,observed,observed,missing,0.92839181,0.5977011494252874,0.39534883720930225,0.7857142857142857,0.0,,,1.0,1.0,,0.0,0.0,0.5,0.5,0.0,1.0,0.7206792435733103,1.0,0.5,0.3756432246998284,0.8166666666666667,0.0,,,1.0,0.0,,0.0,0.0,0.5,1.0,0.0,1.0,0.6565308916844003,0.4965249933172948,0.5021311764291987,0.6666666666666666,0.4,0.48965132007135603,0.2100158804973072,0.9163637110438112,0.6276085012649691,0.5021647353381896,0.39907161463132185,0.5207813748777301,0.49148157841267115,0.4,0.5077872106226973,0.5077872106226973,0.7505722513855643
PRY,2021,56.0,40.3,0.0803277,79,,0.446,2.0,2.0,,1,2,2,1,0,3,0.0,1.0,20,,observed,observed,observed,observed,imputed,carried_forward,carried_forward,missing,observed,observed,observed,observed,observed,observed,observed,missing,0.9196723,0.4942528735632184,0.4036544850498338,0.8142857142857143,0.0,,,1.0,1.0,,0.0,0.5,1.0,0.5,0.0,1.0,0.6768813158641442,1.0,0.45,0.40567612687813015,0.7936507936507936,0.0,,,1.0,0.0,,0.0,0.5,1.0,0.5,0.0,1.0,0.703950666323703,0.4489536793065261,0.4970556767166195,0.6666666666666666,0.6,0.44587615717480505,0.21147767852791696,0.9163637110438112,0.6707148897822732,0.4514787383865301,0.39495163722990195,0.5207813748777301,0.6901603793289385,0.6,0.5465962415661376,0.5465962415661376,0.8063849348807852
QAT,2011,84.0,48.7,0.01599962,82,1.0,0.623,,,,1,1,1,0,0,2,0.0,1.0,60,,observed,imputed,observed,observed,imputed,missing,missing,missing,observed,observed,observed,observed,observed,observed,observed,missing,0.98400038,0.8160919540229885,0.5431893687707642,0.8571428571428571,0.5,,1.0,,,,0.0,0.0,0.5,0.0,0.0,0.5,1.0,1.0,0.8554216867469879,0.4222689075630252,0.9508196721311475,0.5,,1.0,,,,0.0,0.0,1.0,0.0,0.0,0.5,1.0,0.6796406613968764,0.8392857142857143,,0.2,0.6703704772390916,0.8132119964884355,0.0,0.2463000918174436,0.6872467033590648,0.8409987000938681,0.0,0.2571411577378928,0.2,,,
QAT,2017,76.0,48.7,0.03212371,80,1.0,0.641,,,,1,1,1,1,0,3,0.0,1.0,60,,observed,imputed,observed,observed,observed,missing,missing,missing,observed,observed,observed,observed,observed,observed,observed,missing,0.96787629,0.7241379310344828,0.5431893687707642,0.8285714285714286,0.5,,1.0,,,,0.0,0.0,0.5,0.5,0.0,1.0,0.9190090121811794,1.0,0.6666666666666666,0.5283018867924528,0.8813559322033898,0.5,,1.0,,,,0.0,0.0,1.0,1.0,0.0,1.0,0.9456149699009732,0.6336636499026235,0.811895110188152,,0.4,0.6275170372066656,0.8007424774374481,0.0,0.6276085012649691,0.638706850066189,0.8119061267595853,0.0,0.49148157841267115,0.4,,,
QAT,2021,92.0,48.7,0.02892793,84,1.0,0.646,,,,1,1,0,1,0,3,0.0,1.0,60,,observed,observed,observed,observed,observed,missing,missing,missing,observed,observed,observed,observed,observed,observed,observed,missing,0.97107207,0.9080459770114943,0.5431893687707642,0.8857142857142857,0.5,,1.0,,,,0.0,0.0,0.0,0.5,0.0,1.0,0.9350613524404826,1.0,0.9,0.5459098497495827,0.873015873015873,0.5,,1.0,,,,0.0,0.0,0.0,0.5,0.0,1.0,0.9724556531209295,0.7256176728911292,0.8301939095386921,,0.3,0.7132239172715176,0.8128089562415586,0.0,0.5870184682448168,0.7357865566519405,0.8312521233454766,0.0,0.3641950659257678,0.3,,,
QAT,2023,92.0,48.7,0.02892793,84,1.0,,,,,1,1,1,0,0,2,0.0,1.0,60,60.0,imputed,imputed,imputed,observed,imputed,missing,missing,missing,observed,observed,observed,observed,observed,observed,observed,observed,0.97107207,0.9080459770114943,0.5431893687707642,0.8857142857142857,0.5,0.5,1.0,,,,0.0,0.0,0.5,0.0,0.0,0.5,0.9350613524404826,1.0,0.8769230769230769,0.4708171206225681,0.8958333333333334,0.5,0.5,1.0,,,,0.0,0.0,1.0,0.0,0.0,0.5,0.9717099816492003,0.7256176728911292,0.8301939095386921,,0.2,0.7132239172715176,0.8128089562415586,0.0,0.2463000918174436,0.7357865566519405,0.8312521233454766,0.0,0.2571411577378928,0.2,,,
ROU,2018,72.0,45.5,0.05518009,76,0.0,0.61,,,,1,1,1,0,0,2,0.0,1.0,20,,observed,imputed,observed,observed,imputed,missing,missing,missing,observed,observed,observed,observed,observed,observed,observed,missing,0.94481991,0.6781609195402298,0.4900332225913621,0.7714285714285715,0.0,,0.0,,,,0.0,0.0,0.5,0.0,0.0,0.5,0.803197267659405,1.0,0.6216216216216216,0.4130019120458891,0.7719298245614035,0.0,,0.0,,,,0.0,0.0,0.5,0.0,0.0,0.5,0.787232717350021,0.584097071065796,0.39365645977199415,,0.2,0.5777065914949113,0.21463223288428174,0.0,0.2463000918174436,0.5893403602016675,0.4172653569188091,0.0,0.2571411577378928,0.2,,,
ROU,2019,67.0,45.5,0.05714215,76,0.0,0.619,,,,1,1,1,0,0,2,0.0,1.0,20,,observed,observed,observed,observed,observed,missing,missing,missing,observed,observed,observed,observed,observed,observed,observed,missing,0.94285785,0.6206896551724138,0.4900332225913621,0.7714285714285715,0.0,,0.0,,,,0.0,0.0,0.5,0.0,0.0,0.5,0.793341878762432,1.0,0.5294117647058824,0.4734133790737564,0.8,0.0,,0.0,,,,0.0,0.0,0.5,0.0,0.0,0.5,0.7564989788301262,0.5553614388818879,0.39119261254775084,,0.2,0.5509231914746452,0.21376288186006456,0.0,0.2463000918174436,0.5590029518936201,0.4146423466748633,0.0,0.2571411577378928,0.2,,,
RUS,2010,96.0,47.1,0.04971118,75,0.725,0.768,,,,1,1,1,0,0,2,0.0,1.0,40,,imputed,imputed,observed,observed,imputed,missing,missing,missing,observed,observed,observed,observed,observed,observed,observed,missing,0.95028882,0.9540229885057471,0.5166112956810631,0.7571428571428571,0.25,,0.725,,,,0.0,0.0,0.5,0.0,0.0,0.5,0.8306674953244845,1.0,0.9571428571428572,0.42829076620825146,0.8548387096774194,0.25,,0.725,,,,0.0,0.0,0.5,0.0,0.0,0.5,0.7954140089659957,0.735317142093405,0.6407025881168354,,0.2,0.72045877443996,0.588158218236914,0.0,0.2463000918174436,0.7475082016893364,0.64635105452609,0.0,0.2571411577378928,0.2,,,
RUS,2011,96.0,47.1,0.04794915,75,0.725,0.776,,,,1,1,1,0,0,2,0.0,1.0,40,,observed,imputed,observed,observed,imputed,missing,missing,missing,observed,observed,observed,observed,observed,observed,observed,missing,0.95205085,0.9540229885057471,0.5166112956810631,0.7571428571428571,0.25,,0.725,,,,0.0,0.0,0.5,0.0,0.0,0.5,0.8395181374547624,1.0,1.0,0.38865546218487396,0.8360655737704918,0.25,,0.725,,,,0.0,0.0,1.0,0.0,0.0,0.5,0.7802652907518112,0.735317142093405,0.6429152486494049,,0.2,0.72045877443996,0.5889389398179061,0.0,0.2463000918174436,0.7475082016893364,0.6487066515721231,0.0,0.2571411577378928,0.2,,,
RUS,2012,91.0,47.1,0.04936376,75,0.725,0.783,,,,1,1,1,0,0,2,0.0,1.0,40,,imputed,imputed,observed,observed,imputed,missing,missing,missing,observed,observed,observed,observed,observed,observed,observed,missing,0.95063624,0.896551724137931,0.5166112956810631,0.7571428571428571,0.25,,0.725,,,,0.0,0.0,0.5,0.0,0.0,0.5,0.8324125791703333,1.0,0.88,0.4435946462715105,0.7692307692307693,0.25,,0.725,,,,0.0,0.0,0.5,0.0,0.0,0.5,0.807888320206457,0.7065815099094971,0.6411388590782976,,0.2,0.6936753744196937,0.5883121533524729,0.0,0.2463000918174436,0.7171707933812892,0.6468155083241143,0.0,0.2571411577378928,0.2,,,
RUS,2013,86.0,47.1,0.05081049,76,0.725,0.785,,,,1,1,1,0,0,2,0.0,1.0,40,,imputed,imputed,observed,observed,imputed,missing,missing,missing,observed,observed,observed,observed,observed,observed,observed,missing,0.94918951,0.8390804597701149,0.5166112956810631,0.7714285714285715,0.25,,0.725,,,,0.0,0.0,0.5,0.0,0.0,0.5,0.8251456827558921,1.0,0.8333333333333334,0.4294117647058824,0.7959183673469388,0.25,,0.725,,,,0.0,0.0,0.5,0.0,0.0,0.5,0.803638729060207,0.677845877725589,0.6428935635461159,,0.2,0.6668919743994275,0.5903337576812342,0.0,0.2463000918174436,0.6868333850732418,0.6486498421292759,0.0,0.2571411577378928,0.2,,,
RUS,2014,81.0,47.1,0.05182096,76,0.725,0.781,,,,1,2,2,0,0,2,0.0,1.0,40,,observed,imputed,observed,observed,imputed,missing,missing,missing,observed,observed,observed,observed,observed,observed,observed,missing,0.94817904,0.7816091954022989,0.5166112956810631,0.7714285714285715,0.25,,0.725,,,,0.0,0.5,1.0,0.0,0.0,0.5,0.8200701117648296,1.0,0.7682926829268293,0.4435946462715105,0.7796610169491526,0.25,,0.725,,,,0.0,1.0,1.0,0.0,0.0,0.5,0.774349653020767,0.6491102455416811,0.6416246707983503,,0.4,0.6401085743791612,0.5898860378717274,0.0,0.28940648033474775,0.6564959767651946,0.6472989796881681,0.0,0.45581995865416014,0.4,,,
RUS,2015,81.0,47.1,0.05296044,76,0.725,0.757,,,,1,1,1,0,0,2,0.0,1.0,40,,observed,imputed,observed,observed,observed,missing,missing,missing,observed,observed,observed,observed,observed,observed,observed,missing,0.94703956,0.7816091954022989,0.5166112956810631,0.7714285714285715,0.25,,0.725,,,,0.0,0.0,0.5,0.0,0.0,0.5,0.8143465260741154,1.0,0.7428571428571429,0.5109243697478992,0.7619047619047619,0.25,,0.725,,,,0.0,0.0,0.5,0.0,0.0,0.5,0.7628535456059055,0.6491102455416811,0.6401937743756717,,0.2,0.6401085743791612,0.5893811562141457,0.0,0.2463000918174436,0.6564959767651946,0.6457756482340988,0.0,0.2571411577378928,0.2,,,
RUS,2016,98.0,47.1,0.05289702,78,0.75,0.746,,,,1,1,1,0,0,2,0.0,1.0,40,,observed,imputed,observed,observed,observed,missing,missing,missing,observed,observed,observed,observed,observed,observed,observed,missing,0.94710298,0.9770114942528736,0.5166112956810631,0.8,0.25,,0.75,,,,0.0,0.0,0.5,0.0,0.0,0.5,0.8146650834902222,1.0,0.9722222222222222,0.5008576329331046,0.8333333333333334,0.25,,0.75,,,,0.0,0.0,0.5,0.0,0.0,0.5,0.7923391778823157,0.7468113949669684,0.6536662708725556,,0.2,0.7311721344480666,0.6048615549439542,0.0,0.2463000918174436,0.7596431650125555,0.6590829339567,0.0,0.2571411577378928,0.2,,,
RUS,2017,99.0,47.1,0.05358898,78,0.775,0.748,,,,1,1,0,1,0,3,0.0,1.0,40,,imputed,imputed,observed,observed,observed,missing,missing,missing,observed,observed,observed,observed,observed,observed,observed,missing,0.94641102,0.9885057471264368,0.5166112956810631,0.8,0.25,,0.775,,,,0.0,0.0,0.0,0.5,0.0,1.0,0.8111893819820368,1.0,0.9861111111111112,0.5008576329331046,0.847457627118644,0.25,,0.775,,,,0.0,0.0,0.0,1.0,0.0,1.0,0.7957115521600066,0.75255852140375,0.6590473454955093,,0.3,0.7365288144521198,0.61468201423777,0.0,0.5870184682448168,0.765710646674165,0.6638435439048448,0.0,0.3641950659257678,0.3,,,
RUS,2018,100.0,47.1,0.05355208,79,0.8,0.751,,,,1,1,1,0,0,2,0.0,1.0,40,,observed,imputed,observed,observed,observed,missing,missing,missing,observed,observed,observed,observed,observed,observed,observed,missing,0.94644792,1.0,0.5166112956810631,0.8142857142857143,0.25,,0.8,,,,0.0,0.0,0.5,0.0,0.0,0.5,0.8113747299582956,1.0,1.0,0.4435946462715105,0.8245614035087719,0.25,,0.8,,,,0.0,0.0,0.5,0.0,0.0,0.5,0.7987816773328368,0.7583056478405316,0.6689151110610025,,0.2,0.741885494456173,0.6274880399179688,0.0,0.2463000918174436,0.7717781283357743,0.6733469587837162,0.0,0.2571411577378928,0.2,,,
RUS,2019,99.0,47.1,0.05648491,79,0.825,0.756,,,,1,1,1,0,0,2,0.0,1.0,40,,observed,observed,observed,observed,observed,missing,missing,missing,observed,observed,observed,observed,observed,observed,observed,missing,0.94351509,0.9885057471264368,0.5166112956810631,0.8142857142857143,0.25,,0.825,,,,0.0,0.0,0.5,0.0,0.0,0.5,0.7966431823916007,1.0,1.0,0.5008576329331046,0.85,0.25,,0.825,,,,0.0,0.0,0.5,0.0,0.0,0.5,0.7610408593721167,0.75255852140375,0.6714822241693288,,0.2,0.7365288144521198,0.6363156128425413,0.0,0.2463000918174436,0.765710646674165,0.6751118270290838,0.0,0.2571411577378928,0.2,,,
RUS,2020,100.0,48.1,0.0804076,80,0.825,0.751,2.0,,,1,2,2,0,0,2,0.0,1.0,40,,observed,imputed,observed,observed,observed,carried_forward,missing,missing,observed,observed,observed,observed,observed,observed,observed,missing,0.9195924,1.0,0.5332225913621262,0.8285714285714286,0.25,,0.825,1.0,,,0.0,0.5,1.0,0.0,0.0,0.5,0.6764799797312694,1.0,1.0,0.4640460210930009,0.8064516129032258,0.25,,0.8157894736842105,0.0,,,0.0,1.0,1.0,0.0,0.0,0.5,0.6532359014197403,0.7666112956810631,0.6450128520756745,0.5,0.4,0.7507554087360296,0.6283785518673544,0.6400800281806298,0.28940648033474775,0.7796208043414254,0.6468988262356515,0.27207333325018224,0.45581995865416014,0.4,0.5607811339623777,0.5607811339623777,0.7101832782134594
RUS,2021,100.0,49.1,0.06975843,80,0.85,0.755,2.0,,,1,1,1,0,0,2,0.0,1.0,40,,observed,observed,observed,observed,observed,carried_forward,missing,missing,observed,observed,observed,observed,observed,observed,observed,missing,0.93024157,1.0,0.5498338870431894,0.8285714285714286,0.25,,0.85,1.0,,,0.0,0.0,0.5,0.0,0.0,0.5,0.7299705517728884,1.0,1.0,0.5525876460767947,0.8095238095238095,0.25,,0.85,1.0,,,0.0,0.0,0.5,0.0,0.0,0.5,0.7591630087487045,0.7749169435215947,0.6646354950860792,0.5,0.2,0.7596253230158863,0.6432240475929208,0.6400800281806298,0.2463000918174436,0.7874634803470767,0.6668210011552658,0.27207333325018224,0.2571411577378928,0.2,0.4763867481292147,0.4763867481292147,0.5922468518825337
RWA,2010,35.0,33.1,0.08081929,44,,0.276,,,,1,1,0,1,0,3,0.0,1.0,80,,imputed,imputed,observed,observed,imputed,missing,missing,missing,observed,observed,observed,observed,observed,observed,observed,missing,0.91918071,0.25287356321839083,0.28405315614617943,0.3142857142857143,0.75,,,,,,0.0,0.0,0.0,0.5,0.0,1.0,0.6744120689359856,1.0,0.08571428571428572,0.15324165029469547,0.3548387096774194,0.75,,,,,,0.0,0.0,0.0,1.0,0.0,1.0,0.575000883902537,0.26846335968228513,0.5795659277405666,,0.3,0.26952249427471936,0.35831074232673055,0.0,0.5870184682448168,0.267594356252043,0.44437553888520465,0.0,0.3641950659257678,0.3,,,
RWA,2013,35.0,33.1,0.06773981,50,,0.286,,,,1,1,1,0,0,2,0.0,1.0,80,,observed,imputed,observed,observed,imputed,missing,missing,missing,observed,observed,observed,observed,observed,observed,observed,missing,0.93226019,0.25287356321839083,0.28405315614617943,0.4,0.75,,,,,,0.0,0.0,0.5,0.0,0.0,0.5,0.7401100404405176,1.0,0.2261904761904762,0.15490196078431376,0.2653061224489796,0.75,,,,,,0.0,0.0,0.5,0.0,0.0,0.5,0.6788808302710048,0.26846335968228513,0.6300366801468392,,0.2,0.26952249427471936,0.38008174347529833,0.0,0.2463000918174436,0.267594356252043,0.48447154695904543,0.0,0.2571411577378928,0.2,,,
RWA,2017,66.0,33.1,0.06366531,56,,0.289,,2.0,,1,1,1,0,0,2,0.0,1.0,80,,observed,imputed,observed,observed,imputed,missing,carried_forward,missing,observed,observed,observed,observed,observed,observed,observed,missing,0.93633469,0.6091954022988506,0.28405315614617943,0.4857142857142857,0.75,,,,1.0,,0.0,0.0,0.5,0.0,0.0,0.5,0.760576174024973,1.0,0.5277777777777778,0.26072041166380794,0.4745762711864407,0.75,,,,0.0,,0.0,0.0,1.0,0.0,0.0,0.5,0.725343170803246,0.446624279222515,0.6654301532464196,0.5,0.2,0.4355795744003702,0.3978628112956013,0.27628368286318133,0.2463000918174436,0.4556862877619364,0.5125291083051982,0.24870804162754795,0.2571411577378928,0.2,0.41520368684724773,0.41520368684724773,0.6847275928595716
RWA,2021,67.0,33.1,0.07303784,55,,0.304,,2.0,,1,1,1,0,0,2,0.0,1.0,80,,observed,observed,observed,observed,imputed,missing,carried_forward,missing,observed,observed,observed,observed,observed,observed,observed,missing,0.92696216,0.6206896551724138,0.28405315614617943,0.4714285714285714,0.75,,,,1.0,,0.0,0.0,0.5,0.0,0.0,0.5,0.7134981396638691,1.0,0.5875,0.2854757929883138,0.4126984126984127,0.75,,,,0.0,,0.0,0.0,0.5,0.0,0.0,0.5,0.7420318437891591,0.4523714056592966,0.6449755703641468,0.5,0.2,0.4409362544044234,0.3910474010881859,0.27628368286318133,0.2463000918174436,0.4617537694235459,0.49623087950604367,0.24870804162754795,0.2571411577378928,0.2,0.4132944779290418,0.4132944779290418,0.6764003674058379
RWA,2022,67.0,33.1,0.07879212,58,,0.306,,2.0,,1,1,0,0,1,1,0.0,1.0,80,,imputed,imputed,observed,observed,imputed,missing,carried_forward,missing,observed,observed,observed,observed,observed,observed,observed,missing,0.92120788,0.6206896551724138,0.28405315614617943,0.5142857142857142,0.75,,,,1.0,,0.0,0.0,0.0,0.0,1.0,0.0,0.6845945040859182,1.0,0.5,0.2854757929883138,0.45161290322580644,0.75,,,,1.0,,0.0,0.0,0.0,0.0,1.0,0.0,0.6024182923602278,0.4523714056592966,0.6496267394572107,0.5,0.2,0.4409362544044234,0.39648565801102864,0.27628368286318133,0.15117040407034077,0.4617537694235459,0.4998434328435588,0.24870804162754795,0.13396155686684127,0.2,0.4140375781038008,0.4140375781038008,0.6766662982887712
SAU,2013,100.0,,0.04422935,82,,0.743,,,,1,1,1,0,0,2,0.0,1.0,100,,observed,imputed,observed,observed,imputed,missing,missing,missing,observed,observed,observed,observed,observed,observed,observed,missing,0.95577065,1.0,,0.8571428571428571,1.0,,,,,,0.0,0.0,0.5,0.0,0.0,0.5,0.8582026198961562,1.0,1.0,,0.9183673469387755,1.0,,,,,,0.0,0.0,0.5,0.0,0.0,0.5,0.8521373809870172,1.0,0.9051151590130044,,0.2,0.466031160352633,0.5557835863714153,0.0,0.2463000918174436,0.5278709045600235,0.6971497824904997,0.0,0.2571411577378928,0.2,,,
SAU,2022,100.0,,0.04624624,82,,0.739,2.0,,2.0,1,1,1,0,0,2,0.0,1.0,100,,imputed,imputed,observed,observed,imputed,carried_forward,missing,carried_forward,observed,observed,observed,observed,observed,observed,observed,missing,0.95375376,1.0,,0.8571428571428571,1.0,,,1.0,,1.0,0.0,0.0,0.5,0.0,0.0,0.5,0.8480718209845955,1.0,1.0,,0.8387096774193549,1.0,,,1.0,,1.0,0.0,0.0,0.5,0.0,0.0,0.5,0.8299498842797717,1.0,0.9017382260424842,0.6666666666666666,0.2,0.466031160352633,0.5548899412294557,0.6683663275443105,0.2463000918174436,0.5278709045600235,0.694453471913396,0.45062995492380653,0.2571411577378928,0.2,0.5888501693187634,0.5888501693187634,0.7534580596892203
SAU,2023,100.0,,0.04624624,83,,,2.0,,2.0,1,1,0,1,0,3,0.0,1.0,100,100.0,imputed,imputed,imputed,observed,imputed,carried_forward,missing,carried_forward,observed,observed,observed,observed,observed,observed,observed,observed,0.95375376,1.0,,0.8714285714285714,1.0,1.0,,1.0,,1.0,0.0,0.0,0.0,0.5,0.0,1.0,0.8480718209845955,1.0,1.0,,0.875,1.0,1.0,,1.0,,1.0,0.0,0.0,0.0,1.0,0.0,1.0,0.8480023772464375,1.0,0.906500130804389,0.6666666666666666,0.3,0.466031160352633,0.557552563777469,0.6683663275443105,0.5870184682448168,0.5278709045600235,0.6982218890851335,0.45062995492380653,0.3641950659257678,0.3,0.6525284728201751,0.6525284728201751,0.8240203741243496
SDN,2015,65.0,,0.05811126,45,0.225,0.411,,,,1,1,1,1,0,3,0.0,1.0,20,,imputed,imputed,observed,observed,observed,missing,missing,missing,observed,observed,observed,observed,observed,observed,observed,missing,0.94188874,0.5977011494252874,,0.32857142857142857,0.0,,0.225,,,,0.0,0.0,0.5,0.5,0.0,1.0,0.7884740582401516,1.0,0.5142857142857142,,0.2698412698412698,0.0,,0.225,,,,0.0,0.0,0.5,1.0,0.0,1.0,0.7277250164583351,0.5977011494252874,0.3355113717028951,,0.4,0.27854736021076915,0.22193566995338965,0.0,0.6276085012649691,0.3155090464036922,0.34769685101033376,0.0,0.49148157841267115,0.4,,,
SDN,2018,65.0,,0.04463583,47,0.2,0.361,,2.0,,1,1,1,0,0,2,1.0,0.0,20,,observed,imputed,observed,observed,observed,missing,carried_forward,missing,observed,observed,observed,observed,observed,observed,observed,missing,0.95536417,0.5977011494252874,,0.35714285714285715,0.0,,0.2,,1.0,,0.0,0.0,0.5,0.0,0.0,0.5,0.856160878828685,0.0,0.527027027027027,,0.2631578947368421,0.0,,0.2,,0.0,,0.0,0.0,0.5,0.0,0.0,0.5,0.8620327718880177,0.5977011494252874,0.35332593399288553,0.5,0.2,0.27854736021076915,0.22310456528209277,0.27628368286318133,0.2463000918174436,0.3155090464036922,0.36756285490434093,0.24870804162754795,0.2571411577378928,0.0,0.0,0.0,0.08464426227022555
SDN,2020,53.0,,0.03009654,47,0.2,0.338,,2.0,,1,2,0,1,1,3,0.0,1.0,20,,observed,imputed,observed,observed,imputed,missing,carried_forward,missing,observed,observed,observed,observed,observed,observed,observed,missing,0.96990346,0.45977011494252873,,0.35714285714285715,0.0,,0.2,,1.0,,0.0,0.5,0.0,0.5,1.0,1.0,0.9291914473311125,1.0,0.3188405797101449,,0.27419354838709675,0.0,,0.15789473684210528,,0.0,,0.0,1.0,0.0,0.5,1.0,1.0,0.9583183983912651,0.45977011494252873,0.3715835761184924,0.5,0.6,0.2142672001621301,0.22954664485809495,0.27628368286318133,0.7407052278123094,0.24269926646437862,0.3869999295145463,0.24870804162754795,0.5695489112219729,0.6,0.47580568403873885,0.47580568403873885,0.7497262756403811
SDN,2022,53.0,,0.04618744,48,0.2,0.342,,2.0,,1,1,0,0,1,1,0.0,1.0,20,,imputed,imputed,observed,observed,imputed,missing,carried_forward,missing,observed,observed,observed,observed,observed,observed,observed,missing,0.95381256,0.45977011494252873,,0.37142857142857144,0.0,,0.2,,1.0,,0.0,0.0,0.0,0.0,1.0,0.0,0.848367172231317,1.0,0.2878787878787879,,0.2903225806451613,0.0,,0.2,,1.0,,0.0,0.0,0.0,0.0,1.0,0.0,0.8303609611228275,0.45977011494252873,0.35494893591497206,0.5,0.2,0.2142672001621301,0.22507969930137334,0.27628368286318133,0.15117040407034077,0.24269926646437862,0.3692569782600847,0.24870804162754795,0.13396155686684127,0.2,0.3574181925828455,0.3574181925828455,0.584897935674259
SDN,2023,53.0,,0.04618744,48,0.2,,,2.0,,1,1,0,0,1,1,0.0,1.0,20,20.0,imputed,imputed,imputed,observed,imputed,missing,carried_forward,missing,observed,observed,observed,observed,observed,observed,observed,observed,0.95381256,0.45977011494252873,,0.37142857142857144,0.0,0.0,0.2,,1.0,,0.0,0.0,0.0,0.0,1.0,0.0,0.848367172231317,1.0,0.27692307692307694,,0.14583333333333334,0.0,0.0,0.2,,1.0,,0.0,0.0,0.0,0.0,1.0,0.0,0.848422395547235,0.45977011494252873,0.35494893591497206,0.5,0.2,0.2142672001621301,0.22507969930137334,0.27628368286318133,0.15117040407034077,0.24269926646437862,0.3692569782600847,0.24870804162754795,0.13396155686684127,0.2,0.3574181925828455,0.3574181925828455,0.4513517571088878
SEN,2011,30.0,35.9,0.04214167,40,,0.373,,,,1,1,1,0,0,2,0.0,1.0,60,,observed,imputed,observed,observed,imputed,missing,missing,missing,observed,observed,observed,observed,observed,observed,observed,missing,0.95785833,0.19540229885057472,0.3305647840531561,0.2571428571428571,0.5,,,,,,0.0,0.0,0.5,0.0,0.0,0.5,0.8686889955892706,1.0,0.20481927710843373,0.15336134453781505,0.26229508196721313,0.5,,,,,,0.0,0.0,1.0,0.0,0.0,0.5,0.8202065646692888,0.2629835414518654,0.5419439509107092,,0.2,0.2675748542380515,0.28471667215195917,0.0,0.2463000918174436,0.25921644075981887,0.4203500803222125,0.0,0.2571411577378928,0.2,,,
SEN,2015,42.0,35.9,0.04377896,42,,0.366,,,,1,1,0,1,0,3,0.0,1.0,60,,imputed,imputed,observed,observed,imputed,missing,missing,missing,observed,observed,observed,observed,observed,observed,observed,missing,0.95622104,0.3333333333333333,0.3305647840531561,0.2857142857142857,0.5,,,,,,0.0,0.0,0.0,0.5,0.0,1.0,0.860464920032394,1.0,0.18571428571428572,0.32268907563025206,0.2222222222222222,0.5,,,,,,0.0,0.0,0.0,1.0,0.0,1.0,0.8254711264566892,0.3319490586932447,0.5487264019155599,,0.3,0.3318550142866905,0.28931646556024926,0.0,0.5870184682448168,0.33202622069913246,0.42569807821710265,0.0,0.3641950659257678,0.3,,,
SEN,2019,54.0,35.9,0.0449531,50,,0.382,2.0,,,1,1,0,1,0,3,1.0,0.0,60,,observed,observed,observed,observed,imputed,carried_forward,missing,missing,observed,observed,observed,observed,observed,observed,observed,missing,0.9550469,0.47126436781609193,0.3305647840531561,0.4,0.5,,,1.0,,,0.0,0.0,0.0,0.5,0.0,1.0,0.8545672378414868,0.0,0.3382352941176471,0.30874785591766724,0.36666666666666664,0.5,,,1.0,,,0.0,0.0,0.0,1.0,0.0,1.0,0.8407318450895598,0.400914575934624,0.5848557459471623,0.5,0.3,0.3961351743353295,0.3100972071078404,0.6400800281806298,0.5870184682448168,0.404836000638446,0.45427574838009827,0.27207333325018224,0.3641950659257678,0.0,0.0,0.0,0.07667327793087694
SEN,2022,54.0,35.9,0.04063584,49,,0.394,2.0,,,1,1,1,0,0,2,0.0,1.0,60,,imputed,imputed,observed,observed,imputed,carried_forward,missing,missing,observed,observed,observed,observed,observed,observed,observed,missing,0.95936416,0.47126436781609193,0.3305647840531561,0.38571428571428573,0.5,,,1.0,,,0.0,0.0,0.5,0.0,0.0,0.5,0.8762527501445488,1.0,0.30303030303030304,0.33222036727879795,0.3064516129032258,0.5,,,1.0,,,0.0,0.0,0.5,0.0,0.0,0.5,0.8691727672777244,0.400914575934624,0.5873223452862782,0.5,0.2,0.3961351743353295,0.3093474793758937,0.6400800281806298,0.2463000918174436,0.404836000638446,0.4562789269830963,0.27207333325018224,0.2571411577378928,0.2,0.39172572462471106,0.39172572462471106,0.6124859104741134
SGP,2019,92.0,55.8,0.04352992,88,,0.689,,,,4,1,1,0,0,2,0.0,1.0,20,,observed,observed,observed,observed,imputed,missing,missing,missing,observed,observed,observed,observed,observed,observed,observed,missing,0.95647008,0.9080459770114943,0.6611295681063122,0.9428571428571428,0.0,,,,,,0.5,0.0,0.5,0.0,0.0,0.5,0.8617158430678274,1.0,0.8970588235294118,0.6500857632933104,1.0,0.0,,,,,,0.5,0.0,0.5,0.0,0.0,0.5,0.8505667814138096,0.7845877725589032,0.6015243286416568,,0.2,0.7762003086584993,0.2517456695684126,0.02767499479625413,0.2463000918174436,0.7914695562920636,0.47806107285280747,0.15033100176008402,0.2571411577378928,0.2,,,
SGP,2021,94.0,57.4,0.05166908,88,,0.691,,,,4,1,1,0,0,2,0.0,1.0,20,,observed,observed,observed,observed,imputed,missing,missing,missing,observed,observed,observed,observed,observed,observed,observed,missing,0.94833092,0.9310344827586207,0.6877076411960132,0.9428571428571428,0.0,,,,,,0.5,0.0,0.5,0.0,0.0,0.5,0.8208330020259185,1.0,0.925,0.691151919866444,0.9365079365079365,0.0,,,,,,0.5,0.0,0.5,0.0,0.0,0.5,0.8536591647221731,0.8093710619773169,0.5878967149610205,,0.2,0.8011055315143765,0.24813936441858658,0.02767499479625413,0.2463000918174436,0.8161528012243244,0.46718011097747525,0.15033100176008402,0.2571411577378928,0.2,,,
SLB,2012,32.0,,0.04877603,42,,0.199,,,,4,1,0,1,0,3,0.0,1.0,100,,observed,imputed,observed,observed,imputed,missing,missing,missing,observed,observed,observed,observed,observed,observed,observed,missing,0.95122397,0.21839080459770116,,0.2857142857142857,1.0,,,,,,0.5,0.0,0.0,0.5,0.0,1.0,0.8353647354328422,1.0,0.09333333333333334,,0.26153846153846155,1.0,,,,,,0.5,0.0,0.0,1.0,0.0,1.0,0.8121340901307038,0.21839080459770116,0.707026340382376,,0.3,0.1017769200770118,0.4472641380482284,0.02767499479625413,0.5870184682448168,0.11528215157057985,0.5403347961724914,0.15033100176008402,0.3641950659257678,0.3,,,
SLB,2013,48.0,,0.04581572,44,,0.204,,,,4,1,1,1,0,3,0.0,1.0,100,,observed,imputed,observed,observed,imputed,missing,missing,missing,observed,observed,observed,observed,observed,observed,observed,missing,0.95418428,0.40229885057471265,,0.3142857142857143,1.0,,,,,,0.5,0.0,0.5,0.5,0.0,1.0,0.8502343145005558,1.0,0.38095238095238093,,0.14285714285714285,1.0,,,,,,0.5,0.0,0.5,1.0,0.0,1.0,0.84044688261483,0.40229885057471265,0.72150667626209,,0.4,0.18748380014186383,0.453901039531165,0.02767499479625413,0.6276085012649691,0.2123618581563313,0.5518291667051018,0.15033100176008402,0.49148157841267115,0.4,,,
SLE,2010,58.0,34.1,0.09126884,31,,0.207,,,,1,1,1,1,0,3,0.0,1.0,80,,imputed,imputed,observed,observed,imputed,missing,missing,missing,observed,observed,observed,observed,observed,observed,observed,missing,0.90873116,0.5172413793103449,0.30066445182724255,0.12857142857142856,0.75,,,,,,0.0,0.0,0.5,0.5,0.0,1.0,0.621924184239103,1.0,0.4142857142857143,0.17288801571709234,0.14516129032258066,0.75,,,,,,0.0,0.0,0.5,1.0,0.0,1.0,0.500961735558042,0.4089529155687937,0.5001652042701772,,0.4,0.40159604864780074,0.3190666547094685,0.0,0.6276085012649691,0.4149891104747119,0.38141647318774696,0.0,0.49148157841267115,0.4,,,
SLE,2011,58.0,34.1,0.10767538,36,,0.22,,,,1,1,1,0,0,2,0.0,1.0,80,,observed,imputed,observed,observed,imputed,missing,missing,missing,observed,observed,observed,observed,observed,observed,observed,missing,0.89232462,0.5172413793103449,0.30066445182724255,0.2,0.75,,,,,,0.0,0.0,0.5,0.0,0.0,0.5,0.5395144556101392,1.0,0.5421686746987951,0.11554621848739495,0.19672131147540983,0.75,,,,,,0.0,0.0,1.0,0.0,0.0,0.5,0.36949474785054,0.4089529155687937,0.4965048185367131,,0.2,0.40159604864780074,0.32511034533560396,0.0,0.2463000918174436,0.4149891104747119,0.37832522240652156,0.0,0.2571411577378928,0.2,,,
SLE,2019,40.0,34.1,0.09129927,42,,0.21,,,,1,1,0,0,1,1,0.0,1.0,80,,observed,observed,observed,observed,imputed,missing,missing,missing,observed,observed,observed,observed,observed,observed,observed,missing,0.90870073,0.3103448275862069,0.30066445182724255,0.2857142857142857,0.75,,,,,,0.0,0.0,0.0,0.0,1.0,0.0,0.6217713349459442,1.0,0.1323529411764706,0.27787307032590053,0.23333333333333334,0.75,,,,,,0.0,0.0,0.0,0.0,1.0,0.0,0.5204549786194927,0.3055046397067247,0.5524952068867433,,0.2,0.30517580857484217,0.34834201979027096,0.0,0.15117040407034077,0.30577444056574143,0.42282838126091893,0.0,0.13396155686684127,0.2,,,
SLE,2020,49.0,34.1,0.09325887,41,,0.213,,,,1,2,1,0,1,2,0.0,1.0,80,,observed,imputed,observed,observed,imputed,missing,missing,missing,observed,observed,observed,observed,observed,observed,observed,missing,0.90674113,0.41379310344827586,0.30066445182724255,0.2714285714285714,0.75,,,,,,0.0,0.5,0.5,0.0,1.0,0.5,0.611928302580722,1.0,0.2608695652173913,0.1955896452540748,0.1774193548387097,0.75,,,,,,0.0,1.0,0.5,0.0,1.0,0.5,0.5753067633563557,0.3572287776377592,0.5444522913364311,,0.5,0.35338592861132145,0.3448111361966953,0.0,0.39998685138493617,0.36038177552022665,0.4164402425342667,0.0,0.4624950030340981,0.5,,,
SLV,2010,75.0,,0.08904162,75,,,,,,1,1,0,1,0,3,0.0,1.0,60,,imputed,imputed,observed,observed,imputed,missing,missing,missing,observed,observed,observed,observed,observed,observed,observed,missing,0.91095838,0.7126436781609196,,0.7571428571428571,0.5,,,,,,0.0,0.0,0.0,0.5,0.0,1.0,0.6331114666153382,1.0,0.6571428571428571,,0.8548387096774194,0.5,,,,,,0.0,0.0,0.0,1.0,0.0,1.0,0.5167424602759316,0.7126436781609196,0.6300847745860652,,0.3,0.3321141602513017,0.3571279961232923,0.0,0.5870184682448168,0.37618386301978685,0.4895457581142902,0.0,0.3641950659257678,0.3,,,
SLV,2018,75.0,,0.08322752,78,,,,,,1,1,1,1,0,3,0.0,1.0,60,,observed,imputed,observed,observed,imputed,missing,missing,missing,observed,observed,observed,observed,observed,observed,observed,missing,0.91677248,0.7126436781609196,,0.8,0.5,,,,,,0.0,0.0,0.5,0.5,0.0,1.0,0.6623155768800049,1.0,0.6621621621621622,,0.8070175438596491,0.5,,,,,,0.0,0.0,0.5,1.0,0.0,1.0,0.5882667118028655,0.7126436781609196,0.654105192293335,,0.4,0.3321141602513017,0.36769197957923483,0.0,0.6276085012649691,0.37618386301978685,0.5086236790990017,0.0,0.49148157841267115,0.4,,,
SLV,2022,75.0,,0.09840797,79,,,2.0,,,1,1,1,0,0,2,0.0,1.0,60,,imputed,imputed,observed,observed,imputed,carried_forward,missing,missing,observed,observed,observed,observed,observed,observed,observed,missing,0.90159203,0.7126436781609196,,0.8142857142857143,0.5,,,1.0,,,0.0,0.0,0.5,0.0,0.0,0.5,0.5860644742730228,1.0,0.6212121212121212,,0.7903225806451613,0.5,,,1.0,,,0.0,0.0,0.5,0.0,0.0,0.5,0.46528186902937996,0.7126436781609196,0.6334500628529124,0.5,0.2,0.3321141602513017,0.36362843689500357,0.6400800281806298,0.2463000918174436,0.37618386301978685,0.49209787700236435,0.27207333325018224,0.2571411577378928,0.2,0.46094191853822286,0.46094191853822286,0.5820826952146421
SLV,2023,75.0,,0.09840797,79,,,2.0,,,1,1,1,1,0,3,0.0,1.0,60,60.0,imputed,imputed,imputed,observed,imputed,carried_forward,missing,missing,observed,observed,observed,observed,observed,observed,observed,observed,0.90159203,0.7126436781609196,,0.8142857142857143,0.5,0.5,,1.0,,,0.0,0.0,0.5,0.5,0.0,1.0,0.5860644742730228,1.0,0.6153846153846154,,0.7916666666666666,0.5,0.5,,1.0,,,0.0,0.0,1.0,1.0,0.0,1.0,0.47540235681697574,0.7126436781609196,0.6334500628529124,0.5,0.4,0.3321141602513017,0.36362843689500357,0.6400800281806298,0.6276085012649691,0.37618386301978685,0.49209787700236435,0.27207333325018224,0.49148157841267115,0.4,0.5481554091286592,0.5481554091286592,0.6922168826692127
SMR,2015,33.0,,0.08433153,77,,,,,,4,1,0,1,0,3,0.0,1.0,20,,imputed,imputed,observed,observed,imputed,missing,missing,missing,observed,observed,observed,observed,observed,observed,observed,missing,0.91566847,0.22988505747126436,,0.7857142857142857,0.0,,,,,,0.5,0.0,0.0,0.5,0.0,1.0,0.6567701563035966,1.0,0.05714285714285714,,0.7777777777777778,0.0,,,,,,0.5,0.0,0.0,1.0,0.0,1.0,0.5489030970450829,0.22988505747126436,0.4808281473392941,,0.3,0.10713360008106505,0.20437841341655352,0.02767499479625413,0.5870184682448168,0.12134963323218931,0.3820622208527391,0.15033100176008402,0.3641950659257678,0.3,,,
SMR,2020,33.0,,0.08481474,74,,,,,,4,1,0,1,0,3,0.0,1.0,20,,observed,imputed,observed,observed,imputed,missing,missing,missing,observed,observed,observed,observed,observed,observed,observed,missing,0.91518526,0.22988505747126436,,0.7428571428571429,0.0,,,,,,0.5,0.0,0.0,0.5,0.0,1.0,0.6543430019510763,1.0,0.028985507246376812,,0.7096774193548387,0.0,,,,,,0.5,0.0,0.0,0.5,0.0,1.0,0.6265113347796601,0.22988505747126436,0.46573338160273975,,0.3,0.10713360008106505,0.19617644472136722,0.02767499479625413,0.5870184682448168,0.12134963323218931,0.37011098257872377,0.15033100176008402,0.3641950659257678,0.3,,,
SOM,2016,28.0,17.9,0.02275338,26,0.75,0.193,,2.0,,1,1,1,0,0,2,0.0,1.0,40,,imputed,imputed,observed,observed,imputed,missing,carried_forward,missing,observed,observed,observed,observed,observed,observed,observed,missing,0.97724662,0.1724137931034483,0.03156146179401991,0.05714285714285714,0.25,,0.75,,1.0,,0.0,0.0,0.5,0.0,0.0,0.5,0.9660759959854329,1.0,0.0,0.0,0.045454545454545456,0.25,,0.75,,0.0,,0.0,0.0,0.5,0.0,0.0,0.5,1.0,0.1019876274487341,0.5058047132820724,0.5,0.2,0.0972030371925263,0.47976124918713137,0.27628368286318133,0.2463000918174436,0.10591330933487916,0.503423232173318,0.24870804162754795,0.2571411577378928,0.2,0.2679986400370364,0.2679986400370364,0.5181038392507689
SOM,2017,28.0,17.9,0.0243361,28,0.75,0.195,,2.0,,1,1,0,1,0,3,0.0,1.0,40,,observed,imputed,observed,observed,observed,missing,carried_forward,missing,observed,observed,observed,observed,observed,observed,observed,missing,0.9756639,0.1724137931034483,0.03156146179401991,0.08571428571428572,0.25,,0.75,,1.0,,0.0,0.0,0.0,0.5,0.0,1.0,0.9581260244682436,1.0,0.0,0.0,0.0,0.25,,0.75,,0.0,,0.0,0.0,0.0,1.0,0.0,1.0,1.0,0.1019876274487341,0.5109600775456323,0.5,0.3,0.0972030371925263,0.48438522151216795,0.27628368286318133,0.5870184682448168,0.10591330933487916,0.5088441828163465,0.24870804162754795,0.3641950659257678,0.3,0.2973421170505078,0.2973421170505078,0.5578226643628835
SOM,2019,31.0,17.9,0.02190595,28,0.75,0.207,,2.0,,1,1,1,0,0,2,0.0,1.0,40,,imputed,observed,observed,observed,imputed,missing,carried_forward,missing,observed,observed,observed,observed,observed,observed,observed,missing,0.97809405,0.20689655172413793,0.03156146179401991,0.08571428571428572,0.25,,0.75,,1.0,,0.0,0.0,0.5,0.0,0.0,0.5,0.9703326202542946,1.0,0.0,0.0,0.0,0.25,,0.75,,0.0,,0.0,0.0,0.5,0.0,0.0,0.5,1.0,0.11922900675907892,0.5140117264921451,0.5,0.2,0.11327307720468606,0.4854619742065307,0.27628368286318133,0.2463000918174436,0.12411575431970755,0.512092966413344,0.24870804162754795,0.2571411577378928,0.2,0.279794219793817,0.279794219793817,0.5290613052437129
SOM,2021,34.0,16.0,0.0256882,29,0.75,0.222,2.0,2.0,,1,1,1,0,0,2,0.0,1.0,40,,observed,observed,observed,observed,imputed,carried_forward,carried_forward,missing,observed,observed,observed,observed,observed,observed,observed,missing,0.9743118,0.2413793103448276,0.0,0.1,0.25,,0.75,1.0,1.0,,0.0,0.0,0.5,0.0,0.0,0.5,0.9513344526877688,1.0,0.175,0.0,0.0,0.25,,0.75,1.0,0.0,,0.0,0.0,0.5,0.0,0.0,0.5,0.9893795354822043,0.1206896551724138,0.5128336131719422,0.6666666666666666,0.2,0.11249028008511831,0.4864487545726814,0.9163637110438112,0.2463000918174436,0.12741711489379878,0.5108050241999637,0.5207813748777301,0.2571411577378928,0.2,0.301402129542362,0.301402129542362,0.5531748549785972
SOM,2022,34.0,16.0,0.02621832,30,0.75,0.222,2.0,2.0,,1,1,1,0,0,2,0.0,1.0,40,,imputed,imputed,observed,observed,imputed,carried_forward,carried_forward,missing,observed,observed,observed,observed,observed,observed,observed,missing,0.97378168,0.2413793103448276,0.0,0.11428571428571428,0.25,,0.75,1.0,1.0,,0.0,0.0,0.5,0.0,0.0,0.5,0.9486716703253217,1.0,0.0,0.0,0.0,0.25,,0.75,1.0,1.0,,0.0,0.0,0.5,0.0,0.0,0.5,0.9699671313303126,0.1206896551724138,0.5157393461527591,0.6666666666666666,0.2,0.11249028008511831,0.4888764911513778,0.9163637110438112,0.2463000918174436,0.12741711489379878,0.5138647422541816,0.5207813748777301,0.2571411577378928,0.2,0.3018281641067819,0.3018281641067819,0.5537625499136263
SRB,2023,,,,73,,,,,1.0,1,1,1,0,0,2,0.0,1.0,20,20.0,imputed,imputed,imputed,observed,imputed,missing,missing,carried_forward,observed,observed,observed,observed,observed,observed,observed,observed,,,,0.7285714285714285,0.0,0.0,,,,0.0,0.0,0.0,0.5,0.0,0.0,0.5,,1.0,,,0.6666666666666666,0.0,0.0,,,,0.0,0.0,0.0,1.0,0.0,0.0,0.5,,,0.36428571428571427,0.0,0.2,0.0,0.1357937499486818,0.0,0.2463000918174436,0.0,0.19218927575861025,0.0,0.2571411577378928,0.2,,,
SSD,2015,49.0,,,31,,0.297,,,,1,1,1,0,0,2,0.0,1.0,100,,observed,imputed,imputed,observed,imputed,missing,missing,missing,observed,observed,observed,observed,observed,observed,observed,missing,,0.41379310344827586,,0.12857142857142856,1.0,,,,,,0.0,0.0,0.5,0.0,0.0,0.5,,1.0,0.2857142857142857,,0.047619047619047616,1.0,,,,,,0.0,0.0,0.5,0.0,0.0,0.5,,0.41379310344827586,0.5642857142857143,,0.2,0.1928404801459171,0.3442871589949821,0.0,0.2463000918174436,0.21842933981794074,0.2765500110222629,0.0,0.2571411577378928,0.2,,,
STP,2013,16.0,,0.08940609,51,,0.124,,,,1,1,1,0,0,2,0.0,1.0,40,,observed,imputed,observed,observed,imputed,missing,missing,missing,observed,observed,observed,observed,observed,observed,observed,missing,0.91059391,0.034482758620689655,,0.4142857142857143,0.25,,,,,,0.0,0.0,0.5,0.0,0.0,0.5,0.6312807409539012,1.0,0.0,,0.2857142857142857,0.25,,,,,,0.0,0.0,0.5,0.0,0.0,0.5,0.5192146672249678,0.034482758620689655,0.43185548507987187,,0.2,0.016070040012159757,0.21298267631284123,0.0,0.2463000918174436,0.018202444984828398,0.3379579345193219,0.0,0.2571411577378928,0.2,,,
SUR,2013,61.0,,0.04487381,73,,0.34,,,,1,1,1,0,0,2,0.0,1.0,80,,observed,imputed,observed,observed,imputed,missing,missing,missing,observed,observed,observed,observed,observed,observed,observed,missing,0.95512619,0.5517241379310345,,0.7285714285714285,0.75,,,,,,0.0,0.0,0.5,0.0,0.0,0.5,0.8549655099563256,1.0,0.5357142857142857,,0.7346938775510204,0.75,,,,,,0.0,0.0,0.5,0.0,0.0,0.5,0.8473881367495819,0.5517241379310345,0.7778456461759181,,0.2,0.2571206401945561,0.4514535466008489,0.0,0.2463000918174436,0.29123911975725436,0.6017139075115192,0.0,0.2571411577378928,0.2,,,
SUR,2017,71.0,,0.05322859,75,,0.302,,,,1,1,0,1,0,3,0.0,1.0,80,,observed,imputed,observed,observed,imputed,missing,missing,missing,observed,observed,observed,observed,observed,observed,observed,missing,0.94677141,0.6666666666666666,,0.7571428571428571,0.75,,,,,,0.0,0.0,0.0,0.5,0.0,1.0,0.8129996138834976,1.0,0.5972222222222222,,0.7966101694915254,0.75,,,,,,0.0,0.0,0.0,1.0,0.0,1.0,0.7982283475564615,0.6666666666666666,0.7733808236754515,,0.3,0.31068744023508865,0.45307694947486954,0.0,0.5870184682448168,0.351913936373349,0.598081525049232,0.0,0.3641950659257678,0.3,,,
SVK,2017,95.0,,0.06756991,82,0.375,0.57,,,1.0,1,1,1,1,0,3,0.0,1.0,20,,observed,imputed,observed,observed,observed,missing,missing,carried_forward,observed,observed,observed,observed,observed,observed,observed,missing,0.93243009,0.9425287356321839,,0.8571428571428571,0.0,,0.375,,,0.0,0.0,0.0,0.5,0.5,0.0,1.0,0.7409634448081696,1.0,0.9305555555555556,,0.9152542372881356,0.0,,0.375,,,0.0,0.0,0.0,1.0,1.0,0.0,1.0,0.6980752685168371,0.9425287356321839,0.49327657548775666,0.0,0.4,0.4392477603323667,0.3770240791701202,0.0,0.6276085012649691,0.4975334962519761,0.5085973481138257,0.0,0.49148157841267115,0.4,0.0,0.0,0.005313989559565715
SVK,2022,95.0,,0.0773064,80,0.375,0.584,,,1.0,1,1,1,0,0,2,0.0,1.0,20,,imputed,imputed,observed,observed,imputed,missing,missing,carried_forward,observed,observed,observed,observed,observed,observed,observed,missing,0.9226936,0.9425287356321839,,0.8285714285714286,0.0,,0.375,,,0.0,0.0,0.0,0.5,0.0,0.0,0.5,0.6920572465056256,1.0,0.9242424242424242,,0.8064516129032258,0.0,,0.375,,,0.0,0.0,0.0,0.5,0.0,0.0,0.5,0.6128051135722126,0.9425287356321839,0.47390716876926353,0.0,0.2,0.4392477603323667,0.3673847827434612,0.0,0.2463000918174436,0.4975334962519761,0.4880441365902054,0.0,0.2571411577378928,0.2,0.0,0.0,0.0
SVN,2021,78.0,67.8,0.09480554,83,0.65,0.561,2.0,,,1,1,1,0,0,2,0.0,1.0,80,,observed,observed,observed,observed,observed,carried_forward,missing,missing,observed,observed,observed,observed,observed,observed,observed,missing,0.90519446,0.7471264367816092,0.8604651162790696,0.8714285714285714,0.75,,0.65,1.0,,,0.0,0.0,0.5,0.0,0.0,0.5,0.6041594095064627,1.0,0.725,0.8647746243739565,0.8571428571428571,0.75,,0.65,1.0,,,0.0,0.0,0.5,0.0,0.0,0.5,0.62832051782202,0.8037957765303394,0.7188969952337585,0.5,0.2,0.8076457599600328,0.7192593732648672,0.6400800281806298,0.2463000918174436,0.800636925097345,0.7204734257100209,0.27207333325018224,0.2571411577378928,0.2,0.49029006959783217,0.49029006959783217,0.6850625519015252
SWE,2015,92.0,,0.10804184,83,,0.737,,,,4,1,1,0,0,2,0.0,1.0,20,,observed,imputed,observed,observed,imputed,missing,missing,missing,observed,observed,observed,observed,observed,observed,observed,missing,0.8919581599999999,0.9080459770114943,,0.8714285714285714,0.0,,,,,,0.5,0.0,0.5,0.0,0.0,0.5,0.5376737342177326,1.0,0.9,,0.873015873015873,0.0,,,,,,0.5,0.0,0.5,0.0,0.0,0.5,0.38719907400934667,0.9080459770114943,0.469700768548768,,0.2,0.42317772032020695,0.20984856667197058,0.02767499479625413,0.2463000918174436,0.47933105126714776,0.3729752294043347,0.15033100176008402,0.2571411577378928,0.2,,,
SWE,2023,92.0,,0.10804184,85,,,1.0,,,4,1,1,0,0,2,0.0,1.0,20,20.0,imputed,imputed,imputed,observed,imputed,carried_forward,missing,missing,observed,observed,observed,observed,observed,observed,observed,observed,0.8919581599999999,0.9080459770114943,,0.9,0.0,0.0,,0.0,,,0.5,0.0,0.5,0.0,0.0,0.5,0.5376737342177326,1.0,0.8769230769230769,,0.9166666666666666,0.0,0.0,,0.0,,,0.5,0.0,1.0,0.0,0.0,0.5,0.40658600124719707,0.9080459770114943,0.4792245780725775,0.25,0.2,0.42317772032020695,0.21517381176799733,0.02767499479625413,0.2463000918174436,0.47933105126714776,0.38051206374780966,0.15033100176008402,0.2571411577378928,0.2,0.3840645579516378,0.3840645579516378,0.485001090241202
SWZ,2017,75.0,,0.06981037,70,0.525,0.302,,2.0,,1,1,1,0,0,2,0.0,1.0,80,,observed,imputed,observed,observed,observed,missing,carried_forward,missing,observed,observed,observed,observed,observed,observed,observed,missing,0.93018963,0.7126436781609196,,0.6857142857142857,0.75,,0.525,,1.0,,0.0,0.0,0.5,0.0,0.0,0.5,0.729709658171618,1.0,0.6527777777777778,,0.711864406779661,0.75,,0.525,,0.0,,0.0,0.0,1.0,0.0,0.0,0.5,0.6824289425534588,0.7126436781609196,0.6726059859714759,0.5,0.2,0.3321141602513017,0.6450848916491454,0.27628368286318133,0.2463000918174436,0.37618386301978685,0.6764708450525233,0.24870804162754795,0.2571411577378928,0.2,0.46790565201700346,0.46790565201700346,0.7524930922125102
SYC,2010,,,0.05351682,67,,0.269,,,,1,1,1,0,0,2,0.0,1.0,60,,imputed,imputed,observed,observed,imputed,missing,missing,missing,observed,observed,observed,observed,observed,observed,observed,missing,0.94648318,,,0.6428571428571429,0.5,,,,,,0.0,0.0,0.5,0.0,0.0,0.5,0.8115518402467207,1.0,,,0.7258064516129032,0.5,,,,,,0.0,0.0,0.5,0.0,0.0,0.5,0.7684495612619561,,0.6514696610346212,,0.2,0.0,0.3515673709093182,0.0,0.2463000918174436,0.0,0.5068902988247137,0.0,0.2571411577378928,0.2,,,
SYR,2015,58.0,16.7,0.03479053,71,,0.363,,,,1,1,1,0,0,2,0.0,1.0,40,,imputed,imputed,observed,observed,imputed,missing,missing,missing,observed,observed,observed,observed,observed,observed,observed,missing,0.96520947,0.5172413793103449,0.011627906976744174,0.7,0.25,,,,,,0.0,0.0,0.5,0.0,0.0,0.5,0.9056136276270753,1.0,0.4142857142857143,0.0,0.6825396825396826,0.25,,,,,,0.0,0.0,0.5,0.0,0.0,0.5,0.8867721086781408,0.26443464314354453,0.6185378758756918,,0.2,0.247259540178296,0.29043423077870745,0.0,0.2463000918174436,0.27852654797638177,0.48633993368266165,0.0,0.2571411577378928,0.2,,,
SYR,2021,58.0,16.7,0.04706135,72,,0.346,2.0,,,1,1,1,0,0,2,0.0,1.0,40,,observed,observed,observed,observed,imputed,carried_forward,missing,missing,observed,observed,observed,observed,observed,observed,observed,missing,0.95293865,0.5172413793103449,0.011627906976744174,0.7142857142857143,0.25,,,1.0,,,0.0,0.0,0.5,0.0,0.0,0.5,0.8439775394418233,1.0,0.475,0.011686143572621021,0.6825396825396826,0.25,,,1.0,,,0.0,0.0,0.5,0.0,0.0,0.5,0.8777292818222144,0.26443464314354453,0.6027544179091792,0.5,0.2,0.247259540178296,0.28765988914877283,0.6400800281806298,0.2463000918174436,0.27852654797638177,0.4737039154336599,0.27207333325018224,0.2571411577378928,0.2,0.355315937728382,0.355315937728382,0.5804796898101726
TCD,2010,40.0,,0.0304079,22,,0.294,,,,4,1,1,0,0,2,0.0,1.0,80,,imputed,imputed,observed,observed,imputed,missing,missing,missing,observed,observed,observed,observed,observed,observed,observed,missing,0.9695921,0.3103448275862069,,0.0,0.75,,,,,,0.5,0.0,0.5,0.0,0.0,0.5,0.9276274921579972,1.0,0.15714285714285714,,0.0,0.75,,,,,,0.5,0.0,0.5,0.0,0.0,0.5,0.9321852968640691,0.3103448275862069,0.5592091640526657,,0.2,0.14463036010943783,0.3220693629624398,0.02767499479625413,0.2463000918174436,0.16382200486345558,0.4288636071756782,0.15033100176008402,0.2571411577378928,0.2,,,
TCD,2012,40.0,,0.02958965,25,,0.297,,,,4,2,2,0,0,2,0.0,1.0,80,,imputed,imputed,observed,observed,imputed,missing,missing,missing,observed,observed,observed,observed,observed,observed,observed,missing,0.97041035,0.3103448275862069,,0.04285714285714286,0.75,,,,,,0.5,0.5,1.0,0.0,0.0,0.5,0.9317375458591829,1.0,0.2,,0.0,0.75,,,,,,0.5,1.0,1.0,0.0,0.0,0.5,0.9507367736063992,0.3103448275862069,0.5748648962387752,,0.4,0.14463036010943783,0.3304197814334504,0.02767499479625413,0.28940648033474775,0.16382200486345558,0.4412627488533263,0.15033100176008402,0.45581995865416014,0.4,,,
TCD,2016,40.0,,0.03604028,23,,0.271,,2.0,,4,1,0,1,0,3,0.0,1.0,80,,observed,imputed,observed,observed,imputed,missing,carried_forward,missing,observed,observed,observed,observed,observed,observed,observed,missing,0.96395972,0.3103448275862069,,0.014285714285714285,0.75,,,,1.0,,0.5,0.0,0.0,0.5,0.0,1.0,0.8993361578891506,1.0,0.16666666666666666,,0.0,0.75,,,,0.0,,0.5,0.0,0.0,1.0,0.0,1.0,0.9084659789794641,0.3103448275862069,0.5545406240582883,0.75,0.3,0.14463036010943783,0.3222363863331699,0.30395867765943546,0.5870184682448168,0.16382200486345558,0.4251022900692612,0.39903904338763196,0.3641950659257678,0.3,0.4435985308240882,0.4435985308240882,0.7307292363230642
TGO,2012,64.0,,0.04643665,36,0.45,0.26,,,,1,1,1,1,0,3,0.0,1.0,40,,imputed,imputed,observed,observed,imputed,missing,missing,missing,observed,observed,observed,observed,observed,observed,observed,missing,0.95356335,0.5862068965517241,,0.2,0.25,,0.45,,,,0.0,0.0,0.5,0.5,0.0,1.0,0.8471153952892181,1.0,0.52,,0.16923076923076924,0.25,,0.45,,,,0.0,0.0,0.5,1.0,0.0,1.0,0.8290338047026748,0.5862068965517241,0.4367788488223045,,0.4,0.2731906802067159,0.37436923210984346,0.0,0.6276085012649691,0.30944156474208273,0.44121804979386253,0.0,0.49148157841267115,0.4,,,
TGO,2017,64.0,,0.06502105,40,0.45,0.271,,,,1,1,1,0,0,2,0.0,1.0,40,,observed,imputed,observed,observed,observed,missing,missing,missing,observed,observed,observed,observed,observed,observed,observed,missing,0.93497895,0.5862068965517241,,0.2571428571428571,0.25,,0.45,,,,0.0,0.0,0.5,0.0,0.0,0.5,0.753766318595892,1.0,0.5,,0.2033898305084746,0.25,,0.45,,,,0.0,0.0,1.0,0.0,0.0,0.5,0.7158753160048602,0.5862068965517241,0.4277272939346873,,0.2,0.2731906802067159,0.3767853323370325,0.0,0.2463000918174436,0.30944156474208273,0.4314468760307409,0.0,0.2571411577378928,0.2,,,
TGO,2022,64.0,,0.06041341,39,0.45,0.301,,,,1,1,0,1,0,3,0.0,1.0,40,,imputed,imputed,observed,observed,imputed,missing,missing,missing,observed,observed,observed,observed,observed,observed,observed,missing,0.93958659,0.5862068965517241,,0.24285714285714285,0.25,,0.45,,,,0.0,0.0,0.0,0.5,0.0,1.0,0.7769104039435619,1.0,0.45454545454545453,,0.14516129032258066,0.25,,0.45,,,,0.0,0.0,0.0,1.0,0.0,1.0,0.7309057428064176,0.5862068965517241,0.4299418867001762,,0.3,0.2731906802067159,0.3761642663944359,0.0,0.5870184682448168,0.30944156474208273,0.43383825362593953,0.0,0.3641950659257678,0.3,,,
TGO,2023,64.0,,0.06041341,42,0.45,,2.0,2.0,,1,2,1,1,0,3,0.0,1.0,40,40.0,imputed,imputed,imputed,observed,imputed,carried_forward,carried_forward,missing,observed,observed,observed,observed,observed,observed,observed,observed,0.93958659,0.5862068965517241,,0.2857142857142857,0.25,0.25,0.45,1.0,1.0,,0.0,0.5,0.5,0.5,0.0,1.0,0.7769104039435619,1.0,0.4461538461538462,,0.020833333333333332,0.25,0.25,0.45,1.0,1.0,,0.0,1.0,1.0,1.0,0.0,1.0,0.7468038964554886,0.5862068965517241,0.4406561724144619,0.6666666666666666,0.5,0.2731906802067159,0.38415213403847603,0.9163637110438112,0.6301248567621209,0.30944156474208273,0.44514350514115186,0.5207813748777301,0.5628738668420351,0.5,0.5416981864810806,0.5416981864810806,0.6840626284971831
THA,2011,90.0,68.2,0.03568255,78,0.6,0.635,,,,1,1,0,0,1,1,0.0,1.0,60,,observed,imputed,observed,observed,imputed,missing,missing,missing,observed,observed,observed,observed,observed,observed,observed,missing,0.96431745,0.8850574712643678,0.867109634551495,0.8,0.5,,0.6,,,,0.0,0.0,0.0,0.0,1.0,0.0,0.9011330286627838,1.0,0.927710843373494,0.8319327731092437,0.8852459016393442,0.5,,0.6,,,,0.0,0.0,0.0,0.0,1.0,0.0,0.8646295297394845,0.8760835529079314,0.700283257165696,,0.2,0.8754738857206147,0.6318075235930165,0.0,0.15117040407034077,0.8765837754389191,0.7086409241966442,0.0,0.13396155686684127,0.2,,,
THA,2013,93.0,68.2,0.03453133,79,0.6,0.638,,,,1,2,1,0,1,2,0.0,1.0,60,,observed,imputed,observed,observed,imputed,missing,missing,missing,observed,observed,observed,observed,observed,observed,observed,missing,0.96546867,0.9195402298850575,0.867109634551495,0.8142857142857143,0.5,,0.6,,,,0.0,0.5,0.5,0.0,1.0,0.5,0.9069155841432346,1.0,0.9166666666666666,0.8431372549019608,0.8571428571428571,0.5,,0.6,,,,0.0,1.0,0.5,0.0,1.0,0.5,0.9236053783794501,0.8933249322182762,0.7053003246072372,,0.5,0.8915439257327744,0.6349802295666639,0.0,0.39998685138493617,0.8947862204237474,0.7139483676229484,0.0,0.4624950030340981,0.5,,,
THA,2015,95.5,68.2,0.03852286,80,0.6,0.642,,,,1,1,1,0,0,2,0.0,1.0,60,,imputed,imputed,observed,observed,observed,missing,missing,missing,observed,observed,observed,observed,observed,observed,observed,missing,0.96147714,0.9482758620689655,0.867109634551495,0.8285714285714286,0.5,,0.6,,,,0.0,0.0,0.5,0.0,0.0,0.5,0.8868662072414397,1.0,0.95,0.865546218487395,0.8253968253968254,0.5,,0.6,,,,0.0,0.0,0.5,0.0,0.0,0.5,0.8613176639114137,0.9076927483102303,0.7038594089532171,,0.2,0.9049356257429075,0.6358742819926149,0.0,0.2463000918174436,0.9099549245777712,0.7123806462061527,0.0,0.2571411577378928,0.2,,,
THA,2016,98.0,68.2,0.03939006,81,0.6,0.643,,,,1,1,1,1,0,3,0.0,1.0,60,,observed,imputed,observed,observed,observed,missing,missing,missing,observed,observed,observed,observed,observed,observed,observed,missing,0.96060994,0.9770114942528736,0.867109634551495,0.8428571428571429,0.5,,0.6,,,,0.0,0.0,0.5,0.5,0.0,1.0,0.8825102786503392,1.0,0.9722222222222222,0.8627787307032591,0.8787878787878788,0.5,,0.6,,,,0.0,0.0,0.5,1.0,0.0,1.0,0.88538920163229,0.9220605644021843,0.7063418553768706,,0.4,0.9183273257530407,0.6381526649107488,0.0,0.6276085012649691,0.9251236287317948,0.7149897336512,0.0,0.49148157841267115,0.4,,,
THA,2020,85.0,68.2,0.04357247,81,0.675,0.658,,,,1,1,0,1,0,3,0.0,1.0,60,,observed,imputed,observed,observed,observed,missing,missing,missing,observed,observed,observed,observed,observed,observed,observed,missing,0.95642753,0.8275862068965517,0.867109634551495,0.8428571428571429,0.5,,0.675,,,,0.0,0.0,0.0,0.5,0.0,1.0,0.8615021152523855,1.0,0.782608695652174,0.8494726749760305,0.8225806451612904,0.5,,0.6578947368421053,,,,0.0,0.0,0.0,0.5,0.0,1.0,0.876601368906824,0.8473479207240233,0.7198398145273821,,0.3,0.8486904857003483,0.6666806798914475,0.0,0.5870184682448168,0.8462463671308718,0.7264554162987191,0.0,0.3641950659257678,0.3,,,
THA,2021,88.0,68.2,0.0515337,82,0.675,0.657,2.0,,,1,1,1,0,0,2,0.0,1.0,60,,observed,observed,observed,observed,imputed,carried_forward,missing,missing,observed,observed,observed,observed,observed,observed,observed,missing,0.9484663,0.8620689655172413,0.867109634551495,0.8571428571428571,0.5,,0.675,1.0,,,0.0,0.0,0.5,0.0,0.0,0.5,0.8215130131106317,1.0,0.85,0.8714524207011686,0.8412698412698413,0.5,,0.675,1.0,,,0.0,0.0,0.5,0.0,0.0,0.5,0.8543663703208093,0.8645893000343682,0.7134139675633722,0.5,0.2,0.8647605257125082,0.6658158346481962,0.6400800281806298,0.2463000918174436,0.8644488121157001,0.7195807400663767,0.27207333325018224,0.2571411577378928,0.2,0.4983539055154396,0.4983539055154396,0.6597474542419174
THA,2022,88.0,68.2,0.05580148,82,0.675,0.657,2.0,,,1,1,1,1,0,3,0.0,1.0,60,,imputed,imputed,observed,observed,imputed,carried_forward,missing,missing,observed,observed,observed,observed,observed,observed,observed,missing,0.94419852,0.8620689655172413,0.867109634551495,0.8571428571428571,0.5,,0.675,1.0,,,0.0,0.0,0.5,0.5,0.0,1.0,0.8000760378770898,1.0,0.8181818181818182,0.8714524207011686,0.8387096774193549,0.5,,0.675,1.0,,,0.0,0.0,0.5,1.0,0.0,1.0,0.7631482194185575,0.8645893000343682,0.7080547237549868,0.5,0.4,0.8647605257125082,0.6639248634678381,0.6400800281806298,0.6276085012649691,0.8644488121157001,0.7138752923945894,0.27207333325018224,0.49148157841267115,0.4,0.591529855611919,0.591529855611919,0.788279358719627
THA,2023,88.0,68.2,0.05580148,82,0.675,,2.0,,,1,1,1,1,0,3,0.0,1.0,60,60.0,imputed,imputed,imputed,observed,imputed,carried_forward,missing,missing,observed,observed,observed,observed,observed,observed,observed,observed,0.94419852,0.8620689655172413,0.867109634551495,0.8571428571428571,0.5,0.5,0.675,1.0,,,0.0,0.0,0.5,0.5,0.0,1.0,0.8000760378770898,1.0,0.8153846153846154,0.8501945525291829,0.8541666666666666,0.5,0.5,0.675,1.0,,,0.0,0.0,1.0,1.0,0.0,1.0,0.7797476890064501,0.8645893000343682,0.7080547237549868,0.5,0.4,0.8647605257125082,0.6639248634678381,0.6400800281806298,0.6276085012649691,0.8644488121157001,0.7138752923945894,0.27207333325018224,0.49148157841267115,0.4,0.591529855611919,0.591529855611919,0.7469906268157335
TJK,2019,62.0,29.8,0.06947668,71,1.0,0.319,,,2.0,1,1,1,0,0,2,0.0,1.0,20,,observed,observed,observed,observed,observed,missing,missing,carried_forward,observed,observed,observed,observed,observed,observed,observed,missing,0.93052332,0.5632183908045977,0.2292358803986711,0.7,0.0,,1.0,,,1.0,0.0,0.0,0.5,0.0,0.0,0.5,0.7313857764967617,1.0,0.45588235294117646,0.20411663807890226,0.7166666666666667,0.0,,1.0,,,1.0,0.0,0.0,0.5,0.0,0.0,0.5,0.6712607678241032,0.39622713560163436,0.6078464441241904,0.5,0.2,0.38488213726063036,0.6000667143617016,0.028286299363680645,0.2463000918174436,0.4055355302968497,0.6067373485637715,0.17855662167362427,0.2571411577378928,0.2,0.39394403040662446,0.39394403040662446,0.6440137616943421
TKM,2012,,,0.03342036,79,,0.418,,,,1,1,1,0,0,2,0.0,1.0,40,,imputed,imputed,observed,observed,imputed,missing,missing,missing,observed,observed,observed,observed,observed,observed,observed,missing,0.96657964,,,0.8142857142857143,0.25,,,,,,0.0,0.0,0.5,0.0,0.0,0.5,0.9124959646631319,1.0,,,0.8307692307692308,0.25,,,,,,0.0,0.0,0.5,0.0,0.0,0.5,0.9230636697891506,,0.6589272263162821,,0.2,0.0,0.3123423071195393,0.0,0.2463000918174436,0.0,0.518319004003539,0.0,0.2571411577378928,0.2,,,
TLS,2010,63.0,27.8,0.06470588,38,,0.252,,,,1,1,1,0,0,2,0.0,1.0,20,,imputed,imputed,observed,observed,imputed,missing,missing,missing,observed,observed,observed,observed,observed,observed,observed,missing,0.93529412,0.5747126436781609,0.19601328903654486,0.22857142857142856,0.0,,,,,,0.0,0.0,0.5,0.0,0.0,0.5,0.7553494113242791,1.0,0.4857142857142857,0.04911591355599214,0.25806451612903225,0.0,,,,,,0.0,0.0,0.5,0.0,0.0,0.5,0.6891706953609888,0.3853629663573529,0.3279736132985692,,0.2,0.37249898870497045,0.10923188184401181,0.0,0.2463000918174436,0.3959176599471569,0.2613308047650085,0.0,0.2571411577378928,0.2,,,
TLS,2014,63.0,27.8,0.07604837,43,,0.242,2.0,,,1,1,1,0,0,2,0.0,1.0,20,,observed,imputed,observed,observed,imputed,carried_forward,missing,missing,observed,observed,observed,observed,observed,observed,observed,missing,0.92395163,0.5747126436781609,0.19601328903654486,0.3,0.0,,,1.0,,,0.0,0.0,0.5,0.0,0.0,0.5,0.6983763065211497,1.0,0.5487804878048781,0.07456978967495223,0.22033898305084745,0.0,,,0.0,,,0.0,0.0,0.5,0.0,0.0,0.5,0.6039863233477425,0.3853629663573529,0.3327921021737166,0.5,0.2,0.37249898870497045,0.11751935556250276,0.6400800281806298,0.2463000918174436,0.3959176599471569,0.26500950751520097,0.27207333325018224,0.2571411577378928,0.2,0.3365198966357877,0.3365198966357877,0.5940267733283366
TLS,2016,66.0,27.8,0.06896252,44,,0.237,2.0,,,1,1,0,1,0,3,0.0,1.0,20,,observed,imputed,observed,observed,imputed,carried_forward,missing,missing,observed,observed,observed,observed,observed,observed,observed,missing,0.93103748,0.6091954022988506,0.19601328903654486,0.3142857142857143,0.0,,,1.0,,,0.0,0.0,0.0,0.5,0.0,1.0,0.7339683920922414,1.0,0.5277777777777778,0.169811320754717,0.3181818181818182,0.0,,,1.0,,,0.0,0.0,0.0,1.0,0.0,1.0,0.6816632629055019,0.40260434566769776,0.3494180354593186,0.5,0.3,0.3885690287171302,0.12332158187133349,0.6400800281806298,0.5870184682448168,0.4141201049319853,0.27825075280486733,0.27207333325018224,0.3641950659257678,0.3,0.38113493546183974,0.38113493546183974,0.657469004907881
TLS,2021,60.0,27.8,0.1143106,47,,0.243,2.0,,,1,1,1,0,0,2,0.0,1.0,20,,observed,observed,observed,observed,imputed,carried_forward,missing,missing,observed,observed,observed,observed,observed,observed,observed,missing,0.8856894,0.5402298850574713,0.19601328903654486,0.35714285714285715,0.0,,,1.0,,,0.0,0.0,0.5,0.0,0.0,0.5,0.5061858756905779,1.0,0.5,0.19699499165275458,0.2857142857142857,0.0,,,1.0,,,0.0,0.0,0.5,0.0,0.0,0.5,0.5264288969494142,0.36812158704700804,0.28777624427781173,0.5,0.2,0.3564289486928107,0.11121658803596776,0.6400800281806298,0.2463000918174436,0.3777152149623285,0.2289317225023598,0.27207333325018224,0.2571411577378928,0.2,0.32082009014862983,0.32082009014862983,0.5719900472783108
TON,2014,,24.5,0.05114815,70,0.275,0.169,,,,4,1,1,1,0,3,0.0,1.0,60,,imputed,imputed,observed,observed,imputed,missing,missing,missing,observed,observed,observed,observed,observed,observed,observed,missing,0.94885185,,0.14119601328903653,0.6857142857142857,0.5,,0.275,,,,0.5,0.0,0.5,0.5,0.0,1.0,0.823449623198615,1.0,,0.011472275334608057,0.6779661016949152,0.5,,0.275,,,,0.6,0.0,0.5,1.0,0.0,1.0,0.7790807469279293,0.14119601328903653,0.5710409772282251,,0.4,0.07539427137878103,0.4720023386189492,0.02767499479625413,0.6276085012649691,0.0666627460480348,0.5839044845368218,0.15033100176008402,0.49148157841267115,0.4,,,
TON,2019,,24.5,0.05423945,70,0.275,0.181,2.0,,,4,1,1,0,0,2,0.0,1.0,60,,imputed,observed,observed,observed,observed,carried_forward,missing,missing,observed,observed,observed,observed,observed,observed,observed,missing,0.94576055,,0.14119601328903653,0.6857142857142857,0.5,,0.275,1.0,,,0.5,0.0,0.5,0.0,0.0,0.5,0.8079220839300845,1.0,,0.11320754716981134,0.7,0.5,,0.275,1.0,,,0.5,0.0,0.5,0.0,0.0,0.5,0.7765581910649813,0.14119601328903653,0.5671590924110925,0.75,0.2,0.07539427137878103,0.47063264308407127,0.6677550229768839,0.2463000918174436,0.0666627460480348,0.5797718323411143,0.42240433501026625,0.2571411577378928,0.2,0.3310584276795929,0.3310584276795929,0.609646741693286
TON,2023,,24.5,0.05423945,71,0.275,,2.0,,,4,1,1,0,0,2,0.0,1.0,60,60.0,imputed,imputed,imputed,observed,imputed,carried_forward,missing,missing,observed,observed,observed,observed,observed,observed,observed,observed,0.94576055,,0.14119601328903653,0.7,0.5,0.5,0.275,1.0,,,0.5,0.0,0.5,0.0,0.0,0.5,0.8079220839300845,1.0,,0.0,0.625,0.5,0.5,0.275,1.0,,,0.5,0.0,1.0,0.0,0.0,0.5,0.7909055323124798,0.14119601328903653,0.5707305209825211,0.75,0.2,0.07539427137878103,0.47329526563208457,0.6677550229768839,0.2463000918174436,0.0666627460480348,0.5835402495128517,0.42240433501026625,0.2571411577378928,0.2,0.33157837426854725,0.33157837426854725,0.41872094076668487
TTO,2011,,,0.04721979,74,,0.46,,,,2,1,0,1,0,3,0.0,1.0,40,,imputed,imputed,observed,observed,imputed,missing,missing,missing,observed,observed,observed,observed,observed,observed,observed,missing,0.95278021,,,0.7428571428571429,0.25,,,,,,0.16666666666666666,0.0,0.0,0.5,0.0,1.0,0.8431816984293995,1.0,,,0.819672131147541,0.25,,,,,,0.16666666666666666,0.0,0.0,1.0,0.0,1.0,0.7852815056237439,,0.6120129470955141,,0.3,0.0,0.29291493253013384,0.009224998265418043,0.5870184682448168,0.0,0.481028936813693,0.050110333920028005,0.3641950659257678,0.3,,,
TTO,2022,,,0.06431064,75,,0.453,,,2.0,2,1,1,1,0,3,0.0,1.0,40,,imputed,imputed,observed,observed,imputed,missing,missing,carried_forward,observed,observed,observed,observed,observed,observed,observed,missing,0.93568936,,,0.7571428571428571,0.25,,,,,1.0,0.16666666666666666,0.0,0.5,0.5,0.0,1.0,0.7573346940922067,1.0,,,0.7258064516129032,0.25,,,,,1.0,0.25,0.0,0.5,1.0,0.0,1.0,0.7036598073461813,,0.5881591837450212,0.5833333333333334,0.4,0.0,0.2880049283734377,0.03751129762909869,0.6276085012649691,0.0,0.4619491869427601,0.22866695559365227,0.49148157841267115,0.4,,,
TUN,2010,65.0,32.1,0.05609508,69,,0.492,,,,1,1,0,1,0,3,0.0,1.0,60,,imputed,imputed,observed,observed,imputed,missing,missing,missing,observed,observed,observed,observed,observed,observed,observed,missing,0.94390492,0.5977011494252874,0.2674418604651163,0.6714285714285714,0.5,,,,,,0.0,0.0,0.0,0.5,0.0,1.0,0.7986012908356377,1.0,0.5142857142857142,0.13359528487229863,0.7580645161290323,0.5,,,,,,0.0,0.0,0.0,1.0,0.0,1.0,0.7501815808598647,0.43257150494520186,0.6566766207547364,,0.3,0.42135298011646033,0.3557502386205055,0.0,0.5870184682448168,0.44177613009467576,0.5109803464279484,0.0,0.3641950659257678,0.3,,,
TUN,2014,65.0,32.1,0.06450061,72,,0.481,,,,1,1,1,0,0,2,0.0,1.0,60,,observed,imputed,observed,observed,imputed,missing,missing,missing,observed,observed,observed,observed,observed,observed,observed,missing,0.93549939,0.5977011494252874,0.2674418604651163,0.7142857142857143,0.5,,,,,,0.0,0.0,0.5,0.0,0.0,0.5,0.7563804785081991,1.0,0.573170731707317,0.1567877629063098,0.711864406779661,0.5,,,,,,0.0,0.0,0.5,0.0,0.0,0.5,0.6851883521186666,0.43257150494520186,0.6568887309313044,,0.2,0.42135298011646033,0.36001377769427334,0.0,0.2463000918174436,0.44177613009467576,0.5110485352153166,0.0,0.2571411577378928,0.2,,,
TUN,2019,71.0,32.1,0.06024612,75,,0.462,,2.0,,1,1,1,0,0,2,0.0,1.0,60,,observed,observed,observed,observed,imputed,missing,carried_forward,missing,observed,observed,observed,observed,observed,observed,observed,missing,0.93975388,0.6666666666666666,0.2674418604651163,0.7571428571428571,0.5,,,,1.0,,0.0,0.0,0.5,0.0,0.0,0.5,0.7777506983324058,1.0,0.5882352941176471,0.2435677530017153,0.7833333333333333,0.5,,,,0.0,,0.0,0.0,0.5,0.0,0.0,0.5,0.735048883057011,0.46705426356589147,0.6782978518250876,0.5,0.2,0.45349306014077984,0.36988672797545086,0.27628368286318133,0.2463000918174436,0.4781810200643326,0.5280414674603563,0.24870804162754795,0.2571411577378928,0.2,0.4218877794626259,0.4218877794626259,0.6282822606876602
TUR,2010,88.0,,0.05020535,71,,0.693,,,,1,1,0,1,0,3,0.0,1.0,100,,imputed,imputed,observed,observed,imputed,missing,missing,missing,observed,observed,observed,observed,observed,observed,observed,missing,0.94979465,0.8620689655172413,,0.7,1.0,,,,,,0.0,0.0,0.0,0.5,0.0,1.0,0.8281852891069285,1.0,0.8428571428571429,,0.7903225806451613,1.0,,,,,,0.0,0.0,0.0,1.0,0.0,1.0,0.7919126212567255,0.8620689655172413,0.8427284297023094,,0.3,0.4017510003039939,0.5238468877572913,0.0,0.5870184682448168,0.4550611246207099,0.6477080856139559,0.0,0.3641950659257678,0.3,,,
TUR,2016,88.0,,0.04284692,75,,0.688,,,,1,1,1,0,0,2,0.0,1.0,100,,observed,imputed,observed,observed,imputed,missing,missing,missing,observed,observed,observed,observed,observed,observed,observed,missing,0.95715308,0.8620689655172413,,0.7571428571428571,1.0,,,,,,0.0,0.0,0.5,0.0,0.0,0.5,0.8651465386717501,1.0,0.8333333333333334,,0.7878787878787878,1.0,,,,,,0.0,0.0,0.5,0.0,0.0,0.5,0.8615747455962658,0.8620689655172413,0.8740964652715357,,0.2,0.4017510003039939,0.5377577566620909,0.0,0.2463000918174436,0.4550611246207099,0.6726189852058517,0.0,0.2571411577378928,0.2,,,
TUR,2018,73.0,,0.04121016,75,,0.682,,,,1,1,1,0,0,2,0.0,1.0,100,,observed,imputed,observed,observed,imputed,missing,missing,missing,observed,observed,observed,observed,observed,observed,observed,missing,0.95878984,0.6896551724137931,,0.7571428571428571,1.0,,,,,,0.0,0.0,0.5,0.0,0.0,0.5,0.8733679520490218,1.0,0.6351351351351351,,0.7543859649122807,1.0,,,,,,0.0,0.0,0.5,0.0,0.0,0.5,0.8863341740565136,0.6896551724137931,0.876836936397293,,0.2,0.3214008002431952,0.5384829735170279,0.0,0.2463000918174436,0.36404889969656795,0.6748071131157427,0.0,0.2571411577378928,0.2,,,
TUR,2022,73.0,,0.03703389,77,,0.683,,,,1,1,1,0,0,2,0.0,1.0,100,,imputed,imputed,observed,observed,imputed,missing,missing,missing,observed,observed,observed,observed,observed,observed,observed,missing,0.96296611,0.6896551724137931,,0.7857142857142857,1.0,,,,,,0.0,0.0,0.5,0.0,0.0,0.5,0.894345274347403,1.0,0.5909090909090909,,0.7580645161290323,1.0,,,,,,0.0,0.0,0.5,0.0,0.0,0.5,0.8943543699111328,0.6896551724137931,0.8933531866872295,,0.2,0.3214008002431952,0.5456586434736131,0.0,0.2463000918174436,0.36404889969656795,0.6879270585727838,0.0,0.2571411577378928,0.2,,,
TZA,2010,49.0,,0.05223922,39,0.6,0.376,,,,1,1,1,0,0,2,0.0,1.0,100,,imputed,imputed,observed,observed,imputed,missing,missing,missing,observed,observed,observed,observed,observed,observed,observed,missing,0.94776078,0.41379310344827586,,0.24285714285714285,1.0,,0.6,,,,0.0,0.0,0.5,0.0,0.0,0.5,0.8179691999884068,1.0,0.2857142857142857,,0.27419354838709675,1.0,,0.6,,,,0.0,0.0,0.5,0.0,0.0,0.5,0.7775018569038665,0.41379310344827586,0.6652065857113875,,0.2,0.1928404801459171,0.6807910804243947,0.0,0.2463000918174436,0.21842933981794074,0.660855742485812,0.0,0.2571411577378928,0.2,,,
TZA,2012,49.0,,0.05017794,43,0.6,0.378,,,,1,1,1,1,0,3,0.0,1.0,100,,observed,imputed,observed,observed,imputed,missing,missing,missing,observed,observed,observed,observed,observed,observed,observed,missing,0.94982206,0.41379310344827586,,0.3,1.0,,0.6,,,,0.0,0.0,0.5,0.5,0.0,1.0,0.8283229689993205,1.0,0.32,,0.27692307692307694,1.0,,0.6,,,,0.0,0.0,0.5,1.0,0.0,1.0,0.8020066722440877,0.41379310344827586,0.6820807422498302,,0.4,0.1928404801459171,0.6923548841130786,0.0,0.6276085012649691,0.21842933981794074,0.6786850652076236,0.0,0.49148157841267115,0.4,,,
TZA,2016,59.0,,0.03963503,43,0.6,0.399,,,,1,1,1,0,0,2,0.0,1.0,100,,imputed,imputed,observed,observed,observed,missing,missing,missing,observed,observed,observed,observed,observed,observed,observed,missing,0.96036497,0.5287356321839081,,0.3,1.0,,0.6,,,,0.0,0.0,0.5,0.0,0.0,0.5,0.8812797991450786,1.0,0.4305555555555556,,0.30303030303030304,1.0,,0.6,,,,0.0,0.0,0.5,0.0,0.0,0.5,0.8837015928500005,0.5287356321839081,0.6953199497862697,,0.2,0.24640728018644964,0.6970262446253613,0.0,0.2463000918174436,0.2791041564340354,0.692779517431816,0.0,0.2571411577378928,0.2,,,
TZA,2017,69.0,,0.04077793,44,0.6,0.399,,,,1,1,1,0,0,2,0.0,1.0,100,,observed,imputed,observed,observed,observed,missing,missing,missing,observed,observed,observed,observed,observed,observed,observed,missing,0.95922207,0.6436781609195402,,0.3142857142857143,1.0,,0.6,,,,0.0,0.0,0.5,0.0,0.0,0.5,0.875539034861443,1.0,0.5694444444444444,,0.2711864406779661,1.0,,0.6,,,,0.0,0.0,1.0,0.0,0.0,0.5,0.885177940416498,0.6436781609195402,0.6974561872867894,,0.2,0.29997408022698213,0.6991824701796142,0.0,0.2463000918174436,0.33977897305013005,0.6950200310696119,0.0,0.2571411577378928,0.2,,,
TZA,2020,51.0,,0.03051958,45,0.6,0.405,,,,1,1,1,0,0,2,0.0,1.0,100,,observed,imputed,observed,observed,imputed,missing,missing,missing,observed,observed,observed,observed,observed,observed,observed,missing,0.96948042,0.4367816091954023,,0.32857142857142857,1.0,,0.6,,,,0.0,0.0,0.5,0.0,0.0,0.5,0.9270665257084424,1.0,0.2898550724637681,,0.24193548387096775,1.0,,0.5789473684210525,,,,0.0,0.0,0.5,0.0,0.0,0.5,0.9557531155385713,0.4367816091954023,0.7139094885699678,,0.2,0.2035538401540236,0.7063903701805486,0.0,0.2463000918174436,0.2305643031411597,0.7125024820303169,0.0,0.2571411577378928,0.2,,,
UGA,2014,69.0,,0.05336531,49,,0.364,,,,6,1,1,1,0,3,0.0,1.0,100,,imputed,imputed,observed,observed,imputed,missing,missing,missing,observed,observed,observed,observed,observed,observed,observed,missing,0.94663469,0.6436781609195402,,0.38571428571428573,1.0,,,,,,0.8333333333333334,0.0,0.5,0.5,0.0,1.0,0.8123128720050667,1.0,0.6219512195121951,,0.3220338983050847,1.0,,,,,,1.0,0.0,0.5,1.0,0.0,1.0,0.7634900271597884,0.6436781609195402,0.7326757192397841,,0.4,0.29997408022698213,0.4638690742415489,0.04612499132709022,0.6276085012649691,0.33977897305013005,0.5605784664575584,0.25055166960014,0.49148157841267115,0.4,,,
UGA,2020,69.0,,0.05236986,52,,0.378,2.0,,,6,1,1,1,0,3,0.0,1.0,100,,observed,imputed,observed,observed,imputed,carried_forward,missing,missing,observed,observed,observed,observed,observed,observed,observed,missing,0.94763014,0.6436781609195402,,0.42857142857142855,1.0,,,1.0,,,0.8333333333333334,0.0,0.5,0.5,0.0,1.0,0.8173129978307255,1.0,0.5507246376811594,,0.3548387096774194,1.0,,,0.0,,,0.8333333333333334,0.0,0.5,0.5,0.0,1.0,0.8232546553207394,0.6436781609195402,0.7486281421340513,0.9166666666666667,0.4,0.29997408022698213,0.4722980066221704,0.6862050195077201,0.6276085012649691,0.33977897305013005,0.5732145006946732,0.5226250028503223,0.49148157841267115,0.4,0.6483381664183451,0.6483381664183451,0.9725440109355578
UKR,2013,,,0.0694358,78,,0.591,,,,1,1,0,1,0,3,0.0,1.0,100,,imputed,imputed,observed,observed,imputed,missing,missing,missing,observed,observed,observed,observed,observed,observed,observed,missing,0.9305642,,,0.8,1.0,,,,,,0.0,0.0,0.0,0.5,0.0,1.0,0.731591115934958,1.0,,,0.8367346938775511,1.0,,,,,,0.0,0.0,0.0,1.0,0.0,1.0,0.6663825049533008,,0.8438637053116528,,0.3,0.0,0.5339646033073909,0.0,0.5870184682448168,0.0,0.6483784814357788,0.0,0.3641950659257678,0.3,,,
UKR,2023,,,0.0694358,80,,,1.0,,,1,1,1,0,0,2,0.0,1.0,100,100.0,imputed,imputed,imputed,observed,imputed,carried_forward,missing,missing,observed,observed,observed,observed,observed,observed,observed,observed,0.9305642,,,0.8285714285714286,1.0,1.0,,0.0,,,0.0,0.0,0.5,0.0,0.0,0.5,0.731591115934958,1.0,,,0.8125,1.0,1.0,,0.0,,,0.0,0.0,1.0,0.0,0.0,0.5,0.6823554454872676,,0.8533875148354623,0.0,0.2,0.0,0.5392898484034176,0.0,0.2463000918174436,0.0,0.6559153157792538,0.0,0.2571411577378928,0.2,,,
URY,2014,,,0.08038908,84,,0.529,,,,1,1,1,0,0,2,0.0,1.0,20,,imputed,imputed,observed,observed,imputed,missing,missing,missing,observed,observed,observed,observed,observed,observed,observed,missing,0.91961092,,,0.8857142857142857,0.0,,,,,,0.0,0.0,0.5,0.0,0.0,0.5,0.676573005328026,1.0,,,0.9152542372881356,0.0,,,,,,0.0,0.0,0.5,0.0,0.0,0.5,0.5734631345815887,,0.5207624303474372,,0.2,0.0,0.22476359497130255,0.0,0.2463000918174436,0.0,0.4137116662866701,0.0,0.2571411577378928,0.2,,,
URY,2022,,,0.08945322,84,,0.536,,2.0,,1,1,1,0,0,2,0.0,1.0,20,,imputed,imputed,observed,observed,imputed,missing,carried_forward,missing,observed,observed,observed,observed,observed,observed,observed,missing,0.91054678,,,0.8857142857142857,0.0,,,,1.0,,0.0,0.0,0.5,0.0,0.0,0.5,0.6310440078882893,1.0,,,0.8709677419354839,0.0,,,,1.0,,0.0,0.0,0.5,0.0,0.0,0.5,0.527885446586402,,0.505586097867525,0.5,0.2,0.0,0.22074744898563034,0.27628368286318133,0.2463000918174436,0.0,0.40159413059838367,0.24870804162754795,0.2571411577378928,0.2,,,
USA,2010,88.0,76.2,0.16197231,84,0.9,0.947,,,,4,2,2,0,0,2,0.0,1.0,60,,imputed,imputed,observed,observed,imputed,missing,missing,missing,observed,observed,observed,observed,observed,observed,observed,missing,0.83802769,0.8620689655172413,1.0,0.8857142857142857,0.5,,0.9,,,,0.5,0.5,1.0,0.0,0.0,0.5,0.26678204117748905,1.0,0.8428571428571429,1.0,1.0,0.5,,0.9,,,,0.5,1.0,1.0,0.0,0.0,0.5,0.0,0.9310344827586207,0.6381240817229437,,0.4,0.9357198399513609,0.7133513382246233,0.02767499479625413,0.28940648033474775,0.9271902201609094,0.6306470176237081,0.15033100176008402,0.45581995865416014,0.4,,,
USA,2011,88.0,76.2,0.16140009,85,0.9,0.946,,,,4,1,1,0,0,2,0.0,1.0,60,,observed,imputed,observed,observed,imputed,missing,missing,missing,observed,observed,observed,observed,observed,observed,observed,missing,0.83859991,0.8620689655172413,1.0,0.9,0.5,,0.9,,,,0.5,0.0,0.5,0.0,0.0,0.5,0.2696562910142046,1.0,0.9036144578313253,1.0,1.0,0.5,,0.9,,,,0.5,0.0,1.0,0.0,0.0,0.5,0.0,0.9310344827586207,0.6424140727535511,,0.2,0.9357198399513609,0.7162675004416975,0.02767499479625413,0.2463000918174436,0.9271902201609094,0.6351804159488205,0.15033100176008402,0.2571411577378928,0.2,,,
USA,2012,96.0,76.2,0.16119747,86,0.9,0.947,,,,4,1,1,0,0,2,0.0,1.0,60,,observed,imputed,observed,observed,imputed,missing,missing,missing,observed,observed,observed,observed,observed,observed,observed,missing,0.8388025299999999,0.9540229885057471,1.0,0.9142857142857143,0.5,,0.9,,,,0.5,0.0,0.5,0.0,0.0,0.5,0.27067404730010003,1.0,0.9466666666666667,1.0,0.9384615384615385,0.5,,0.9,,,,0.5,0.0,0.5,0.0,0.0,0.5,0.0,0.9770114942528736,0.6462399403964536,,0.2,0.978573279983787,0.7190199000120887,0.02767499479625413,0.2463000918174436,0.975730073453785,0.6392197088000112,0.15033100176008402,0.2571411577378928,0.2,,,
USA,2013,96.0,76.2,0.15986216,86,0.9,0.944,,,,4,1,1,0,0,2,0.0,1.0,60,,observed,imputed,observed,observed,imputed,missing,missing,missing,observed,observed,observed,observed,observed,observed,observed,missing,0.84013784,0.9540229885057471,1.0,0.9142857142857143,0.5,,0.9,,,,0.5,0.0,0.5,0.0,0.0,0.5,0.2773812832398868,1.0,0.9523809523809523,1.0,1.0,0.5,,0.9,,,,0.5,0.0,0.5,0.0,0.0,0.5,0.0,0.9770114942528736,0.6479167493814003,,0.2,0.978573279983787,0.7196115501737288,0.02767499479625413,0.2463000918174436,0.975730073453785,0.6410048386170624,0.15033100176008402,0.2571411577378928,0.2,,,
USA,2014,97.0,76.2,0.16194141,86,0.9,0.943,,,,4,2,2,0,0,2,0.0,1.0,60,,observed,imputed,observed,observed,imputed,missing,missing,missing,observed,observed,observed,observed,observed,observed,observed,missing,0.8380585899999999,0.9655172413793104,1.0,0.9142857142857143,0.5,,0.9,,,,0.5,0.5,1.0,0.0,0.0,0.5,0.26693725127142903,1.0,0.9634146341463414,1.0,0.9491525423728814,0.5,,0.9,,,,0.6,1.0,1.0,0.0,0.0,0.5,0.0,0.9827586206896552,0.6453057413892859,,0.4,0.9839299599878402,0.7186902745159489,0.02767499479625413,0.28940648033474775,0.9817975551153946,0.638225161109889,0.15033100176008402,0.45581995865416014,0.4,,,
USA,2015,97.0,76.2,0.164816,87,0.9,0.945,,,,4,1,1,0,0,2,0.0,1.0,60,,observed,imputed,observed,observed,observed,missing,missing,missing,observed,observed,observed,observed,observed,observed,observed,missing,0.835184,0.9655172413793104,1.0,0.9285714285714286,0.5,,0.9,,,,0.5,0.0,0.5,0.0,0.0,0.5,0.2524982420824395,1.0,0.9714285714285714,1.0,0.9365079365079365,0.5,,0.9,,,,0.5,0.0,0.5,0.0,0.0,0.5,0.0,0.9827586206896552,0.6452674176634671,,0.2,0.9839299599878402,0.7200792215592864,0.02767499479625413,0.2463000918174436,0.9817975551153946,0.6381506381997004,0.15033100176008402,0.2571411577378928,0.2,,,
USA,2016,96.0,76.2,0.16791143,87,0.9,0.946,,,,4,1,1,0,0,2,0.0,1.0,60,,observed,imputed,observed,observed,observed,missing,missing,missing,observed,observed,observed,observed,observed,observed,observed,missing,0.83208857,0.9540229885057471,1.0,0.9285714285714286,0.5,,0.9,,,,0.5,0.0,0.5,0.0,0.0,0.5,0.23694995790491302,1.0,0.9444444444444444,1.0,0.9696969696969697,0.5,,0.9,,,,0.5,0.0,0.5,0.0,0.0,0.5,0.0,0.9770114942528736,0.6413803466190854,,0.2,0.978573279983787,0.7187076961008945,0.02767499479625413,0.2463000918174436,0.975730073453785,0.6340124647496441,0.15033100176008402,0.2571411577378928,0.2,,,
USA,2017,100.0,76.2,0.1675301,87,0.9,0.946,,,,4,1,1,0,0,2,0.0,1.0,60,,observed,imputed,observed,observed,observed,missing,missing,missing,observed,observed,observed,observed,observed,observed,observed,missing,0.8324699,1.0,1.0,0.9285714285714286,0.5,,0.9,,,,0.5,0.0,0.5,0.0,0.0,0.5,0.23886537101566516,1.0,1.0,1.0,1.0,0.5,,0.9,,,,0.5,0.0,1.0,0.0,0.0,0.5,0.0,1.0,0.6418591998967734,,0.2,1.0,0.7188766560848219,0.02767499479625413,0.2463000918174436,1.000000000100223,0.6345222516554083,0.15033100176008402,0.2571411577378928,0.2,,,
USA,2018,91.0,76.2,0.16615309,87,0.75,0.948,2.0,2.0,,4,2,2,0,0,2,0.0,1.0,60,,observed,imputed,observed,observed,observed,carried_forward,carried_forward,missing,observed,observed,observed,observed,observed,observed,observed,missing,0.83384691,0.896551724137931,1.0,0.9285714285714286,0.5,,0.75,1.0,1.0,,0.5,0.5,1.0,0.0,0.0,0.5,0.24578206523756513,1.0,0.8783783783783784,1.0,0.9649122807017544,0.5,,0.75,0.0,0.0,,0.5,1.0,1.0,0.0,0.0,0.5,0.0,0.9482758620689655,0.6060883734522484,0.8333333333333334,0.4,0.9517898799635207,0.6587244619997308,0.9440387058400653,0.28940648033474775,0.9453926651457378,0.6022491245321147,0.6711123766378142,0.45581995865416014,0.4,0.6615875875647295,0.6615875875647295,0.7744656840889756
USA,2019,92.0,76.2,0.16661253,87,0.75,0.95,2.0,2.0,,4,1,1,0,0,2,0.0,1.0,60,,observed,observed,observed,observed,observed,carried_forward,carried_forward,missing,observed,observed,observed,observed,observed,observed,observed,missing,0.83338747,0.9080459770114943,1.0,0.9285714285714286,0.5,,0.75,1.0,1.0,,0.5,0.0,0.5,0.0,0.0,0.5,0.24347430712882986,1.0,0.8970588235294118,1.0,0.9833333333333333,0.5,,0.75,1.0,0.0,,0.5,0.0,0.5,0.0,0.0,0.5,0.0,0.9540229885057472,0.6055114339250647,0.8333333333333334,0.2,0.9571465599675739,0.6585208929781073,0.9440387058400653,0.2463000918174436,0.9514601468073471,0.6016349150652898,0.6711123766378142,0.2571411577378928,0.2,0.5570350006694283,0.5570350006694283,0.629481095085714
USA,2020,92.0,76.05000000000001,0.18813253,87,0.75,0.95,2.0,2.0,,4,1,1,0,0,2,0.0,1.0,60,,observed,imputed,observed,observed,observed,carried_forward,carried_forward,missing,observed,observed,observed,observed,observed,observed,observed,missing,0.81186747,0.9080459770114943,0.9975083056478407,0.9285714285714286,0.5,,0.75,1.0,1.0,,0.5,0.0,0.5,0.0,0.0,0.5,0.1353797692131388,1.0,0.8840579710144928,1.0,0.9193548387096774,0.5,,0.7368421052631579,0.0,0.0,,0.5,0.0,0.5,0.0,0.0,0.5,0.0,0.9527771413296675,0.5784877994461419,0.8333333333333334,0.2,0.9558160728255954,0.6489857951517647,0.9440387058400653,0.2463000918174436,0.9502837454064996,0.5728655703715931,0.6711123766378142,0.2571411577378928,0.2,0.5505332714667439,0.5505332714667439,0.6205122610040217
USA,2021,91.0,75.9,0.17506386,87,0.8,0.952,2.0,2.0,,4,1,1,0,0,2,0.0,1.0,60,,observed,observed,observed,observed,observed,carried_forward,carried_forward,missing,observed,observed,observed,observed,observed,observed,observed,missing,0.82493614,0.896551724137931,0.9950166112956811,0.9285714285714286,0.5,,0.8,1.0,1.0,,0.5,0.0,0.5,0.0,0.0,0.5,0.20102344229969343,1.0,0.8875,1.0,0.9206349206349206,0.5,,0.8,1.0,0.0,,0.5,0.0,0.5,0.0,0.0,0.5,0.20906262713559082,0.9457841677168061,0.6073987177177805,0.8333333333333334,0.2,0.9491289056795638,0.6750303782140259,0.9440387058400653,0.2463000918174436,0.9430398623440425,0.6017079586427281,0.6711123766378142,0.2571411577378928,0.2,0.5562610676530408,0.5562610676530408,0.6276543489955437
USA,2022,91.0,75.9,0.1649614,88,0.8,0.952,2.0,2.0,,4,3,1,1,1,3,0.0,1.0,60,,imputed,imputed,observed,observed,imputed,carried_forward,carried_forward,missing,observed,observed,observed,observed,observed,observed,observed,missing,0.8350386,0.896551724137931,0.9950166112956811,0.9428571428571428,0.5,,0.8,1.0,1.0,,0.5,1.0,0.5,0.5,1.0,1.0,0.2517679007342541,1.0,0.8636363636363636,1.0,0.9354838709677419,0.5,,0.8,1.0,1.0,,0.75,1.0,0.5,1.0,1.0,1.0,0.0,0.9457841677168061,0.6236562608978493,0.8333333333333334,0.8,0.9491289056795638,0.6821692063562174,0.9440387058400653,0.7838116163296136,0.9430398623440425,0.6189820056469134,0.6711123766378142,0.7682277121382404,0.8,0.791883906406548,0.791883906406548,0.952685134000406
USA,2023,91.0,75.9,0.1649614,88,0.8,,2.0,2.0,,4,2,1,0,1,2,0.0,1.0,60,60.0,imputed,imputed,imputed,observed,imputed,carried_forward,carried_forward,missing,observed,observed,observed,observed,observed,observed,observed,observed,0.8350386,0.896551724137931,0.9950166112956811,0.9428571428571428,0.5,0.5,0.8,1.0,1.0,,0.5,0.5,0.5,0.0,1.0,0.5,0.2517679007342541,1.0,0.8615384615384616,1.0,0.9791666666666666,0.5,0.5,0.8,1.0,1.0,,0.5,1.0,1.0,0.0,1.0,0.5,0.0,0.9457841677168061,0.6236562608978493,0.8333333333333334,0.5,0.9491289056795638,0.6821692063562174,0.9440387058400653,0.39998685138493617,0.9430398623440425,0.6189820056469134,0.6711123766378142,0.4624950030340981,0.5,0.7040954229519769,0.7040954229519769,0.8891397050194614
UZB,2011,90.0,37.7,0.05262455,81,1.0,0.447,,,,1,1,1,0,0,2,0.0,1.0,100,,observed,imputed,observed,observed,imputed,missing,missing,missing,observed,observed,observed,observed,observed,observed,observed,missing,0.94737545,0.8850574712643678,0.3604651162790698,0.8428571428571429,1.0,,1.0,,,,0.0,0.0,0.5,0.0,0.0,0.5,0.816033694956109,1.0,0.927710843373494,0.1911764705882353,0.9344262295081968,1.0,,1.0,,,,0.0,0.0,1.0,0.0,0.0,0.5,0.7481099614052141,0.6227612937717188,0.914722709453313,,0.2,0.6049415001849886,0.9544833503718088,0.0,0.2463000918174436,0.6373821572665589,0.909584807277892,0.0,0.2571411577378928,0.2,,,
UZB,2016,73.5,37.7,0.04715045,79,1.0,0.452,,,,1,1,1,1,0,3,0.0,1.0,100,,imputed,imputed,observed,observed,imputed,missing,missing,missing,observed,observed,observed,observed,observed,observed,observed,missing,0.95284955,0.6954022988505747,0.3604651162790698,0.8142857142857143,1.0,,1.0,,,,0.0,0.0,0.5,0.5,0.0,1.0,0.8435299918893938,1.0,0.6319444444444444,0.339622641509434,0.8484848484848485,1.0,,1.0,,,,0.0,0.0,0.5,1.0,0.0,1.0,0.8319275438048395,0.5279337075648223,0.914453926543777,,0.4,0.5165562801181098,0.9515835736313203,0.0,0.6276085012649691,0.5372687098500027,0.9093661081476033,0.0,0.49148157841267115,0.4,,,
UZB,2019,57.0,37.7,0.05397478,78,1.0,0.452,,2.0,,1,1,0,1,0,3,0.0,1.0,100,,observed,observed,observed,observed,observed,missing,carried_forward,missing,observed,observed,observed,observed,observed,observed,observed,missing,0.94602522,0.5057471264367817,0.3604651162790698,0.8,1.0,,1.0,,1.0,,0.0,0.0,0.0,0.5,0.0,1.0,0.8092515161489573,1.0,0.38235294117647056,0.339622641509434,0.8333333333333334,1.0,,1.0,,0.0,,0.0,0.0,0.0,1.0,0.0,1.0,0.778387202572267,0.4331061213579257,0.9023128790372393,0.5,0.3,0.4281710600512313,0.9458972218012788,0.27628368286318133,0.5870184682448168,0.4371552624334466,0.8964744799129691,0.24870804162754795,0.3641950659257678,0.3,0.492051640756169,0.492051640756169,0.728865762094146
VNM,2015,99.0,,0.04711409,71,,0.524,,,,1,1,1,0,0,2,0.0,1.0,80,,observed,imputed,observed,observed,imputed,missing,missing,missing,observed,observed,observed,observed,observed,observed,observed,missing,0.95288591,0.9885057471264368,,0.7,0.75,,,,,,0.0,0.0,0.5,0.0,0.0,0.5,0.8437126274562436,1.0,1.0,,0.6825396825396826,0.75,,,,,,0.0,0.0,0.5,0.0,0.0,0.5,0.8027255808123188,0.9885057471264368,0.7645708758187478,,0.2,0.4606744803485797,0.4451356765532237,0.0,0.2463000918174436,0.5218034228984141,0.5911821202158885,0.0,0.2571411577378928,0.2,,,
VNM,2016,99.0,,0.04869947,71,,0.529,2.0,,,1,1,1,0,0,2,0.0,1.0,80,,observed,imputed,observed,observed,imputed,carried_forward,missing,missing,observed,observed,observed,observed,observed,observed,observed,missing,0.95130053,0.9885057471264368,,0.7,0.75,,,1.0,,,0.0,0.0,0.5,0.0,0.0,0.5,0.8357492948112263,1.0,0.9861111111111112,,0.7272727272727273,0.75,,,1.0,,,0.0,0.0,0.5,0.0,0.0,0.5,0.8212562789318268,0.9885057471264368,0.761916431603742,0.5,0.2,0.4606744803485797,0.4444332251874278,0.6400800281806298,0.2463000918174436,0.5218034228984141,0.5890626804533192,0.27207333325018224,0.2571411577378928,0.2,0.5238677151014092,0.5238677151014092,0.743527619409251
VNM,2017,95.0,,0.04990148,72,,0.533,2.0,,,1,1,1,1,0,3,0.0,1.0,80,,observed,imputed,observed,observed,imputed,carried_forward,missing,missing,observed,observed,observed,observed,observed,observed,observed,missing,0.9500985200000001,0.9425287356321839,,0.7142857142857143,0.75,,,1.0,,,0.0,0.0,0.5,0.5,0.0,1.0,0.8297116221569494,1.0,0.9305555555555556,,0.7457627118644068,0.75,,,1.0,,,0.0,0.0,1.0,1.0,0.0,1.0,0.821463329469112,0.9425287356321839,0.7646657788142212,0.5,0.4,0.4392477603323667,0.44656326023831105,0.6400800281806298,0.6276085012649691,0.4975334962519761,0.5912241719737894,0.27207333325018224,0.49148157841267115,0.4,0.6161678900992773,0.6161678900992773,0.8693331499990637
WSM,2010,67.0,,0.05152683,58,,0.205,,,,7,1,0,1,0,3,0.0,1.0,20,,imputed,imputed,observed,observed,imputed,missing,missing,missing,observed,observed,observed,observed,observed,observed,observed,missing,0.94847317,0.6206896551724138,,0.5142857142857142,0.0,,,,,,1.0,0.0,0.0,0.5,0.0,1.0,0.8215475209858863,1.0,0.5428571428571428,,0.5806451612903226,0.0,,,,,,1.0,0.0,0.0,1.0,0.0,1.0,0.7825494186542897,0.6206896551724138,0.44527774509053347,,0.3,0.28926072021887567,0.16832371621544373,0.05534998959250826,0.5870184682448168,0.32764400972691116,0.35431776493700023,0.30066200352016803,0.3641950659257678,0.3,,,
WSM,2011,67.0,,0.05383572,59,,0.206,,,,7,2,1,1,1,3,0.0,1.0,20,,observed,imputed,observed,observed,imputed,missing,missing,missing,observed,observed,observed,observed,observed,observed,observed,missing,0.94616428,0.6206896551724138,,0.5285714285714286,0.0,,,,,,1.0,0.5,0.5,0.5,1.0,1.0,0.8099500118014923,1.0,0.6506024096385542,,0.5737704918032787,0.0,,,,,,1.0,1.0,1.0,1.0,1.0,1.0,0.7397800708622191,0.6206896551724138,0.4461738134576403,,0.7,0.28926072021887567,0.16996331404132586,0.05534998959250826,0.7812952608324617,0.32764400972691116,0.35499950681738873,0.30066200352016803,0.6968354237088763,0.7,,,
WSM,2013,71.0,,0.06218239,61,,0.207,,,,7,1,0,0,1,1,0.0,1.0,20,,observed,imputed,observed,observed,imputed,missing,missing,missing,observed,observed,observed,observed,observed,observed,observed,missing,0.93781761,0.6666666666666666,,0.5571428571428572,0.0,,,,,,1.0,0.0,0.0,0.0,1.0,0.0,0.7680248520995981,1.0,0.6547619047619048,,0.4897959183673469,0.0,,,,,,1.0,0.0,0.0,0.0,1.0,0.0,0.7198353424362354,0.6666666666666666,0.44172256974748514,,0.2,0.31068744023508865,0.17159031030026156,0.05534998959250826,0.15117040407034077,0.351913936373349,0.35137796633398,0.30066200352016803,0.13396155686684127,0.2,,,
YEM,2010,43.0,,0.05159329,44,,0.407,,,2.0,1,1,1,0,0,2,0.0,1.0,20,,imputed,imputed,observed,observed,imputed,missing,missing,carried_forward,observed,observed,observed,observed,observed,observed,observed,missing,0.94840671,0.3448275862068966,,0.3142857142857143,0.0,,,,,1.0,0.0,0.0,0.5,0.0,0.0,0.5,0.8212136937094051,1.0,0.2,,0.3548387096774194,0.0,,,,,0.0,0.0,0.0,0.5,0.0,0.0,0.5,0.7820785235632117,0.3448275862068966,0.37849980266503974,0.5,0.2,0.1607004001215976,0.1310175533963449,0.028286299363680645,0.2463000918174436,0.18202444984828398,0.3014710764542212,0.17855662167362427,0.2571411577378928,0.2,0.33800016701806845,0.33800016701806845,0.533439575044246
YEM,2013,43.0,,0.04960832,44,,0.406,,,2.0,1,1,1,0,0,2,0.0,1.0,20,,observed,imputed,observed,observed,imputed,missing,missing,carried_forward,observed,observed,observed,observed,observed,observed,observed,missing,0.95039168,0.3448275862068966,,0.3142857142857143,0.0,,,,,1.0,0.0,0.0,0.5,0.0,0.0,0.5,0.8311841590870309,1.0,0.32142857142857145,,0.14285714285714285,0.0,,,,,0.0,0.0,0.0,0.5,0.0,0.0,0.5,0.8124979273733948,0.3448275862068966,0.38182329112424834,0.5,0.2,0.1607004001215976,0.1318970554006365,0.028286299363680645,0.2463000918174436,0.18202444984828398,0.3041247142858498,0.17855662167362427,0.2571411577378928,0.2,0.3387397047888523,0.3387397047888523,0.5348393038044904
YEM,2022,43.0,,0.06186667,45,,0.338,,,2.0,1,1,1,0,0,2,0.0,1.0,20,,imputed,imputed,observed,observed,imputed,missing,missing,carried_forward,observed,observed,observed,observed,observed,observed,observed,missing,0.93813333,0.3448275862068966,,0.32857142857142857,0.0,,,,,1.0,0.0,0.0,0.5,0.0,0.0,0.5,0.7696107074671977,1.0,0.13636363636363635,,0.24193548387096775,0.0,,,,,1.0,0.0,0.0,0.5,0.0,0.0,0.5,0.7207458527904465,0.3448275862068966,0.36606071201287543,0.5,0.2,0.1607004001215976,0.1291282389877044,0.028286299363680645,0.2463000918174436,0.18202444984828398,0.2915053667491312,0.17855662167362427,0.2571411577378928,0.2,0.33518824574682754,0.33518824574682754,0.5557510370973711
ZAF,2013,76.0,47.5,0.08103223,65,,0.639,,,,1,2,2,0,0,2,0.0,1.0,100,,observed,imputed,observed,observed,imputed,missing,missing,missing,observed,observed,observed,observed,observed,observed,observed,missing,0.91896777,0.7241379310344828,0.5232558139534883,0.6142857142857143,1.0,,,,,,0.0,0.5,1.0,0.0,0.0,0.5,0.6733424754925018,1.0,0.7142857142857143,0.4372549019607843,0.5714285714285714,1.0,,,,,,0.0,1.0,1.0,0.0,0.0,0.5,0.5809244806347768,0.6236968724939855,0.762542729926072,,0.4,0.6168731400708376,0.49421235523496737,0.0,0.28940648033474775,0.6292956388594076,0.5838861914798498,0.0,0.45581995865416014,0.4,,,
ZAF,2019,70.0,47.5,0.08246526,67,,0.622,,,,1,1,1,0,0,2,0.0,1.0,100,,observed,observed,observed,observed,imputed,missing,missing,missing,observed,observed,observed,observed,observed,observed,observed,missing,0.91753474,0.6551724137931034,0.5232558139534883,0.6428571428571429,1.0,,,,,,0.0,0.0,0.5,0.0,0.0,0.5,0.6661443939093551,1.0,0.5735294117647058,0.5077186963979416,0.65,1.0,,,,,,0.0,0.0,0.5,0.0,0.0,0.5,0.5815027208852561,0.5892141138732958,0.7696671789221661,,0.2,0.5847330600465181,0.498902652318072,0.0,0.2463000918174436,0.5928907488897508,0.5895072575135474,0.0,0.2571411577378928,0.2,,,
ZAF,2021,68.0,45.8,0.08674328,72,,0.624,2.0,,,1,1,1,1,0,3,0.0,1.0,100,,observed,observed,observed,observed,imputed,carried_forward,missing,missing,observed,observed,observed,observed,observed,observed,observed,missing,0.91325672,0.632183908045977,0.495016611295681,0.7142857142857143,1.0,,,1.0,,,0.0,0.0,0.5,0.5,0.0,1.0,0.644655983356656,1.0,0.6,0.4974958263772954,0.6825396825396826,1.0,,,1.0,,,0.0,0.0,0.5,0.5,0.0,1.0,0.6704366015098615,0.5636002596708289,0.7863138992141234,0.5,0.4,0.5589408457626553,0.5103202567308596,0.6400800281806298,0.6276085012649691,0.5674232363569249,0.6026302061981395,0.27207333325018224,0.49148157841267115,0.4,0.545631309574153,0.545631309574153,0.7374902743791323
ZMB,2017,64.0,26.5,0.04781562,55,,0.382,,2.0,,7,1,1,0,0,2,0.0,1.0,100,,observed,imputed,observed,observed,imputed,missing,carried_forward,missing,observed,observed,observed,observed,observed,observed,observed,missing,0.95218438,0.5862068965517241,0.1744186046511628,0.4714285714285714,1.0,,,,1.0,,1.0,0.0,0.5,0.0,0.0,0.5,0.8401888560257609,1.0,0.5,0.1475128644939966,0.4576271186440678,1.0,,,,0.0,,1.0,0.0,1.0,0.0,0.0,0.5,0.8360300012570361,0.38031275060144343,0.7705391424847775,1.0,0.2,0.36632478014521014,0.4823037703593631,0.3316336724556896,0.2463000918174436,0.39178966280141986,0.5906081583612713,0.5493700451477159,0.2571411577378928,0.2,0.49202978861812674,0.49202978861812674,0.7554055658803861
ZMB,2021,56.0,26.5,0.06639514,56,,0.358,,2.0,,7,1,1,0,0,2,0.0,1.0,100,,observed,observed,observed,observed,imputed,missing,carried_forward,missing,observed,observed,observed,observed,observed,observed,observed,missing,0.93360486,0.4942528735632184,0.1744186046511628,0.4857142857142857,1.0,,,,1.0,,1.0,0.0,0.5,0.0,0.0,0.5,0.7468642914767205,1.0,0.45,0.17529215358931552,0.42857142857142855,1.0,,,,0.0,,1.0,0.0,0.5,0.0,0.0,0.5,0.7767323507330217,0.3343357391071906,0.7441928590636687,1.0,0.2,0.3234713401127841,0.47673416517659156,0.3316336724556896,0.2463000918174436,0.34324980950854417,0.5695382569863808,0.5493700451477159,0.2571411577378928,0.2,0.47230720892782935,0.47230720892782935,0.7373088777217452
ZWE,2011,48.0,32.4,0.08082884,43,0.625,0.331,,,,1,1,1,1,0,3,0.0,1.0,100,,observed,imputed,observed,observed,imputed,missing,missing,missing,observed,observed,observed,observed,observed,observed,observed,missing,0.91917116,0.40229885057471265,0.27242524916943517,0.3,1.0,,0.625,,,,0.0,0.0,0.5,0.5,0.0,1.0,0.6743640994732952,1.0,0.42168674698795183,0.07983193277310918,0.3114754098360656,1.0,,0.625,,,,0.0,0.0,1.0,1.0,0.0,1.0,0.5541333532140575,0.3373620498720739,0.6498410248683237,,0.4,0.33295039433151197,0.688901113682288,0.0,0.6276085012649691,0.3409817446490102,0.6433946030592175,0.0,0.49148157841267115,0.4,,,
ZWE,2018,55.0,32.4,0.04655271,54,0.625,0.359,,,,1,1,0,1,0,3,0.0,1.0,100,,observed,imputed,observed,observed,observed,missing,missing,missing,observed,observed,observed,observed,observed,observed,observed,missing,0.95344729,0.4827586206896552,0.27242524916943517,0.45714285714285713,1.0,,0.625,,,,0.0,0.0,0.0,0.5,0.0,1.0,0.8465324281855701,1.0,0.3918918918918919,0.16252390057361377,0.38596491228070173,1.0,,0.625,,,,0.0,0.0,0.0,1.0,0.0,1.0,0.8484345934911652,0.3775919349295452,0.7321688213321068,,0.3,0.37044715435988473,0.7333770552354555,0.0,0.5870184682448168,0.3834541162802765,0.7306697662390337,0.0,0.3641950659257678,0.3,,,
ZWE,2021,59.0,32.4,0.02785717,57,0.7,0.359,,,2.0,1,1,1,0,0,2,0.0,1.0,100,,observed,observed,observed,observed,observed,missing,missing,carried_forward,observed,observed,observed,observed,observed,observed,observed,missing,0.97214283,0.5287356321839081,0.27242524916943517,0.5,1.0,,0.7,,,1.0,0.0,0.0,0.5,0.0,0.0,0.5,0.9404397589190426,1.0,0.4875,0.2737896494156928,0.4444444444444444,1.0,,0.7,,,1.0,0.0,0.0,0.5,0.0,0.0,0.5,0.9780491489607556,0.40058044067667165,0.7851099397297607,0.5,0.2,0.3918738743760978,0.7800297171964476,0.028286299363680645,0.2463000918174436,0.40772404292671427,0.7840254415465215,0.17855662167362427,0.2571411577378928,0.2,0.42111921100494687,0.42111921100494687,0.6663178364543253
