ISO,year,e_spar,ghs_index,disaster_risk,hexp_gdp,uhc_index,wpi_val,health_policy,national_plan,national_strategy,recognition,participation_event_it,decision_event_it,leadership_event_it,admin_event_it,role_type_it,Exclusion,NoExclusion,efforts_A,efforts_B,e_spar_flag,ghs_index_flag,disaster_risk_flag,hexp_gdp_flag,uhc_index_flag,health_policy_flag,national_plan_flag,national_strategy_flag,recognition_flag,participation_event_it_flag,decision_event_it_flag,leadership_event_it_flag,admin_event_it_flag,role_type_it_flag,efforts_A_flag,efforts_B_flag
AFG,2012,25.0,,0.07897169,37,,0.354,,,,1,1,0,1,0,3,0.0,1.0,20,,observed,missing,observed,observed,missing,missing,missing,missing,observed,observed,observed,observed,observed,observed,observed,missing
AFG,2014,46.0,,0.09528878,38,,0.346,,,,1,1,1,0,0,2,0.0,1.0,20,,observed,missing,observed,observed,missing,missing,missing,missing,observed,observed,observed,observed,observed,observed,observed,missing
AFG,2015,42.0,,0.10105348,38,,0.341,,,,1,1,0,1,0,3,0.0,1.0,20,,observed,missing,observed,observed,missing,missing,missing,missing,observed,observed,observed,observed,observed,observed,observed,missing
AFG,2018,35.0,,0.14208419,42,0.3,0.336,,,,1,1,1,1,0,3,0.0,1.0,20,,observed,missing,observed,observed,observed,missing,missing,missing,observed,observed,observed,observed,observed,observed,observed,missing
AFG,2019,43.0,27.9,0.1483132,42,0.725,0.339,,,,1,1,1,1,0,3,0.0,1.0,20,,observed,observed,observed,observed,observed,missing,missing,missing,observed,observed,observed,observed,observed,observed,observed,missing
AFG,2020,47.0,,0.15533614,42,,0.341,,,,1,1,1,1,0,3,0.0,1.0,20,,observed,missing,observed,observed,missing,missing,missing,missing,observed,observed,observed,observed,observed,observed,observed,missing
AFG,2021,41.0,28.8,0.21508461,42,,0.33,,,,1,1,1,0,0,2,0.0,1.0,20,,observed,observed,observed,observed,missing,missing,missing,missing,observed,observed,observed,observed,observed,observed,observed,missing
AGO,2013,41.0,,0.02732827,37,,0.512,,,,1,1,0,1,0,3,0.0,1.0,80,,observed,missing,observed,observed,missing,missing,missing,missing,observed,observed,observed,observed,observed,observed,observed,missing
AGO,2014,18.0,,0.02434129,37,,0.514,,,,1,1,1,0,0,2,0.0,1.0,80,,observed,missing,observed,observed,missing,missing,missing,missing,observed,observed,observed,observed,observed,observed,observed,missing
AGO,2019,63.0,25.2,0.02475188,45,,0.462,2.0,,,1,1,1,1,0,3,0.0,1.0,80,,observed,observed,observed,observed,missing,observed,missing,missing,observed,observed,observed,observed,observed,observed,observed,missing
AGO,2022,,,0.02927376,45,,0.423,2.0,,,1,1,1,0,0,2,0.0,1.0,80,,missing,missing,observed,observed,missing,observed,missing,missing,observed,observed,observed,observed,observed,observed,observed,missing
ALB,2011,,,0.06182977,59,,0.388,,,,1,1,1,0,0,2,0.0,1.0,20,,missing,missing,observed,observed,missing,missing,missing,missing,observed,observed,observed,observed,observed,observed,observed,missing
ALB,2013,,,0.06282863,61,,0.392,,,,1,1,1,0,0,2,0.0,1.0,20,,missing,missing,observed,observed,missing,missing,missing,missing,observed,observed,observed,observed,observed,observed,observed,missing
AND,2013,20.0,,0.06799642,69,,,,,,1,1,1,0,0,2,0.0,1.0,20,,observed,missing,observed,observed,missing,missing,missing,missing,observed,observed,observed,observed,observed,observed,observed,missing
AND,2021,,34.7,0.08334507,74,,,2.0,,,1,1,1,0,0,2,0.0,1.0,20,,missing,observed,observed,observed,missing,observed,missing,missing,observed,observed,observed,observed,observed,observed,observed,missing
ARE,2013,88.0,,0.03502222,79,,0.685,,,,4,1,0,0,1,1,0.0,1.0,20,,observed,missing,observed,observed,missing,missing,missing,missing,observed,observed,observed,observed,observed,observed,observed,missing
ARE,2019,96.0,40.1,0.04402913,84,0.275,0.703,,,1.0,4,2,1,1,0,3,0.0,1.0,20,,observed,observed,observed,observed,observed,missing,missing,observed,observed,observed,observed,observed,observed,observed,observed,missing
ARG,2013,75.0,,0.09780979,80,,0.669,2.0,,,3,2,1,0,1,2,0.0,1.0,80,,observed,missing,observed,observed,missing,observed,missing,missing,observed,observed,observed,observed,observed,observed,observed,missing
ARG,2016,76.0,,0.09855589,81,0.0,0.671,2.0,,,3,1,1,0,0,2,0.0,1.0,80,,observed,missing,observed,observed,observed,observed,missing,missing,observed,observed,observed,observed,observed,observed,observed,missing
ARG,2018,64.0,,0.10291469,79,0.75,0.662,2.0,,,3,1,1,0,0,2,0.0,1.0,80,,observed,missing,observed,observed,observed,observed,missing,missing,observed,observed,observed,observed,observed,observed,observed,missing
ARG,2019,61.0,56.1,0.10155511,79,,0.651,2.0,,,3,1,1,0,0,2,0.0,1.0,80,,observed,observed,observed,observed,missing,observed,missing,missing,observed,observed,observed,observed,observed,observed,observed,missing
ARG,2020,64.0,,0.10450306,79,,0.634,2.0,,,3,1,1,0,0,2,0.0,1.0,80,,observed,missing,observed,observed,missing,observed,missing,missing,observed,observed,observed,observed,observed,observed,observed,missing
ARM,2010,,,0.09235383,65,,0.393,,,,1,1,1,0,0,2,0.0,1.0,20,,missing,missing,observed,observed,missing,missing,missing,missing,observed,observed,observed,observed,observed,observed,observed,missing
ARM,2016,,,0.09951949,71,,0.388,,,,1,1,0,1,0,3,0.0,1.0,20,,missing,missing,observed,observed,missing,missing,missing,missing,observed,observed,observed,observed,observed,observed,observed,missing
ARM,2022,,,0.09962129,71,1.0,0.402,2.0,,2.0,1,1,1,0,0,2,0.0,1.0,20,,missing,missing,observed,observed,observed,observed,missing,observed,observed,observed,observed,observed,observed,observed,observed,missing
ATG,2016,81.0,,0.05121902,83,,0.305,2.0,,,4,1,1,0,0,2,0.0,1.0,20,,observed,missing,observed,observed,missing,observed,missing,missing,observed,observed,observed,observed,observed,observed,observed,missing
ATG,2017,71.0,,0.04874939,82,,0.286,2.0,,,4,1,1,1,0,3,0.0,1.0,20,,observed,missing,observed,observed,missing,observed,missing,missing,observed,observed,observed,observed,observed,observed,observed,missing
AUS,2012,99.0,,0.08669226,89,,0.803,,,,4,1,1,0,0,2,0.0,1.0,20,,observed,missing,observed,observed,missing,missing,missing,missing,observed,observed,observed,observed,observed,observed,observed,missing
AUS,2016,100.0,,0.10089729,89,0.2,0.786,,,,4,1,1,1,0,3,0.0,1.0,20,,observed,missing,observed,observed,observed,missing,missing,missing,observed,observed,observed,observed,observed,observed,observed,missing
AUS,2018,90.0,,0.10051631,89,0.625,0.785,,,,4,1,1,0,0,2,0.0,1.0,20,,observed,missing,observed,observed,observed,missing,missing,missing,observed,observed,observed,observed,observed,observed,observed,missing
AUS,2020,92.0,,0.10660401,89,0.7,0.784,,,,4,1,1,1,0,3,0.0,1.0,20,,observed,missing,observed,observed,observed,missing,missing,missing,observed,observed,observed,observed,observed,observed,observed,missing
AUS,2021,88.0,71.1,0.10425253,89,0.7,0.788,,,,4,1,1,0,0,2,0.0,1.0,20,,observed,observed,observed,observed,observed,missing,missing,missing,observed,observed,observed,observed,observed,observed,observed,missing
AUS,2023,,,,89,,,2.0,,,4,1,1,0,0,2,0.0,1.0,20,20.0,missing,missing,missing,observed,missing,observed,missing,missing,observed,observed,observed,observed,observed,observed,observed,observed
AUT,2014,91.0,,0.10368092,83,,0.71,,,,4,1,1,1,0,3,0.0,1.0,20,,observed,missing,observed,observed,missing,missing,missing,missing,observed,observed,observed,observed,observed,observed,observed,missing
AUT,2019,67.0,57.4,0.10487536,82,,0.705,1.0,,,4,1,1,0,0,2,0.0,1.0,20,,observed,observed,observed,observed,missing,observed,missing,missing,observed,observed,observed,observed,observed,observed,observed,missing
AZE,2012,,,0.03156821,62,,0.507,,,,1,1,1,0,0,2,0.0,1.0,60,,missing,missing,observed,observed,missing,missing,missing,missing,observed,observed,observed,observed,observed,observed,observed,missing
BDI,2015,56.0,,0.06290226,49,0.625,0.201,,,,1,1,1,0,0,2,0.0,1.0,80,,observed,missing,observed,observed,observed,missing,missing,missing,observed,observed,observed,observed,observed,observed,observed,missing
BDI,2016,62.0,,0.07061482,47,0.625,0.196,,2.0,,1,1,1,0,0,2,0.0,1.0,80,,observed,missing,observed,observed,observed,missing,observed,missing,observed,observed,observed,observed,observed,observed,observed,missing
BDI,2021,38.0,22.1,0.08994843,45,0.775,0.198,2.0,2.0,1.0,1,1,1,0,0,2,0.0,1.0,80,,observed,observed,observed,observed,observed,observed,observed,observed,observed,observed,observed,observed,observed,observed,observed,missing
BEL,2012,82.0,,0.10502501,85,,0.722,,,,1,1,1,0,0,2,0.0,1.0,20,,observed,missing,observed,observed,missing,missing,missing,missing,observed,observed,observed,observed,observed,observed,observed,missing
BEN,2014,44.0,,0.0269112,30,,0.315,,,,1,1,1,0,0,2,0.0,1.0,40,,observed,missing,observed,observed,missing,missing,missing,missing,observed,observed,observed,observed,observed,observed,observed,missing
BEN,2016,28.0,,0.02795496,26,0.1,0.303,,,,1,1,1,0,0,2,0.0,1.0,40,,observed,missing,observed,observed,observed,missing,missing,missing,observed,observed,observed,observed,observed,observed,observed,missing
BEN,2017,30.0,,0.02668138,33,0.175,0.31,,,,1,1,1,0,0,2,0.0,1.0,40,,observed,missing,observed,observed,observed,missing,missing,missing,observed,observed,observed,observed,observed,observed,observed,missing
BEN,2021,39.0,25.4,0.02581295,37,,0.327,2.0,2.0,,1,1,0,1,0,3,0.0,1.0,40,,observed,observed,observed,observed,missing,observed,observed,missing,observed,observed,observed,observed,observed,observed,observed,missing
BEN,2022,,,0.02679814,35,,0.329,2.0,2.0,,1,1,1,0,0,2,0.0,1.0,40,,missing,missing,observed,observed,missing,observed,observed,missing,observed,observed,observed,observed,observed,observed,observed,missing
BFA,2010,,,0.05239583,32,,0.325,,,,1,1,1,0,0,2,0.0,1.0,60,,missing,missing,observed,observed,missing,missing,missing,missing,observed,observed,observed,observed,observed,observed,observed,missing
BFA,2015,,,0.05131924,39,0.25,0.318,,,,1,1,1,0,0,2,0.0,1.0,60,,missing,missing,observed,observed,observed,missing,missing,missing,observed,observed,observed,observed,observed,observed,observed,missing
BFA,2018,29.0,,0.04999539,39,0.525,0.333,,,,1,1,1,1,0,3,0.0,1.0,60,,observed,missing,observed,observed,observed,missing,missing,missing,observed,observed,observed,observed,observed,observed,observed,missing
BFA,2019,44.0,34.4,0.05368027,40,0.525,0.332,,,,1,1,1,0,0,2,0.0,1.0,60,,observed,observed,observed,observed,observed,missing,missing,missing,observed,observed,observed,observed,observed,observed,observed,missing
BFA,2022,,,0.0677182,48,,0.344,2.0,,,1,1,1,0,0,2,0.0,1.0,60,,missing,missing,observed,observed,missing,observed,missing,missing,observed,observed,observed,observed,observed,observed,observed,missing
BGD,2019,67.0,35.4,0.02257622,50,0.925,0.508,,,,1,1,1,0,0,2,0.0,1.0,60,,observed,observed,observed,observed,observed,missing,missing,missing,observed,observed,observed,observed,observed,observed,observed,missing
BGD,2021,68.0,35.5,0.02365513,52,0.0,0.524,2.0,,,1,2,2,2,0,3,0.0,1.0,60,,observed,observed,observed,observed,observed,observed,missing,missing,observed,observed,observed,observed,observed,observed,observed,missing
BGR,2018,64.0,,0.0733192,71,0.9,0.537,,,,1,1,1,0,0,2,0.0,1.0,20,,observed,missing,observed,observed,observed,missing,missing,missing,observed,observed,observed,observed,observed,observed,observed,missing
BGR,2021,72.0,59.9,0.08618928,72,0.9,0.553,,,,1,1,1,1,0,3,0.0,1.0,20,,observed,observed,observed,observed,observed,missing,missing,missing,observed,observed,observed,observed,observed,observed,observed,missing
BGR,2022,,,0.07663575,73,0.05,0.553,,,,1,1,0,1,0,3,0.0,1.0,20,,missing,missing,observed,observed,observed,missing,missing,missing,observed,observed,observed,observed,observed,observed,observed,missing
BHR,2014,92.0,,0.04412403,79,,0.513,,,,1,2,0,1,1,3,0.0,1.0,20,,observed,missing,observed,observed,missing,missing,missing,missing,observed,observed,observed,observed,observed,observed,observed,missing
BHR,2016,96.0,,0.04860512,78,,0.508,2.0,,,1,1,1,0,0,2,0.0,1.0,20,,observed,missing,observed,observed,missing,observed,missing,missing,observed,observed,observed,observed,observed,observed,observed,missing
BHR,2023,,,,78,,,2.0,,,1,1,1,1,0,3,0.0,1.0,20,20.0,missing,missing,missing,observed,missing,observed,missing,missing,observed,observed,observed,observed,observed,observed,observed,observed
BHS,2012,,,0.05319092,80,,0.385,2.0,,,4,1,1,0,0,2,0.0,1.0,80,,missing,missing,observed,observed,missing,observed,missing,missing,observed,observed,observed,observed,observed,observed,observed,missing
BHS,2019,62.0,29.6,0.05868006,80,,0.407,2.0,,,4,1,1,0,0,2,0.0,1.0,80,,observed,observed,observed,observed,missing,observed,missing,missing,observed,observed,observed,observed,observed,observed,observed,missing
BHS,2020,65.0,,0.07593031,81,,0.391,2.0,,,4,1,0,1,0,3,0.0,1.0,80,,observed,missing,observed,observed,missing,observed,missing,missing,observed,observed,observed,observed,observed,observed,observed,missing
BLR,2021,94.0,43.9,0.065655,80,0.8,0.509,2.0,,,1,1,1,0,0,2,0.0,1.0,20,,observed,observed,observed,observed,observed,observed,missing,missing,observed,observed,observed,observed,observed,observed,observed,missing
BRA,2013,89.0,,0.07976602,81,,0.755,,,,1,1,1,0,0,2,0.0,1.0,80,,observed,missing,observed,observed,missing,missing,missing,missing,observed,observed,observed,observed,observed,observed,observed,missing
BRA,2017,96.0,,0.09471251,83,,0.736,,,,1,1,1,0,0,2,0.0,1.0,80,,observed,missing,observed,observed,missing,missing,missing,missing,observed,observed,observed,observed,observed,observed,observed,missing
BRA,2022,,,0.09142775,83,,0.713,,,,1,1,1,0,0,2,0.0,1.0,80,,missing,missing,observed,observed,missing,missing,missing,missing,observed,observed,observed,observed,observed,observed,observed,missing
BRB,2010,,,0.06770947,79,,0.374,,,,4,1,1,0,0,2,0.0,1.0,100,,missing,missing,observed,observed,missing,missing,missing,missing,observed,observed,observed,observed,observed,observed,observed,missing
BRB,2015,90.0,,0.06818275,83,,0.338,,,,4,1,0,1,0,3,0.0,1.0,100,,observed,missing,observed,observed,missing,missing,missing,missing,observed,observed,observed,observed,observed,observed,observed,missing
BRB,2018,,,0.06439439,82,0.975,0.334,,,,4,1,1,0,0,2,0.0,1.0,100,,missing,missing,observed,observed,observed,missing,missing,missing,observed,observed,observed,observed,observed,observed,observed,missing
BRB,2021,,34.9,0.0793866,81,,0.337,,,,4,1,1,1,0,3,0.0,1.0,100,,missing,observed,observed,observed,missing,missing,missing,missing,observed,observed,observed,observed,observed,observed,observed,missing
BRB,2023,,,,82,,,,,,4,1,1,0,0,2,0.0,1.0,100,100.0,missing,missing,missing,observed,missing,missing,missing,missing,observed,observed,observed,observed,observed,observed,observed,observed
BRN,2023,,,,84,,,2.0,,,7,1,1,1,0,3,0.0,1.0,100,100.0,missing,missing,missing,observed,missing,observed,missing,missing,observed,observed,observed,observed,observed,observed,observed,observed
BTN,2011,50.0,,0.03083106,58,,0.264,,2.0,,1,1,1,1,0,3,0.0,1.0,40,,observed,missing,observed,observed,missing,missing,observed,missing,observed,observed,observed,observed,observed,observed,observed,missing
BTN,2012,,,0.03320876,58,,0.265,,2.0,,1,1,1,1,0,3,0.0,1.0,40,,missing,missing,observed,observed,missing,missing,observed,missing,observed,observed,observed,observed,observed,observed,observed,missing
BTN,2016,76.0,,0.03327101,65,,0.273,,2.0,,1,1,1,0,0,2,0.0,1.0,40,,observed,missing,observed,observed,missing,missing,observed,missing,observed,observed,observed,observed,observed,observed,observed,missing
BTN,2019,59.0,40.8,0.03375112,66,,0.277,2.0,2.0,,1,1,0,1,0,3,0.0,1.0,40,,observed,observed,observed,observed,missing,observed,observed,missing,observed,observed,observed,observed,observed,observed,observed,missing
BTN,2020,71.0,,0.04084515,69,,0.278,2.0,2.0,,1,1,1,1,0,3,0.0,1.0,40,,observed,missing,observed,observed,missing,observed,observed,missing,observed,observed,observed,observed,observed,observed,observed,missing
BTN,2021,52.0,39.8,0.03072905,68,,0.276,2.0,2.0,,1,1,0,1,0,3,0.0,1.0,40,,observed,observed,observed,observed,missing,observed,observed,missing,observed,observed,observed,observed,observed,observed,observed,missing
BTN,2023,,,,69,,,2.0,2.0,,1,2,0,1,1,3,0.0,1.0,40,40.0,missing,missing,missing,observed,missing,observed,observed,missing,observed,observed,observed,observed,observed,observed,observed,observed
BWA,2011,,,0.0586915,56,,0.429,2.0,2.0,,7,1,1,0,0,2,0.0,1.0,40,,missing,missing,observed,observed,missing,observed,observed,missing,observed,observed,observed,observed,observed,observed,observed,missing
BWA,2015,56.0,,0.06102878,60,,0.425,2.0,2.0,,7,1,1,1,0,3,0.0,1.0,40,,observed,missing,observed,observed,missing,observed,observed,missing,observed,observed,observed,observed,observed,observed,observed,missing
BWA,2018,26.0,,0.06040103,57,0.525,0.432,2.0,2.0,,7,1,1,0,0,2,0.0,1.0,40,,observed,missing,observed,observed,observed,observed,observed,missing,observed,observed,observed,observed,observed,observed,observed,missing
BWA,2020,43.0,,0.0612134,61,,0.425,2.0,2.0,,7,1,1,0,0,2,0.0,1.0,40,,observed,missing,observed,observed,missing,observed,observed,missing,observed,observed,observed,observed,observed,observed,observed,missing
CAF,2016,29.0,,0.05444023,32,,0.168,,,,1,1,1,0,0,2,0.0,1.0,100,,observed,missing,observed,observed,missing,missing,missing,missing,observed,observed,observed,observed,observed,observed,observed,missing
CAN,2012,98.0,,0.10544606,90,,0.815,,,,5,1,1,1,0,3,0.0,1.0,20,,observed,missing,observed,observed,missing,missing,missing,missing,observed,observed,observed,observed,observed,observed,observed,missing
CAN,2015,99.0,,0.10768502,91,,0.801,,,,5,1,1,0,0,2,0.0,1.0,20,,observed,missing,observed,observed,missing,missing,missing,missing,observed,observed,observed,observed,observed,observed,observed,missing
CAN,2020,100.0,,0.13024195,92,,0.795,,,,5,1,1,1,0,3,0.0,1.0,20,,observed,missing,observed,observed,missing,missing,missing,missing,observed,observed,observed,observed,observed,observed,observed,missing
CAN,2021,97.0,69.8,0.12419209,92,0.95,0.801,,,,5,1,1,0,0,2,0.0,1.0,20,,observed,observed,observed,observed,observed,missing,missing,missing,observed,observed,observed,observed,observed,observed,observed,missing
CAN,2022,,,0.11234325,92,,0.802,2.0,,,5,1,1,0,0,2,0.0,1.0,20,,missing,missing,observed,observed,missing,observed,missing,missing,observed,observed,observed,observed,observed,observed,observed,missing
CHE,2011,86.0,,0.10119406,84,,0.753,,,,1,1,1,0,0,2,0.0,1.0,20,,observed,missing,observed,observed,missing,missing,missing,missing,observed,observed,observed,observed,observed,observed,observed,missing
CHE,2012,85.0,,0.1034785,85,,0.754,,,,1,1,0,0,1,1,0.0,1.0,20,,observed,missing,observed,observed,missing,missing,missing,missing,observed,observed,observed,observed,observed,observed,observed,missing
CHE,2014,91.0,,0.10699674,85,,0.753,,,,1,1,0,0,1,1,0.0,1.0,20,,observed,missing,observed,observed,missing,missing,missing,missing,observed,observed,observed,observed,observed,observed,observed,missing
CHE,2015,91.0,,0.11004446,86,,0.753,,,,1,1,0,0,1,1,0.0,1.0,20,,observed,missing,observed,observed,missing,missing,missing,missing,observed,observed,observed,observed,observed,observed,observed,missing
CHE,2023,,,,87,,,2.0,,,1,1,1,0,0,2,0.0,1.0,20,20.0,missing,missing,missing,observed,missing,observed,missing,missing,observed,observed,observed,observed,observed,observed,observed,observed
CHL,2010,,,0.06819584,73,,0.614,,,,1,1,1,0,0,2,0.0,1.0,80,,missing,missing,observed,observed,missing,missing,missing,missing,observed,observed,observed,observed,observed,observed,observed,missing
CHL,2011,87.0,,0.06799475,75,,0.622,,,,1,1,1,1,0,3,0.0,1.0,80,,observed,missing,observed,observed,missing,missing,missing,missing,observed,observed,observed,observed,observed,observed,observed,missing
CHL,2013,73.0,,0.07475527,76,,0.627,,,,1,1,1,0,0,2,0.0,1.0,80,,observed,missing,observed,observed,missing,missing,missing,missing,observed,observed,observed,observed,observed,observed,observed,missing
CHL,2015,74.0,,0.08351394,79,0.5,0.624,,,,1,1,1,1,0,3,0.0,1.0,80,,observed,missing,observed,observed,observed,missing,missing,missing,observed,observed,observed,observed,observed,observed,observed,missing
CHL,2018,74.0,,0.09150404,81,0.5,0.626,,,,1,1,1,0,0,2,0.0,1.0,80,,observed,missing,observed,observed,observed,missing,missing,missing,observed,observed,observed,observed,observed,observed,observed,missing
CHL,2021,73.0,56.2,0.09685933,82,0.9,0.628,,,,1,1,1,0,0,2,0.0,1.0,80,,observed,observed,observed,observed,observed,missing,missing,missing,observed,observed,observed,observed,observed,observed,observed,missing
CHN,2010,,,0.04230683,73,,0.804,,,,4,2,2,0,0,2,0.0,1.0,20,,missing,missing,observed,observed,missing,missing,missing,missing,observed,observed,observed,observed,observed,observed,observed,missing
CHN,2011,89.0,,0.04342744,74,,0.816,,,,4,1,1,0,0,2,0.0,1.0,20,,observed,missing,observed,observed,missing,missing,missing,missing,observed,observed,observed,observed,observed,observed,observed,missing
CHN,2012,86.0,,0.04565848,75,,0.822,,,,4,1,1,0,0,2,0.0,1.0,20,,observed,missing,observed,observed,missing,missing,missing,missing,observed,observed,observed,observed,observed,observed,observed,missing
CHN,2013,94.0,,0.04714907,77,,0.83,,,,4,1,1,0,0,2,0.0,1.0,20,,observed,missing,observed,observed,missing,missing,missing,missing,observed,observed,observed,observed,observed,observed,observed,missing
CHN,2014,98.0,,0.04777906,78,,0.836,,,,4,2,2,0,0,2,0.0,1.0,20,,observed,missing,observed,observed,missing,missing,missing,missing,observed,observed,observed,observed,observed,observed,observed,missing
CHN,2015,99.0,,0.0493828,79,,0.84,,,,4,1,0,1,0,3,0.0,1.0,20,,observed,missing,observed,observed,missing,missing,missing,missing,observed,observed,observed,observed,observed,observed,observed,missing
CHN,2016,98.0,,0.04979556,80,,0.84,,,,4,1,1,0,0,2,0.0,1.0,20,,observed,missing,observed,observed,missing,missing,missing,missing,observed,observed,observed,observed,observed,observed,observed,missing
CHN,2017,100.0,,0.05065922,81,,0.843,,,,4,1,1,0,0,2,0.0,1.0,20,,observed,missing,observed,observed,missing,missing,missing,missing,observed,observed,observed,observed,observed,observed,observed,missing
CHN,2018,94.0,,0.05167905,81,,0.849,,,,4,2,2,0,0,2,0.0,1.0,20,,observed,missing,observed,observed,missing,missing,missing,missing,observed,observed,observed,observed,observed,observed,observed,missing
CHN,2019,93.0,49.0,0.05350278,82,,0.855,,,,4,1,1,0,0,2,0.0,1.0,20,,observed,observed,observed,observed,missing,missing,missing,missing,observed,observed,observed,observed,observed,observed,observed,missing
CHN,2020,94.0,,0.05593597,83,1.0,0.856,,,,4,1,0,1,0,3,0.0,1.0,20,,observed,missing,observed,observed,observed,missing,missing,missing,observed,observed,observed,observed,observed,observed,observed,missing
CHN,2021,94.0,47.5,0.05383605,84,,0.861,,,,4,1,1,0,0,2,0.0,1.0,20,,observed,observed,observed,observed,missing,missing,missing,missing,observed,observed,observed,observed,observed,observed,observed,missing
CHN,2022,,,0.05369487,84,,0.862,1.0,,,4,2,2,0,0,2,0.0,1.0,20,,missing,missing,observed,observed,missing,observed,missing,missing,observed,observed,observed,observed,observed,observed,observed,missing
CHN,2023,,,,85,,,1.0,,,4,1,0,1,0,3,0.0,1.0,20,20.0,missing,missing,missing,observed,missing,observed,missing,missing,observed,observed,observed,observed,observed,observed,observed,observed
CMR,2011,65.0,,0.03852829,44,,0.398,,,,4,1,1,0,0,2,0.0,1.0,80,,observed,missing,observed,observed,missing,missing,missing,missing,observed,observed,observed,observed,observed,observed,observed,missing
CMR,2016,54.0,,0.04022537,47,,0.397,,,,4,1,1,0,0,2,0.0,1.0,80,,observed,missing,observed,observed,missing,missing,missing,missing,observed,observed,observed,observed,observed,observed,observed,missing
CMR,2018,38.0,,0.03619702,45,0.0,0.399,,,,4,1,1,1,0,3,0.0,1.0,80,,observed,missing,observed,observed,observed,missing,missing,missing,observed,observed,observed,observed,observed,observed,observed,missing
CMR,2021,41.0,28.6,0.04305393,43,,0.408,2.0,,2.0,4,1,1,0,0,2,0.0,1.0,80,,observed,observed,observed,observed,missing,observed,missing,observed,observed,observed,observed,observed,observed,observed,observed,missing
CMR,2022,,,0.04478359,47,,0.408,2.0,,2.0,4,1,1,0,0,2,0.0,1.0,80,,missing,missing,observed,observed,missing,observed,missing,observed,observed,observed,observed,observed,observed,observed,observed,missing
CMR,2023,,,,48,,,2.0,,2.0,4,1,1,0,0,2,0.0,1.0,80,80.0,missing,missing,missing,observed,missing,observed,missing,observed,observed,observed,observed,observed,observed,observed,observed,observed
COD,2010,,,0.03722243,33,,0.302,,,,1,1,1,0,0,2,0.0,1.0,100,,missing,missing,observed,observed,missing,missing,missing,missing,observed,observed,observed,observed,observed,observed,observed,missing
COD,2014,69.0,,0.03725206,40,,0.348,,,,1,1,1,0,0,2,0.0,1.0,100,,observed,missing,observed,observed,missing,missing,missing,missing,observed,observed,observed,observed,observed,observed,observed,missing
COD,2019,35.0,26.0,0.03508039,39,,0.363,2.0,,,1,1,1,0,0,2,0.0,1.0,100,,observed,observed,observed,observed,missing,observed,missing,missing,observed,observed,observed,observed,observed,observed,observed,missing
COD,2023,,,,41,,,2.0,,,1,1,1,0,0,2,0.0,1.0,100,100.0,missing,missing,missing,observed,missing,observed,missing,missing,observed,observed,observed,observed,observed,observed,observed,observed
COG,2014,,,0.01973117,42,,0.366,,,,1,1,0,1,0,3,0.0,1.0,40,,missing,missing,observed,observed,missing,missing,missing,missing,observed,observed,observed,observed,observed,observed,observed,missing
COG,2015,,,0.02456685,41,,0.357,,,,1,1,1,0,0,2,0.0,1.0,40,,missing,missing,observed,observed,missing,missing,missing,missing,observed,observed,observed,observed,observed,observed,observed,missing
COG,2019,33.0,23.9,0.02347713,43,,0.335,,2.0,,1,1,1,0,0,2,0.0,1.0,40,,observed,observed,observed,observed,missing,missing,observed,missing,observed,observed,observed,observed,observed,observed,observed,missing
COG,2020,37.0,,0.04017751,44,,0.339,,2.0,,1,1,0,1,0,3,0.0,1.0,40,,observed,missing,observed,observed,missing,missing,observed,missing,observed,observed,observed,observed,observed,observed,observed,missing
COG,2022,,,0.02192245,46,,0.335,,2.0,,1,1,1,0,0,2,0.0,1.0,40,,missing,missing,observed,observed,missing,missing,observed,missing,observed,observed,observed,observed,observed,observed,observed,missing
COK,2011,,,0.03653758,75,,,,,,4,1,1,1,0,3,0.0,1.0,80,,missing,missing,observed,observed,missing,missing,missing,missing,observed,observed,observed,observed,observed,observed,observed,missing
COK,2017,43.0,,0.02452187,72,,,,,,4,1,0,1,0,3,0.0,1.0,80,,observed,missing,observed,observed,missing,missing,missing,missing,observed,observed,observed,observed,observed,observed,observed,missing
COL,2016,89.0,,0.0753117,81,0.65,0.596,,,,1,2,1,0,1,2,0.0,1.0,40,,observed,missing,observed,observed,observed,missing,missing,missing,observed,observed,observed,observed,observed,observed,observed,missing
COL,2017,88.0,,0.07678643,82,0.65,0.595,,,,1,1,0,0,1,1,0.0,1.0,40,,observed,missing,observed,observed,observed,missing,missing,missing,observed,observed,observed,observed,observed,observed,observed,missing
COL,2019,69.0,50.0,0.07779549,81,1.0,0.598,,,,1,1,0,0,1,1,0.0,1.0,40,,observed,observed,observed,observed,observed,missing,missing,missing,observed,observed,observed,observed,observed,observed,observed,missing
COL,2020,75.0,,0.08714321,82,1.0,0.594,,,,1,1,1,0,0,2,0.0,1.0,40,,observed,missing,observed,observed,observed,missing,missing,missing,observed,observed,observed,observed,observed,observed,observed,missing
COM,2015,,,0.04600899,48,,0.149,,,,1,1,1,0,0,2,0.0,1.0,100,,missing,missing,observed,observed,missing,missing,missing,missing,observed,observed,observed,observed,observed,observed,observed,missing
COM,2023,,,,52,,,2.0,,,1,1,1,0,0,2,0.0,1.0,100,100.0,missing,missing,missing,observed,missing,observed,missing,missing,observed,observed,observed,observed,observed,observed,observed,observed
CPV,2010,,,0.04081082,60,,0.261,,,,1,1,1,0,0,2,0.0,1.0,80,,missing,missing,observed,observed,missing,missing,missing,missing,observed,observed,observed,observed,observed,observed,observed,missing
CPV,2014,,,0.04852315,63,,0.255,,,,1,1,1,0,0,2,0.0,1.0,80,,missing,missing,observed,observed,missing,missing,missing,missing,observed,observed,observed,observed,observed,observed,observed,missing
CPV,2017,65.0,,0.04745732,67,,0.25,2.0,,,1,1,0,1,0,3,0.0,1.0,80,,observed,missing,observed,observed,missing,observed,missing,missing,observed,observed,observed,observed,observed,observed,observed,missing
CPV,2023,,,,71,,,2.0,,,1,1,1,0,0,2,0.0,1.0,80,80.0,missing,missing,missing,observed,missing,observed,missing,missing,observed,observed,observed,observed,observed,observed,observed,observed
CRI,2013,89.0,,0.07682293,83,,0.502,,,,3,1,1,1,0,3,0.0,1.0,100,,observed,missing,observed,observed,missing,missing,missing,missing,observed,observed,observed,observed,observed,observed,observed,missing
CUB,2010,,,0.10688083,81,,0.524,,,,1,1,1,0,0,2,0.0,1.0,60,,missing,missing,observed,observed,missing,missing,missing,missing,observed,observed,observed,observed,observed,observed,observed,missing
CUB,2011,92.0,,0.11312986,82,,0.525,,,,1,1,1,0,0,2,0.0,1.0,60,,observed,missing,observed,observed,missing,missing,missing,missing,observed,observed,observed,observed,observed,observed,observed,missing
CUB,2012,99.0,,0.0929941,83,,0.526,,,,1,2,2,0,0,2,0.0,1.0,60,,observed,missing,observed,observed,missing,missing,missing,missing,observed,observed,observed,observed,observed,observed,observed,missing
CUB,2013,99.0,,0.10430995,83,,0.525,,,,1,1,1,0,0,2,0.0,1.0,60,,observed,missing,observed,observed,missing,missing,missing,missing,observed,observed,observed,observed,observed,observed,observed,missing
CUB,2014,96.0,,0.12141219,84,,0.529,,,,1,1,0,1,0,3,0.0,1.0,60,,observed,missing,observed,observed,missing,missing,missing,missing,observed,observed,observed,observed,observed,observed,observed,missing
CUB,2015,99.0,,0.12814043,84,,0.527,,,,1,1,1,0,0,2,0.0,1.0,60,,observed,missing,observed,observed,missing,missing,missing,missing,observed,observed,observed,observed,observed,observed,observed,missing
CUB,2016,99.0,,0.12217696,85,,0.526,,,,1,1,1,0,0,2,0.0,1.0,60,,observed,missing,observed,observed,missing,missing,missing,missing,observed,observed,observed,observed,observed,observed,observed,missing
CUB,2017,99.0,,0.11472015,85,,0.525,,,,1,1,1,0,0,2,0.0,1.0,60,,observed,missing,observed,observed,missing,missing,missing,missing,observed,observed,observed,observed,observed,observed,observed,missing
CUB,2018,100.0,,0.11018425,85,,0.528,,,,1,1,1,0,0,2,0.0,1.0,60,,observed,missing,observed,observed,missing,missing,missing,missing,observed,observed,observed,observed,observed,observed,observed,missing
CUB,2019,78.0,32.3,0.11085011,84,,0.534,,,,1,1,1,0,0,2,0.0,1.0,60,,observed,observed,observed,observed,missing,missing,missing,missing,observed,observed,observed,observed,observed,observed,observed,missing
CUB,2020,,,0.1248642,85,,0.528,,,,1,1,1,0,0,2,0.0,1.0,60,,missing,missing,observed,observed,missing,missing,missing,missing,observed,observed,observed,observed,observed,observed,observed,missing
CUB,2021,95.0,30.5,0.13787279,86,,0.526,1.0,,,1,1,1,0,0,2,0.0,1.0,60,,observed,observed,observed,observed,missing,observed,missing,missing,observed,observed,observed,observed,observed,observed,observed,missing
CUB,2022,,,0.11786832,86,,0.525,1.0,,,1,1,1,0,0,2,0.0,1.0,60,,missing,missing,observed,observed,missing,observed,missing,missing,observed,observed,observed,observed,observed,observed,observed,missing
CUB,2023,,,,86,,,1.0,,,1,1,1,0,0,2,0.0,1.0,60,60.0,missing,missing,missing,observed,missing,observed,missing,missing,observed,observed,observed,observed,observed,observed,observed,observed
CYP,2011,51.0,,0.06431391,72,,0.526,,,,4,1,0,1,0,3,0.0,1.0,20,,observed,missing,observed,observed,missing,missing,missing,missing,observed,observed,observed,observed,observed,observed,observed,missing
CZE,2022,,,0.08799047,83,,0.654,,,2.0,1,1,1,0,0,2,0.0,1.0,20,,missing,missing,observed,observed,missing,missing,missing,observed,observed,observed,observed,observed,observed,observed,observed,missing
DEU,2010,,,0.11095929,84,,0.847,,,,3,1,1,1,0,3,0.0,1.0,40,,missing,missing,observed,observed,missing,missing,missing,missing,observed,observed,observed,observed,observed,observed,observed,missing
DEU,2018,91.0,,0.11473146,86,0.575,0.837,,,,3,2,1,0,1,2,0.0,1.0,40,,observed,missing,observed,observed,observed,missing,missing,missing,observed,observed,observed,observed,observed,observed,observed,missing
DEU,2020,89.0,,0.12690226,86,,0.838,,,,3,1,0,0,1,1,0.0,1.0,40,,observed,missing,observed,observed,missing,missing,missing,missing,observed,observed,observed,observed,observed,observed,observed,missing
DEU,2021,87.0,65.5,0.12901712,86,,0.84,,,,3,1,0,0,1,1,0.0,1.0,40,,observed,observed,observed,observed,missing,missing,missing,missing,observed,observed,observed,observed,observed,observed,observed,missing
DEU,2022,,,0.12605131,87,,0.84,,,,3,1,0,0,1,1,0.0,1.0,40,,missing,missing,observed,observed,missing,missing,missing,missing,observed,observed,observed,observed,observed,observed,observed,missing
DJI,2012,39.0,,0.0329731,41,,0.246,,,,4,1,1,0,0,2,0.0,1.0,20,,observed,missing,observed,observed,missing,missing,missing,missing,observed,observed,observed,observed,observed,observed,observed,missing
DJI,2017,33.0,,0.02468575,47,,0.271,,,,4,1,1,0,0,2,0.0,1.0,20,,observed,missing,observed,observed,missing,missing,missing,missing,observed,observed,observed,observed,observed,observed,observed,missing
DJI,2018,37.0,,0.02518715,49,,0.272,,,,4,2,1,1,0,3,0.0,1.0,20,,observed,missing,observed,observed,missing,missing,missing,missing,observed,observed,observed,observed,observed,observed,observed,missing
DJI,2019,32.0,23.9,0.02406412,50,,0.277,,,,4,1,1,0,0,2,0.0,1.0,20,,observed,observed,observed,observed,missing,missing,missing,missing,observed,observed,observed,observed,observed,observed,observed,missing
DJI,2020,31.0,,0.02322284,49,,0.278,2.0,,,4,1,1,0,0,2,0.0,1.0,20,,observed,missing,observed,observed,missing,observed,missing,missing,observed,observed,observed,observed,observed,observed,observed,missing
DJI,2021,41.0,25.2,0.02886695,47,,0.28,2.0,,,4,1,1,0,0,2,0.0,1.0,20,,observed,observed,observed,observed,missing,observed,missing,missing,observed,observed,observed,observed,observed,observed,observed,missing
DJI,2022,,,0.0249675,48,,0.28,2.0,,,4,1,0,1,0,3,0.0,1.0,20,,missing,missing,observed,observed,missing,observed,missing,missing,observed,observed,observed,observed,observed,observed,observed,missing
DJI,2023,,,,47,,,2.0,,,4,1,1,0,0,2,0.0,1.0,20,20.0,missing,missing,missing,observed,missing,observed,missing,missing,observed,observed,observed,observed,observed,observed,observed,observed
DNK,2012,,,0.10521972,81,,0.709,,,,4,1,1,0,0,2,0.0,1.0,20,,missing,missing,observed,observed,missing,missing,missing,missing,observed,observed,observed,observed,observed,observed,observed,missing
DNK,2018,96.0,,0.10097642,84,,0.696,,,,4,1,1,1,0,3,0.0,1.0,20,,observed,missing,observed,observed,missing,missing,missing,missing,observed,observed,observed,observed,observed,observed,observed,missing
DNK,2021,95.0,64.4,0.10747286,85,,0.703,,,,4,2,2,1,0,3,0.0,1.0,20,,observed,observed,observed,observed,missing,missing,missing,missing,observed,observed,observed,observed,observed,observed,observed,missing
DOM,2015,72.0,,0.04722168,75,,0.479,,,,1,1,1,0,0,2,0.0,1.0,100,,observed,missing,observed,observed,missing,missing,missing,missing,observed,observed,observed,observed,observed,observed,observed,missing
DOM,2017,55.0,,0.0449337,73,,0.489,,,,1,1,1,0,0,2,0.0,1.0,100,,observed,missing,observed,observed,missing,missing,missing,missing,observed,observed,observed,observed,observed,observed,observed,missing
DOM,2018,48.0,,0.04126016,72,,0.494,,,,1,1,0,1,0,3,0.0,1.0,100,,observed,missing,observed,observed,missing,missing,missing,missing,observed,observed,observed,observed,observed,observed,observed,missing
DOM,2022,,,0.04572548,78,,0.497,,,,1,1,1,0,0,2,0.0,1.0,100,,missing,missing,observed,observed,missing,missing,missing,missing,observed,observed,observed,observed,observed,observed,observed,missing
DZA,2016,73.0,,0.06000797,72,,0.552,,,,1,1,1,0,0,2,0.0,1.0,20,,observed,missing,observed,observed,missing,missing,missing,missing,observed,observed,observed,observed,observed,observed,observed,missing
DZA,2021,77.0,26.2,0.05011057,69,0.65,0.533,,,,1,1,1,0,0,2,0.0,1.0,20,,observed,observed,observed,observed,observed,missing,missing,missing,observed,observed,observed,observed,observed,observed,observed,missing
ECU,2010,,,0.06349257,71,,0.505,,,,1,2,2,1,0,3,0.0,1.0,80,,missing,missing,observed,observed,missing,missing,missing,missing,observed,observed,observed,observed,observed,observed,observed,missing
ECU,2018,73.0,,0.0783214,79,,0.522,,,,1,1,1,1,0,3,0.0,1.0,80,,observed,missing,observed,observed,missing,missing,missing,missing,observed,observed,observed,observed,observed,observed,observed,missing
ECU,2023,,,,78,,,2.0,,,1,1,0,1,0,3,0.0,1.0,80,80.0,missing,missing,missing,observed,missing,observed,missing,missing,observed,observed,observed,observed,observed,observed,observed,observed
EGY,2010,,,0.04153192,74,,0.574,,,,1,1,1,1,0,3,0.0,1.0,20,,missing,missing,observed,observed,missing,missing,missing,missing,observed,observed,observed,observed,observed,observed,observed,missing
EGY,2011,83.0,,0.04357076,74,,0.575,,,,1,1,1,0,0,2,0.0,1.0,20,,observed,missing,observed,observed,missing,missing,missing,missing,observed,observed,observed,observed,observed,observed,observed,missing
EGY,2013,88.0,,0.04671004,74,,0.573,,,,1,1,1,0,0,2,0.0,1.0,20,,observed,missing,observed,observed,missing,missing,missing,missing,observed,observed,observed,observed,observed,observed,observed,missing
ERI,2011,45.0,,0.0516229,39,,0.224,,,,1,1,1,0,0,2,0.0,1.0,100,,observed,missing,observed,observed,missing,missing,missing,missing,observed,observed,observed,observed,observed,observed,observed,missing
ERI,2014,70.0,,0.03914323,39,,0.224,,,,1,1,1,0,0,2,0.0,1.0,100,,observed,missing,observed,observed,missing,missing,missing,missing,observed,observed,observed,observed,observed,observed,observed,missing
ERI,2020,57.0,,0.04310467,41,,0.241,,2.0,,1,1,1,0,0,2,0.0,1.0,100,,observed,missing,observed,observed,missing,missing,observed,missing,observed,observed,observed,observed,observed,observed,observed,missing
ESP,2010,,,0.09118913,78,,0.782,,,,1,1,1,0,0,2,0.0,1.0,100,,missing,missing,observed,observed,missing,missing,missing,missing,observed,observed,observed,observed,observed,observed,observed,missing
EST,2010,,,0.06594338,74,,0.512,,,,1,1,1,0,0,2,0.0,1.0,100,,missing,missing,observed,observed,missing,missing,missing,missing,observed,observed,observed,observed,observed,observed,observed,missing
EST,2015,73.0,,0.0664135,77,0.925,0.505,,,,1,1,1,1,0,3,0.0,1.0,100,,observed,missing,observed,observed,observed,missing,missing,missing,observed,observed,observed,observed,observed,observed,observed,missing
EST,2016,71.0,,0.0670241,77,0.925,0.503,,,,1,1,1,0,0,2,0.0,1.0,100,,observed,missing,observed,observed,observed,missing,missing,missing,observed,observed,observed,observed,observed,observed,observed,missing
EST,2021,74.0,55.5,0.07478603,79,,0.531,2.0,,,1,1,0,1,0,3,0.0,1.0,100,,observed,observed,observed,observed,missing,observed,missing,missing,observed,observed,observed,observed,observed,observed,observed,missing
ETH,2011,70.0,,0.04468977,24,,0.379,,,,1,1,1,0,0,2,0.0,1.0,100,,observed,missing,observed,observed,missing,missing,missing,missing,observed,observed,observed,observed,observed,observed,observed,missing
ETH,2016,79.0,,0.03600338,30,,0.427,,,,1,1,1,1,0,3,0.0,1.0,100,,observed,missing,observed,observed,missing,missing,missing,missing,observed,observed,observed,observed,observed,observed,observed,missing
ETH,2020,67.0,,0.03480963,30,,0.446,,,,1,1,1,0,0,2,0.0,1.0,100,,observed,missing,observed,observed,missing,missing,missing,missing,observed,observed,observed,observed,observed,observed,observed,missing
ETH,2022,,,0.02852746,31,,0.449,2.0,,,1,1,1,0,0,2,0.0,1.0,100,,missing,missing,observed,observed,missing,observed,missing,missing,observed,observed,observed,observed,observed,observed,observed,missing
FIN,2016,,,0.0937796,86,0.75,0.67,,,,1,1,1,1,0,3,0.0,1.0,20,,missing,missing,observed,observed,observed,missing,missing,missing,observed,observed,observed,observed,observed,observed,observed,missing
FIN,2018,94.0,,0.09045142,86,0.75,0.67,,,,1,1,1,0,0,2,0.0,1.0,20,,observed,missing,observed,observed,observed,missing,missing,missing,observed,observed,observed,observed,observed,observed,observed,missing
FJI,2013,95.0,,0.03200407,71,,0.32,,,,1,1,1,0,0,2,0.0,1.0,20,,observed,missing,observed,observed,missing,missing,missing,missing,observed,observed,observed,observed,observed,observed,observed,missing
FJI,2014,98.0,,0.03368605,71,,0.327,,,,1,1,0,1,0,3,0.0,1.0,20,,observed,missing,observed,observed,missing,missing,missing,missing,observed,observed,observed,observed,observed,observed,observed,missing
FJI,2016,,,0.03279797,70,0.0,0.325,,,,1,1,1,0,0,2,0.0,1.0,20,,missing,missing,observed,observed,observed,missing,missing,missing,observed,observed,observed,observed,observed,observed,observed,missing
FJI,2017,,,0.03186896,70,0.0,0.33,,,,1,1,1,1,0,3,0.0,1.0,20,,missing,missing,observed,observed,observed,missing,missing,missing,observed,observed,observed,observed,observed,observed,observed,missing
FJI,2018,63.0,,0.04105726,69,0.0,0.336,,,,1,1,1,0,0,2,0.0,1.0,20,,observed,missing,observed,observed,observed,missing,missing,missing,observed,observed,observed,observed,observed,observed,observed,missing
FJI,2020,,,0.05289874,69,0.975,0.32,,,,1,1,1,0,0,2,0.0,1.0,20,,missing,missing,observed,observed,observed,missing,missing,missing,observed,observed,observed,observed,observed,observed,observed,missing
FJI,2021,54.0,25.8,0.07060847,69,0.975,0.319,,,,1,1,1,1,0,3,0.0,1.0,20,,observed,observed,observed,observed,observed,missing,missing,missing,observed,observed,observed,observed,observed,observed,observed,missing
FRA,2010,,,0.11225602,79,,0.836,,,,4,1,1,0,0,2,0.0,1.0,20,,missing,missing,observed,observed,missing,missing,missing,missing,observed,observed,observed,observed,observed,observed,observed,missing
FRA,2011,78.0,,0.11184976,81,,0.835,,,,4,1,1,0,0,2,0.0,1.0,20,,observed,missing,observed,observed,missing,missing,missing,missing,observed,observed,observed,observed,observed,observed,observed,missing
FRA,2012,81.0,,0.112974,81,,0.829,,,,4,1,1,0,0,2,0.0,1.0,20,,observed,missing,observed,observed,missing,missing,missing,missing,observed,observed,observed,observed,observed,observed,observed,missing
FRA,2013,85.0,,0.11395911,82,,0.829,,,,4,1,1,0,0,2,0.0,1.0,20,,observed,missing,observed,observed,missing,missing,missing,missing,observed,observed,observed,observed,observed,observed,observed,missing
FRA,2014,86.0,,0.11525314,82,,0.826,,,,4,1,1,0,0,2,0.0,1.0,20,,observed,missing,observed,observed,missing,missing,missing,missing,observed,observed,observed,observed,observed,observed,observed,missing
FRA,2015,89.0,,0.11439855,82,0.6,0.819,,,,4,2,2,0,0,2,0.0,1.0,20,,observed,missing,observed,observed,observed,missing,missing,missing,observed,observed,observed,observed,observed,observed,observed,missing
FRA,2016,89.0,,0.1149049,82,0.625,0.816,,,,4,1,1,0,0,2,0.0,1.0,20,,observed,missing,observed,observed,observed,missing,missing,missing,observed,observed,observed,observed,observed,observed,observed,missing
FRA,2017,89.0,,0.11370638,82,0.65,0.814,,,,4,1,1,0,0,2,0.0,1.0,20,,observed,missing,observed,observed,observed,missing,missing,missing,observed,observed,observed,observed,observed,observed,observed,missing
FRA,2018,82.0,,0.11210338,81,0.65,0.816,,,,4,1,1,0,0,2,0.0,1.0,20,,observed,missing,observed,observed,observed,missing,missing,missing,observed,observed,observed,observed,observed,observed,observed,missing
FRA,2019,82.0,62.6,0.11099384,81,0.65,0.816,,,,4,1,1,0,0,2,0.0,1.0,20,,observed,observed,observed,observed,observed,missing,missing,missing,observed,observed,observed,observed,observed,observed,observed,missing
FRA,2020,83.0,,0.12072268,82,0.65,0.815,,,,4,1,1,0,0,2,0.0,1.0,20,,observed,missing,observed,observed,observed,missing,missing,missing,observed,observed,observed,observed,observed,observed,observed,missing
FRA,2021,86.0,61.9,0.12292294,82,0.65,0.819,,,,4,2,2,0,0,2,0.0,1.0,20,,observed,observed,observed,observed,observed,missing,missing,missing,observed,observed,observed,observed,observed,observed,observed,missing
FRA,2022,,,0.11881905,82,0.65,0.819,,,,4,1,1,0,0,2,0.0,1.0,20,,missing,missing,observed,observed,observed,missing,missing,missing,observed,observed,observed,observed,observed,observed,observed,missing
FRA,2023,,,,82,,,,,2.0,4,1,1,0,0,2,0.0,1.0,20,20.0,missing,missing,missing,observed,missing,missing,missing,observed,observed,observed,observed,observed,observed,observed,observed,observed
FSM,2011,36.0,,0.13314363,57,,0.152,,,,1,1,1,0,0,2,0.0,1.0,80,,observed,missing,observed,observed,missing,missing,missing,missing,observed,observed,observed,observed,observed,observed,observed,missing
FSM,2022,,,0.10344703,65,,0.153,,,,1,1,1,0,0,2,0.0,1.0,80,,missing,missing,observed,observed,missing,missing,missing,missing,observed,observed,observed,observed,observed,observed,observed,missing
GAB,2018,40.0,,0.02752351,51,,0.375,,,,1,2,2,0,0,2,0.0,1.0,60,,observed,missing,observed,observed,missing,missing,missing,missing,observed,observed,observed,observed,observed,observed,observed,missing
GAB,2023,,,,48,,,,,,1,1,1,1,0,3,0.0,1.0,60,60.0,missing,missing,missing,observed,missing,missing,missing,missing,observed,observed,observed,observed,observed,observed,observed,observed
GBR,2010,,,0.09789379,84,,0.82,,,,4,1,1,0,0,2,0.0,1.0,20,,missing,missing,observed,observed,missing,missing,missing,missing,observed,observed,observed,observed,observed,observed,observed,missing
GBR,2011,,,0.09795615,84,,0.819,,,,4,1,1,0,0,2,0.0,1.0,20,,missing,missing,observed,observed,missing,missing,missing,missing,observed,observed,observed,observed,observed,observed,observed,missing
GBR,2012,,,0.09891601,85,,0.817,,,,4,1,1,0,0,2,0.0,1.0,20,,missing,missing,observed,observed,missing,missing,missing,missing,observed,observed,observed,observed,observed,observed,observed,missing
GBR,2013,,,0.09978225,85,,0.817,,,,4,1,1,1,0,3,0.0,1.0,20,,missing,missing,observed,observed,missing,missing,missing,missing,observed,observed,observed,observed,observed,observed,observed,missing
GBR,2014,,,0.0990306,86,,0.821,,,,4,2,2,0,0,2,0.0,1.0,20,,missing,missing,observed,observed,missing,missing,missing,missing,observed,observed,observed,observed,observed,observed,observed,missing
GBR,2015,,,0.09836252,86,1.0,0.82,,,,4,1,1,0,0,2,0.0,1.0,20,,missing,missing,observed,observed,observed,missing,missing,missing,observed,observed,observed,observed,observed,observed,observed,missing
GBR,2016,88.0,,0.0976547,86,,0.816,,,,4,1,1,0,0,2,0.0,1.0,20,,observed,missing,observed,observed,missing,missing,missing,missing,observed,observed,observed,observed,observed,observed,observed,missing
GBR,2017,89.0,,0.09600168,87,,0.81,,,,4,1,1,0,0,2,0.0,1.0,20,,observed,missing,observed,observed,missing,missing,missing,missing,observed,observed,observed,observed,observed,observed,observed,missing
GBR,2018,93.0,,0.09738376,87,1.0,0.811,,,,4,1,1,0,0,2,0.0,1.0,20,,observed,missing,observed,observed,observed,missing,missing,missing,observed,observed,observed,observed,observed,observed,observed,missing
GBR,2019,93.0,68.3,0.09953881,87,1.0,0.812,,2.0,,4,1,1,0,0,2,0.0,1.0,20,,observed,observed,observed,observed,observed,missing,observed,missing,observed,observed,observed,observed,observed,observed,observed,missing
GBR,2020,95.0,,0.11965477,88,1.0,0.811,,2.0,,4,2,2,0,0,2,0.0,1.0,20,,observed,missing,observed,observed,observed,missing,observed,missing,observed,observed,observed,observed,observed,observed,observed,missing
GBR,2021,93.0,67.2,0.12019034,88,1.0,0.817,,2.0,,4,1,1,0,0,2,0.0,1.0,20,,observed,observed,observed,observed,observed,missing,observed,missing,observed,observed,observed,observed,observed,observed,observed,missing
GBR,2022,,,0.11050878,88,,0.817,,2.0,,4,1,1,0,0,2,0.0,1.0,20,,missing,missing,observed,observed,missing,missing,observed,missing,observed,observed,observed,observed,observed,observed,observed,missing
GBR,2023,,,,88,,,,2.0,,4,1,1,0,0,2,0.0,1.0,20,20.0,missing,missing,missing,observed,missing,missing,observed,missing,observed,observed,observed,observed,observed,observed,observed,observed
GEO,2017,74.0,,0.06959362,70,0.975,0.411,,2.0,1.0,1,1,1,0,0,2,0.0,1.0,100,,observed,missing,observed,observed,observed,missing,observed,observed,observed,observed,observed,observed,observed,observed,observed,missing
GEO,2022,,,0.07255696,71,0.975,0.411,,2.0,1.0,1,1,1,1,0,3,0.0,1.0,100,,missing,missing,observed,observed,observed,missing,observed,observed,observed,observed,observed,observed,observed,observed,observed,missing
GHA,2011,39.0,,0.04468556,39,,0.433,,,,4,1,0,0,1,1,0.0,1.0,100,,observed,missing,observed,observed,missing,missing,missing,missing,observed,observed,observed,observed,observed,observed,observed,missing
GHA,2014,69.0,,0.04016441,46,,0.432,,,,4,1,0,0,1,1,0.0,1.0,100,,observed,missing,observed,observed,missing,missing,missing,missing,observed,observed,observed,observed,observed,observed,observed,missing
GHA,2015,,,0.04542968,49,,0.427,,,,4,1,1,0,0,2,0.0,1.0,100,,missing,missing,observed,observed,missing,missing,missing,missing,observed,observed,observed,observed,observed,observed,observed,missing
GHA,2020,49.0,,0.04433171,51,0.825,0.431,,2.0,,4,1,1,0,0,2,0.0,1.0,100,,observed,missing,observed,observed,observed,missing,observed,missing,observed,observed,observed,observed,observed,observed,observed,missing
GIN,2011,13.0,,0.03789551,26,,0.238,,,,1,1,1,0,0,2,0.0,1.0,100,,observed,missing,observed,observed,missing,missing,missing,missing,observed,observed,observed,observed,observed,observed,observed,missing
GIN,2014,52.0,,0.04787992,37,,0.243,,2.0,,1,1,1,0,0,2,0.0,1.0,100,,observed,missing,observed,observed,missing,missing,observed,missing,observed,observed,observed,observed,observed,observed,observed,missing
GIN,2017,60.0,,0.03915127,37,,0.297,2.0,2.0,,1,1,1,0,0,2,0.0,1.0,100,,observed,missing,observed,observed,missing,observed,observed,missing,observed,observed,observed,observed,observed,observed,observed,missing
GMB,2011,53.0,,0.04369674,52,,0.407,,,,1,1,1,0,0,2,0.0,1.0,40,,observed,missing,observed,observed,missing,missing,missing,missing,observed,observed,observed,observed,observed,observed,observed,missing
GMB,2011,53.0,,0.04369674,52,,0.407,,,,1,1,1,0,0,2,0.0,1.0,40,,observed,missing,observed,observed,missing,missing,missing,missing,observed,observed,observed,observed,observed,observed,observed,missing
GMB,2011,53.0,,0.04369674,52,,0.407,,,,1,1,1,0,0,2,0.0,1.0,40,,observed,missing,observed,observed,missing,missing,missing,missing,observed,observed,observed,observed,observed,observed,observed,missing
GMB,2011,53.0,,0.04369674,52,,0.407,,,,1,1,1,0,0,2,0.0,1.0,40,,observed,missing,observed,observed,missing,missing,missing,missing,observed,observed,observed,observed,observed,observed,observed,missing
GMB,2011,53.0,,0.04369674,52,,0.193,,,,1,1,1,0,0,2,0.0,1.0,40,,observed,missing,observed,observed,missing,missing,missing,missing,observed,observed,observed,observed,observed,observed,observed,missing
GMB,2011,53.0,,0.04369674,52,,0.193,,,,1,1,1,0,0,2,0.0,1.0,40,,observed,missing,observed,observed,missing,missing,missing,missing,observed,observed,observed,observed,observed,observed,observed,missing
GMB,2011,53.0,,0.04369674,52,,0.193,,,,1,1,1,0,0,2,0.0,1.0,40,,observed,missing,observed,observed,missing,missing,missing,missing,observed,observed,observed,observed,observed,observed,observed,missing
GMB,2011,53.0,,0.04369674,52,,0.193,,,,1,1,1,0,0,2,0.0,1.0,40,,observed,missing,observed,observed,missing,missing,missing,missing,observed,observed,observed,observed,observed,observed,observed,missing
GMB,2014,33.0,,0.03052346,52,,0.411,,,,1,1,1,0,0,2,0.0,1.0,40,,observed,missing,observed,observed,missing,missing,missing,missing,observed,observed,observed,observed,observed,observed,observed,missing
GMB,2014,33.0,,0.03052346,52,,0.411,,,,1,1,1,0,0,2,0.0,1.0,40,,observed,missing,observed,observed,missing,missing,missing,missing,observed,observed,observed,observed,observed,observed,observed,missing
GMB,2014,33.0,,0.03052346,52,,0.411,,,,1,1,1,0,0,2,0.0,1.0,40,,observed,missing,observed,observed,missing,missing,missing,missing,observed,observed,observed,observed,observed,observed,observed,missing
GMB,2014,33.0,,0.03052346,52,,0.411,,,,1,1,1,0,0,2,0.0,1.0,40,,observed,missing,observed,observed,missing,missing,missing,missing,observed,observed,observed,observed,observed,observed,observed,missing
GMB,2014,33.0,,0.03052346,52,,0.171,,,,1,1,1,0,0,2,0.0,1.0,40,,observed,missing,observed,observed,missing,missing,missing,missing,observed,observed,observed,observed,observed,observed,observed,missing
GMB,2014,33.0,,0.03052346,52,,0.171,,,,1,1,1,0,0,2,0.0,1.0,40,,observed,missing,observed,observed,missing,missing,missing,missing,observed,observed,observed,observed,observed,observed,observed,missing
GMB,2014,33.0,,0.03052346,52,,0.171,,,,1,1,1,0,0,2,0.0,1.0,40,,observed,missing,observed,observed,missing,missing,missing,missing,observed,observed,observed,observed,observed,observed,observed,missing
GMB,2014,33.0,,0.03052346,52,,0.171,,,,1,1,1,0,0,2,0.0,1.0,40,,observed,missing,observed,observed,missing,missing,missing,missing,observed,observed,observed,observed,observed,observed,observed,missing
GNB,2020,35.0,,0.09029393,44,,0.185,2.0,2.0,,1,1,1,0,0,2,0.0,1.0,80,,observed,missing,observed,observed,missing,observed,observed,missing,observed,observed,observed,observed,observed,observed,observed,missing
GRC,2014,,,0.07891411,74,,0.65,,,,1,1,1,0,0,2,0.0,1.0,40,,missing,missing,observed,observed,missing,missing,missing,missing,observed,observed,observed,observed,observed,observed,observed,missing
GRC,2017,,,0.08135159,75,,0.634,,,,1,1,1,1,0,3,0.0,1.0,40,,missing,missing,observed,observed,missing,missing,missing,missing,observed,observed,observed,observed,observed,observed,observed,missing
GRD,2016,66.0,,0.044391,77,,0.256,2.0,,,7,1,1,1,0,3,0.0,1.0,100,,observed,missing,observed,observed,missing,observed,missing,missing,observed,observed,observed,observed,observed,observed,observed,missing
GRD,2019,,25.6,0.04931896,78,0.925,0.255,2.0,,,7,1,1,0,0,2,0.0,1.0,100,,missing,observed,observed,observed,observed,observed,missing,missing,observed,observed,observed,observed,observed,observed,observed,missing
GTM,2010,,,0.0612478,58,,0.441,,,,1,1,0,0,1,1,0.0,1.0,100,,missing,missing,observed,observed,missing,missing,missing,missing,observed,observed,observed,observed,observed,observed,observed,missing
GTM,2014,59.0,,0.05888568,57,,0.449,,,,1,1,1,1,0,3,0.0,1.0,100,,observed,missing,observed,observed,missing,missing,missing,missing,observed,observed,observed,observed,observed,observed,observed,missing
GTM,2021,45.0,29.1,0.06976804,59,0.45,0.472,2.0,,,1,2,0,2,0,3,0.0,1.0,100,,observed,observed,observed,observed,observed,observed,missing,missing,observed,observed,observed,observed,observed,observed,observed,missing
GUY,2014,79.0,,0.03947554,70,,0.299,2.0,,,1,1,1,0,0,2,0.0,1.0,20,,observed,missing,observed,observed,missing,observed,missing,missing,observed,observed,observed,observed,observed,observed,observed,missing
GUY,2019,88.0,30.0,0.04903315,78,0.6,0.316,2.0,,,1,2,2,1,0,3,0.0,1.0,20,,observed,observed,observed,observed,observed,observed,missing,missing,observed,observed,observed,observed,observed,observed,observed,missing
HND,2013,52.0,,0.0847723,61,,0.383,,,,1,1,1,0,0,2,0.0,1.0,80,,observed,missing,observed,observed,missing,missing,missing,missing,observed,observed,observed,observed,observed,observed,observed,missing
HND,2019,60.0,26.3,0.07282372,64,,0.394,2.0,,,1,1,1,0,0,2,0.0,1.0,80,,observed,observed,observed,observed,missing,observed,missing,missing,observed,observed,observed,observed,observed,observed,observed,missing
HRV,2011,95.0,,0.07641009,74,,0.561,,,,1,1,1,1,0,3,0.0,1.0,20,,observed,missing,observed,observed,missing,missing,missing,missing,observed,observed,observed,observed,observed,observed,observed,missing
HRV,2012,,,0.07652837,74,,0.554,,,2.0,1,1,1,0,0,2,0.0,1.0,20,,missing,missing,observed,observed,missing,missing,missing,observed,observed,observed,observed,observed,observed,observed,observed,missing
HRV,2020,78.0,,0.07649492,76,,0.53,,,2.0,1,1,1,0,0,2,0.0,1.0,20,,observed,missing,observed,observed,missing,missing,missing,observed,observed,observed,observed,observed,observed,observed,observed,missing
HTI,2013,45.0,,0.0410524,39,,0.284,,,,1,1,0,1,0,3,0.0,1.0,80,,observed,missing,observed,observed,missing,missing,missing,missing,observed,observed,observed,observed,observed,observed,observed,missing
HTI,2021,54.0,30.4,0.03442162,44,,0.303,2.0,,,1,1,1,0,0,2,0.0,1.0,80,,observed,observed,observed,observed,missing,observed,missing,missing,observed,observed,observed,observed,observed,observed,observed,missing
HUN,2011,87.0,,0.07481309,79,,0.616,,,,1,1,1,0,0,2,0.0,1.0,20,,observed,missing,observed,observed,missing,missing,missing,missing,observed,observed,observed,observed,observed,observed,observed,missing
IDN,2012,86.0,,0.02914271,54,,0.632,,,,1,1,0,1,0,3,0.0,1.0,40,,observed,missing,observed,observed,missing,missing,missing,missing,observed,observed,observed,observed,observed,observed,observed,missing
IDN,2015,96.0,,0.02924285,59,,0.63,2.0,,,1,1,1,0,0,2,0.0,1.0,40,,observed,missing,observed,observed,missing,observed,missing,missing,observed,observed,observed,observed,observed,observed,observed,missing
IDN,2017,99.0,,0.02904172,63,,0.637,2.0,,,1,1,1,1,0,3,0.0,1.0,40,,observed,missing,observed,observed,missing,observed,missing,missing,observed,observed,observed,observed,observed,observed,observed,missing
IDN,2018,63.0,,0.02867578,63,0.0,0.633,2.0,,,1,1,1,0,0,2,0.0,1.0,40,,observed,missing,observed,observed,observed,observed,missing,missing,observed,observed,observed,observed,observed,observed,observed,missing
IDN,2022,,,0.02693949,68,,0.642,2.0,2.0,,1,1,0,1,0,3,0.0,1.0,40,,missing,missing,observed,observed,missing,observed,observed,missing,observed,observed,observed,observed,observed,observed,observed,missing
IND,2011,68.0,,0.03246342,54,,0.688,,,,3,1,1,0,0,2,0.0,1.0,20,,observed,missing,observed,observed,missing,missing,missing,missing,observed,observed,observed,observed,observed,observed,observed,missing
IND,2013,94.0,,0.03749442,57,,0.686,,,,3,1,1,1,0,3,0.0,1.0,20,,observed,missing,observed,observed,missing,missing,missing,missing,observed,observed,observed,observed,observed,observed,observed,missing
IND,2015,,,0.0359566,62,0.25,0.685,,,,3,1,0,1,0,3,0.0,1.0,20,,missing,missing,observed,observed,observed,missing,missing,missing,observed,observed,observed,observed,observed,observed,observed,missing
IND,2018,75.0,,0.02858494,63,0.925,0.698,,2.0,,3,1,1,1,0,3,0.0,1.0,20,,observed,missing,observed,observed,observed,missing,observed,missing,observed,observed,observed,observed,observed,observed,observed,missing
IND,2020,80.0,,0.03341461,66,1.0,0.701,,2.0,,3,1,1,0,0,2,0.0,1.0,20,,observed,missing,observed,observed,observed,missing,observed,missing,observed,observed,observed,observed,observed,observed,observed,missing
IND,2022,,,0.03305885,68,,0.713,,2.0,,3,1,1,1,0,3,0.0,1.0,20,,missing,missing,observed,observed,missing,missing,observed,missing,observed,observed,observed,observed,observed,observed,observed,missing
IND,2023,,,,69,,,,2.0,,3,1,1,0,0,2,0.0,1.0,20,20.0,missing,missing,missing,observed,missing,missing,observed,missing,observed,observed,observed,observed,observed,observed,observed,observed
IRL,2013,,,0.10287165,81,,0.655,,2.0,2.0,4,1,1,0,0,2,0.0,1.0,40,,missing,missing,observed,observed,missing,missing,observed,observed,observed,observed,observed,observed,observed,observed,observed,missing
IRN,2011,66.0,,0.0609788,73,,0.662,,,,1,1,0,1,0,3,0.0,1.0,20,,observed,missing,observed,observed,missing,missing,missing,missing,observed,observed,observed,observed,observed,observed,observed,missing
IRN,2012,91.0,,0.06122351,76,,0.659,,,,1,1,1,1,0,3,0.0,1.0,20,,observed,missing,observed,observed,missing,missing,missing,missing,observed,observed,observed,observed,observed,observed,observed,missing
IRN,2014,84.0,,0.06352396,77,,0.646,,,,1,1,1,1,0,3,0.0,1.0,20,,observed,missing,observed,observed,missing,missing,missing,missing,observed,observed,observed,observed,observed,observed,observed,missing
IRN,2016,,,0.07992026,78,,0.644,,,,1,1,1,1,0,3,0.0,1.0,20,,missing,missing,observed,observed,missing,missing,missing,missing,observed,observed,observed,observed,observed,observed,observed,missing
IRN,2019,,39.5,0.06273989,80,,0.607,,,,1,1,1,1,0,3,0.0,1.0,20,,missing,observed,observed,observed,missing,missing,missing,missing,observed,observed,observed,observed,observed,observed,observed,missing
IRQ,2013,93.0,,0.02808685,69,,0.554,,,,1,1,1,0,0,2,0.0,1.0,60,,observed,missing,observed,observed,missing,missing,missing,missing,observed,observed,observed,observed,observed,observed,observed,missing
IRQ,2016,,,0.04589492,67,,0.534,,2.0,,1,1,1,0,0,2,0.0,1.0,60,,missing,missing,observed,observed,missing,missing,observed,missing,observed,observed,observed,observed,observed,observed,observed,missing
IRQ,2017,89.0,,0.0404065,67,,0.531,,2.0,,1,1,1,0,0,2,0.0,1.0,60,,observed,missing,observed,observed,missing,missing,observed,missing,observed,observed,observed,observed,observed,observed,observed,missing
ISL,2021,76.0,48.5,0.0978697,90,,0.54,,2.0,,4,1,1,0,0,2,0.0,1.0,20,,observed,observed,observed,observed,missing,missing,observed,missing,observed,observed,observed,observed,observed,observed,observed,missing
ISR,2018,91.0,,0.07227994,85,,0.697,,,,4,1,1,0,0,2,0.0,1.0,20,,observed,missing,observed,observed,missing,missing,missing,missing,observed,observed,observed,observed,observed,observed,observed,missing
ITA,2017,,,0.08677739,83,,0.781,,,,1,1,1,0,0,2,0.0,1.0,20,,missing,missing,observed,observed,missing,missing,missing,missing,observed,observed,observed,observed,observed,observed,observed,missing
JAM,2010,,,0.05295193,67,,0.403,,,,4,1,1,0,0,2,0.0,1.0,40,,missing,missing,observed,observed,missing,missing,missing,missing,observed,observed,observed,observed,observed,observed,observed,missing
JAM,2012,79.0,,0.04885129,73,,0.409,,,,4,1,1,1,0,3,0.0,1.0,40,,observed,missing,observed,observed,missing,missing,missing,missing,observed,observed,observed,observed,observed,observed,observed,missing
JAM,2016,83.0,,0.05701022,75,0.575,0.391,,,,4,1,1,0,0,2,0.0,1.0,40,,observed,missing,observed,observed,observed,missing,missing,missing,observed,observed,observed,observed,observed,observed,observed,missing
JOR,2010,,,0.08170257,76,,0.475,,,,4,1,1,0,0,2,0.0,1.0,20,,missing,missing,observed,observed,missing,missing,missing,missing,observed,observed,observed,observed,observed,observed,observed,missing
JOR,2015,,,0.07460956,75,0.0,0.473,,,,4,1,1,0,0,2,0.0,1.0,20,,missing,missing,observed,observed,observed,missing,missing,missing,observed,observed,observed,observed,observed,observed,observed,missing
JPN,2010,,,0.09063006,81,,0.861,,,,1,1,1,1,0,3,0.0,1.0,20,,missing,missing,observed,observed,missing,missing,missing,missing,observed,observed,observed,observed,observed,observed,observed,missing
JPN,2013,99.0,,0.10674387,82,,0.853,,,,1,2,1,1,0,3,0.0,1.0,20,,observed,missing,observed,observed,missing,missing,missing,missing,observed,observed,observed,observed,observed,observed,observed,missing
JPN,2016,100.0,,0.10658916,83,1.0,0.841,,,,1,1,0,0,1,1,0.0,1.0,20,,observed,missing,observed,observed,observed,missing,missing,missing,observed,observed,observed,observed,observed,observed,observed,missing
JPN,2017,100.0,,0.10656271,83,1.0,0.838,,,,1,2,1,0,1,2,0.0,1.0,20,,observed,missing,observed,observed,observed,missing,missing,missing,observed,observed,observed,observed,observed,observed,observed,missing
JPN,2018,,,0.10739882,84,1.0,0.839,,,,1,1,0,0,1,1,0.0,1.0,20,,missing,missing,observed,observed,observed,missing,missing,missing,observed,observed,observed,observed,observed,observed,observed,missing
JPN,2019,95.0,58.8,0.10969984,84,1.0,0.84,,,,1,1,1,1,0,3,0.0,1.0,20,,observed,observed,observed,observed,observed,missing,missing,missing,observed,observed,observed,observed,observed,observed,observed,missing
JPN,2021,98.0,60.5,0.11189969,85,1.0,0.835,,,,1,1,1,0,0,2,0.0,1.0,20,,observed,observed,observed,observed,observed,missing,missing,missing,observed,observed,observed,observed,observed,observed,observed,missing
JPN,2022,,,0.11421837,85,1.0,0.835,,,,1,1,1,1,0,3,0.0,1.0,20,,missing,missing,observed,observed,observed,missing,missing,missing,observed,observed,observed,observed,observed,observed,observed,missing
KAZ,2011,83.0,,0.02602367,81,,0.588,,,,1,1,1,1,0,3,0.0,1.0,100,,observed,missing,observed,observed,missing,missing,missing,missing,observed,observed,observed,observed,observed,observed,observed,missing
KAZ,2013,82.0,,0.02662867,82,,0.605,,,,1,1,1,0,0,2,0.0,1.0,100,,observed,missing,observed,observed,missing,missing,missing,missing,observed,observed,observed,observed,observed,observed,observed,missing
KAZ,2015,78.0,,0.03040511,82,,0.6,,,,1,1,1,0,0,2,0.0,1.0,100,,observed,missing,observed,observed,missing,missing,missing,missing,observed,observed,observed,observed,observed,observed,observed,missing
KAZ,2018,71.0,,0.02817861,82,0.85,0.571,,,,1,1,0,1,0,3,0.0,1.0,100,,observed,missing,observed,observed,observed,missing,missing,missing,observed,observed,observed,observed,observed,observed,observed,missing
KAZ,2023,,,,83,,,2.0,,,1,1,1,0,0,2,0.0,1.0,100,100.0,missing,missing,missing,observed,missing,observed,missing,missing,observed,observed,observed,observed,observed,observed,observed,observed
KEN,2012,66.0,,0.05018058,54,,0.416,,,,1,1,1,0,0,2,0.0,1.0,100,,observed,missing,observed,observed,missing,missing,missing,missing,observed,observed,observed,observed,observed,observed,observed,missing
KEN,2014,,,0.04912673,53,,0.433,,2.0,,1,1,1,1,0,3,0.0,1.0,100,,missing,missing,observed,observed,missing,missing,observed,missing,observed,observed,observed,observed,observed,observed,observed,missing
KEN,2019,41.0,43.1,0.04368747,52,0.9,0.45,,2.0,,1,1,1,0,0,2,0.0,1.0,100,,observed,observed,observed,observed,observed,missing,observed,missing,observed,observed,observed,observed,observed,observed,observed,missing
KGZ,2017,,,0.06185863,74,0.825,0.331,,,,1,1,1,0,0,2,0.0,1.0,100,,missing,missing,observed,observed,observed,missing,missing,missing,observed,observed,observed,observed,observed,observed,observed,missing
KGZ,2023,,,,74,,,2.0,,,1,1,1,1,0,3,0.0,1.0,100,100.0,missing,missing,missing,observed,missing,observed,missing,missing,observed,observed,observed,observed,observed,observed,observed,observed
KHM,2012,49.0,,0.05724695,49,,0.346,,,,1,1,1,0,0,2,0.0,1.0,80,,observed,missing,observed,observed,missing,missing,missing,missing,observed,observed,observed,observed,observed,observed,observed,missing
KOR,2013,100.0,,0.06311044,85,,0.762,,,,1,1,1,0,0,2,0.0,1.0,20,,observed,missing,observed,observed,missing,missing,missing,missing,observed,observed,observed,observed,observed,observed,observed,missing
KOR,2014,100.0,,0.0650226,86,,0.766,,,,1,1,1,0,0,2,0.0,1.0,20,,observed,missing,observed,observed,missing,missing,missing,missing,observed,observed,observed,observed,observed,observed,observed,missing
KOR,2020,98.0,,0.08355494,87,1.0,0.773,,,,1,1,1,0,0,2,0.0,1.0,20,,observed,missing,observed,observed,observed,missing,missing,missing,observed,observed,observed,observed,observed,observed,observed,missing
KWT,2014,85.0,,0.02915999,83,,0.637,,,,1,1,1,0,0,2,0.0,1.0,20,,observed,missing,observed,observed,missing,missing,missing,missing,observed,observed,observed,observed,observed,observed,observed,missing
LAO,2019,35.0,32.8,0.02603122,58,,0.366,,,,1,1,0,1,0,3,0.0,1.0,80,,observed,observed,observed,observed,missing,missing,missing,missing,observed,observed,observed,observed,observed,observed,observed,missing
LBN,2012,57.0,,0.07004201,67,,0.498,,,,4,1,1,0,0,2,0.0,1.0,20,,observed,missing,observed,observed,missing,missing,missing,missing,observed,observed,observed,observed,observed,observed,observed,missing
LBN,2022,,,0.05735002,68,,0.421,2.0,,2.0,4,1,1,1,0,3,0.0,1.0,20,,missing,missing,observed,observed,missing,observed,missing,observed,observed,observed,observed,observed,observed,observed,observed,missing
LBN,2011,51.0,,0.08177444,66,,0.499,,,,4,1,1,1,0,3,0.0,1.0,20,,observed,missing,observed,observed,missing,missing,missing,missing,observed,observed,observed,observed,observed,observed,observed,missing
LBR,2012,,,0.08154446,38,,0.197,,,,1,1,1,0,0,2,0.0,1.0,100,,missing,missing,observed,observed,missing,missing,missing,missing,observed,observed,observed,observed,observed,observed,observed,missing
LBR,2013,,,0.07081458,37,,0.2,,,,1,1,1,1,0,3,0.0,1.0,100,,missing,missing,observed,observed,missing,missing,missing,missing,observed,observed,observed,observed,observed,observed,observed,missing
LBR,2014,,,0.08762839,36,,0.196,,,,1,1,1,0,0,2,0.0,1.0,100,,missing,missing,observed,observed,missing,missing,missing,missing,observed,observed,observed,observed,observed,observed,observed,missing
LBY,2010,,,0.03280644,69,,0.542,,,,1,2,2,0,0,2,0.0,1.0,100,,missing,missing,observed,observed,missing,missing,missing,missing,observed,observed,observed,observed,observed,observed,observed,missing
LBY,2016,64.0,,0.06171787,71,,0.47,1.0,,,1,1,1,0,0,2,0.0,1.0,100,,observed,missing,observed,observed,missing,observed,missing,missing,observed,observed,observed,observed,observed,observed,observed,missing
LBY,2021,45.0,25.3,0.06213843,69,,0.485,1.0,,,1,1,1,1,0,3,0.0,1.0,100,,observed,observed,observed,observed,missing,observed,missing,missing,observed,observed,observed,observed,observed,observed,observed,missing
LCA,2023,,,,75,,,,,,7,1,1,0,0,2,0.0,1.0,80,80.0,missing,missing,missing,observed,missing,missing,missing,missing,observed,observed,observed,observed,observed,observed,observed,observed
LKA,2010,,,0.03741452,67,,0.468,,,,6,1,1,1,0,3,0.0,1.0,80,,missing,missing,observed,observed,missing,missing,missing,missing,observed,observed,observed,observed,observed,observed,observed,missing
LKA,2014,71.0,,0.03467861,69,,0.481,,,,6,1,0,1,0,3,0.0,1.0,80,,observed,missing,observed,observed,missing,missing,missing,missing,observed,observed,observed,observed,observed,observed,observed,missing
LKA,2016,79.0,,0.03617884,70,0.05,0.477,,2.0,2.0,6,1,0,0,1,1,0.0,1.0,80,,observed,missing,observed,observed,observed,missing,observed,observed,observed,observed,observed,observed,observed,observed,observed,missing
LKA,2017,76.0,,0.03330934,70,,0.479,,2.0,2.0,6,1,1,0,0,2,0.0,1.0,80,,observed,missing,observed,observed,missing,missing,observed,observed,observed,observed,observed,observed,observed,observed,observed,missing
LKA,2018,46.0,,0.03641888,68,,0.477,,2.0,2.0,6,1,0,0,1,1,0.0,1.0,80,,observed,missing,observed,observed,missing,missing,observed,observed,observed,observed,observed,observed,observed,observed,observed,missing
LKA,2020,62.0,,0.04061347,71,0.925,0.472,,2.0,2.0,6,2,1,1,1,3,0.0,1.0,80,,observed,missing,observed,observed,observed,missing,observed,observed,observed,observed,observed,observed,observed,observed,observed,missing
LKA,2021,64.0,34.1,0.04028302,72,,0.472,,2.0,2.0,6,1,1,0,0,2,0.0,1.0,80,,observed,observed,observed,observed,missing,missing,observed,observed,observed,observed,observed,observed,observed,observed,observed,missing
LSO,2012,,,0.10043895,49,,0.275,,,,1,1,1,0,0,2,0.0,1.0,80,,missing,missing,observed,observed,missing,missing,missing,missing,observed,observed,observed,observed,observed,observed,observed,missing
LSO,2023,,,,55,,,2.0,,,1,1,1,0,0,2,0.0,1.0,80,80.0,missing,missing,missing,observed,missing,observed,missing,missing,observed,observed,observed,observed,observed,observed,observed,observed
LTU,2012,84.0,,0.06275935,73,,0.536,,,,1,1,1,0,0,2,0.0,1.0,80,,observed,missing,observed,observed,missing,missing,missing,missing,observed,observed,observed,observed,observed,observed,observed,missing
LTU,2014,82.0,,0.06193326,74,,0.538,,,1.0,1,1,0,1,0,3,0.0,1.0,80,,observed,missing,observed,observed,missing,missing,missing,observed,observed,observed,observed,observed,observed,observed,observed,missing
LVA,2015,90.0,,0.05652118,76,,0.505,,,,1,1,1,0,0,2,0.0,1.0,60,,observed,missing,observed,observed,missing,missing,missing,missing,observed,observed,observed,observed,observed,observed,observed,missing
MAR,2010,,,0.05418611,63,,0.527,,,,1,1,1,0,0,2,0.0,1.0,20,,missing,missing,observed,observed,missing,missing,missing,missing,observed,observed,observed,observed,observed,observed,observed,missing
MAR,2013,97.0,,0.05255405,65,,0.511,,,2.0,1,1,1,1,0,3,0.0,1.0,20,,observed,missing,observed,observed,missing,missing,missing,observed,observed,observed,observed,observed,observed,observed,observed,missing
MAR,2022,,,0.05680491,65,0.75,0.512,2.0,,2.0,1,1,1,0,0,2,0.0,1.0,20,,missing,missing,observed,observed,observed,observed,missing,observed,observed,observed,observed,observed,observed,observed,observed,missing
MCO,2021,77.0,33.3,0.03672521,85,,,,,,4,1,1,0,0,2,0.0,1.0,20,,observed,observed,observed,observed,missing,missing,missing,missing,observed,observed,observed,observed,observed,observed,observed,missing
MDA,2012,74.0,,0.09139621,70,,0.368,,,,1,1,0,1,0,3,0.0,1.0,60,,observed,missing,observed,observed,missing,missing,missing,missing,observed,observed,observed,observed,observed,observed,observed,missing
MDA,2022,,,0.06965054,71,,0.394,,,2.0,1,1,1,0,0,2,0.0,1.0,60,,missing,missing,observed,observed,missing,missing,missing,observed,observed,observed,observed,observed,observed,observed,observed,missing
MDG,2018,26.0,,0.04221604,32,,0.308,,2.0,,1,1,1,0,0,2,0.0,1.0,80,,observed,missing,observed,observed,missing,missing,observed,missing,observed,observed,observed,observed,observed,observed,observed,missing
MDG,2020,36.0,,0.03723161,33,,0.304,2.0,2.0,,1,1,1,0,0,2,0.0,1.0,80,,observed,missing,observed,observed,missing,observed,observed,missing,observed,observed,observed,observed,observed,observed,observed,missing
MDV,2010,,,0.0848759,67,,0.274,,,,1,1,0,0,1,1,0.0,1.0,60,,missing,missing,observed,observed,missing,missing,missing,missing,observed,observed,observed,observed,observed,observed,observed,missing
MDV,2012,58.0,,0.08673048,67,,0.274,,,,1,1,1,0,0,2,0.0,1.0,60,,observed,missing,observed,observed,missing,missing,missing,missing,observed,observed,observed,observed,observed,observed,observed,missing
MDV,2016,61.0,,0.10305446,66,,0.322,2.0,,,1,1,1,1,0,3,0.0,1.0,60,,observed,missing,observed,observed,missing,observed,missing,missing,observed,observed,observed,observed,observed,observed,observed,missing
MDV,2017,63.0,,0.09269178,68,0.0,0.334,2.0,,,1,1,1,0,0,2,0.0,1.0,60,,observed,missing,observed,observed,observed,observed,missing,missing,observed,observed,observed,observed,observed,observed,observed,missing
MDV,2018,43.0,,0.07436278,67,,0.33,2.0,,,1,1,0,1,0,3,0.0,1.0,60,,observed,missing,observed,observed,missing,observed,missing,missing,observed,observed,observed,observed,observed,observed,observed,missing
MDV,2019,51.0,30.8,0.07658456,68,,0.337,2.0,,,1,1,1,1,0,3,0.0,1.0,60,,observed,observed,observed,observed,missing,observed,missing,missing,observed,observed,observed,observed,observed,observed,observed,missing
MDV,2022,,,0.09652762,69,,0.326,2.0,,,1,1,1,0,0,2,0.0,1.0,60,,missing,missing,observed,observed,missing,observed,missing,missing,observed,observed,observed,observed,observed,observed,observed,missing
MEX,2011,66.0,,0.0530093,73,,0.698,,,,1,1,1,0,0,2,0.0,1.0,80,,observed,missing,observed,observed,missing,missing,missing,missing,observed,observed,observed,observed,observed,observed,observed,missing
MEX,2015,96.0,,0.05527386,77,0.9,0.7,,,,1,1,1,1,0,3,0.0,1.0,80,,observed,missing,observed,observed,observed,missing,missing,missing,observed,observed,observed,observed,observed,observed,observed,missing
MEX,2016,97.0,,0.0538499,78,0.9,0.689,,,,1,1,1,0,0,2,0.0,1.0,80,,observed,missing,observed,observed,observed,missing,missing,missing,observed,observed,observed,observed,observed,observed,observed,missing
MEX,2019,83.0,55.1,0.05296858,78,0.925,0.691,2.0,,,1,1,0,1,0,3,0.0,1.0,80,,observed,observed,observed,observed,observed,observed,missing,missing,observed,observed,observed,observed,observed,observed,observed,missing
MLI,2020,50.0,,0.03475979,42,,0.338,,,,1,2,2,2,0,3,0.0,1.0,80,,observed,missing,observed,observed,missing,missing,missing,missing,observed,observed,observed,observed,observed,observed,observed,missing
MLI,2021,44.0,29.0,0.03466497,42,,0.342,2.0,,,1,1,1,0,0,2,0.0,1.0,80,,observed,observed,observed,observed,missing,observed,missing,missing,observed,observed,observed,observed,observed,observed,observed,missing
MLT,2015,,,0.08897596,82,,0.443,,,,4,2,2,1,0,3,0.0,1.0,20,,missing,missing,observed,observed,missing,missing,missing,missing,observed,observed,observed,observed,observed,observed,observed,missing
MLT,2017,79.0,,0.08730927,82,,0.448,,,,4,1,1,0,0,2,0.0,1.0,20,,observed,missing,observed,observed,missing,missing,missing,missing,observed,observed,observed,observed,observed,observed,observed,missing
MLT,2023,,,,82,,,,,2.0,4,1,0,1,0,3,0.0,1.0,20,20.0,missing,missing,missing,observed,missing,missing,missing,observed,observed,observed,observed,observed,observed,observed,observed,observed
MMR,2010,,,0.02083684,47,,0.388,,,,1,1,0,1,0,3,0.0,1.0,100,,missing,missing,observed,observed,missing,missing,missing,missing,observed,observed,observed,observed,observed,observed,observed,missing
MMR,2011,93.0,,0.02065515,49,,0.407,,,,1,1,1,0,0,2,0.0,1.0,100,,observed,missing,observed,observed,missing,missing,missing,missing,observed,observed,observed,observed,observed,observed,observed,missing
MMR,2014,84.0,,0.0439346,51,,0.426,,,,1,1,1,1,0,3,0.0,1.0,100,,observed,missing,observed,observed,missing,missing,missing,missing,observed,observed,observed,observed,observed,observed,observed,missing
MMR,2019,64.0,37.8,0.04079033,54,,0.432,,,,1,1,1,0,0,2,0.0,1.0,100,,observed,observed,observed,observed,missing,missing,missing,missing,observed,observed,observed,observed,observed,observed,observed,missing
MNE,2015,56.0,,0.09021888,69,,0.348,,,,1,1,1,0,0,2,0.0,1.0,40,,observed,missing,observed,observed,missing,missing,missing,missing,observed,observed,observed,observed,observed,observed,observed,missing
MNG,2010,,,0.03739456,67,,0.344,,,,1,1,1,0,0,2,0.0,1.0,80,,missing,missing,observed,observed,missing,missing,missing,missing,observed,observed,observed,observed,observed,observed,observed,missing
MNG,2019,84.0,40.9,0.0449498,71,1.0,0.383,,2.0,,1,1,1,0,0,2,0.0,1.0,80,,observed,observed,observed,observed,observed,missing,observed,missing,observed,observed,observed,observed,observed,observed,observed,missing
MNG,2020,85.0,,0.04666249,71,1.0,0.376,,2.0,,1,2,1,0,1,2,0.0,1.0,80,,observed,missing,observed,observed,observed,missing,observed,missing,observed,observed,observed,observed,observed,observed,observed,missing
MNG,2021,78.0,41.0,0.07210427,71,1.0,0.38,,2.0,,1,3,0,2,1,3,0.0,1.0,80,,observed,observed,observed,observed,observed,missing,observed,missing,observed,observed,observed,observed,observed,observed,observed,missing
MNG,2022,,,0.08851702,71,,0.379,,2.0,,1,1,0,0,1,1,0.0,1.0,80,,missing,missing,observed,observed,missing,missing,observed,missing,observed,observed,observed,observed,observed,observed,observed,missing
MOZ,2010,,,0.05292497,33,,0.329,,,,1,1,1,0,0,2,0.0,1.0,100,,missing,missing,observed,observed,missing,missing,missing,missing,observed,observed,observed,observed,observed,observed,observed,missing
MOZ,2017,69.0,,0.07805322,46,0.675,0.33,,,,1,1,1,0,0,2,0.0,1.0,100,,observed,missing,observed,observed,observed,missing,missing,missing,observed,observed,observed,observed,observed,observed,observed,missing
MRT,2012,25.0,,0.02649193,29,,0.284,,,,7,1,1,0,0,2,0.0,1.0,80,,observed,missing,observed,observed,missing,missing,missing,missing,observed,observed,observed,observed,observed,observed,observed,missing
MRT,2018,26.0,,0.02883626,41,,0.29,,2.0,,7,1,1,0,0,2,0.0,1.0,80,,observed,missing,observed,observed,missing,missing,observed,missing,observed,observed,observed,observed,observed,observed,observed,missing
MUS,2017,71.0,,0.05598573,76,0.0,0.415,,,,2,1,1,1,0,3,0.0,1.0,100,,observed,missing,observed,observed,observed,missing,missing,missing,observed,observed,observed,observed,observed,observed,observed,missing
MUS,2023,,,,75,,,2.0,,,2,1,1,0,0,2,0.0,1.0,100,100.0,missing,missing,missing,observed,missing,observed,missing,missing,observed,observed,observed,observed,observed,observed,observed,observed
MWI,2017,56.0,,0.07584389,52,0.825,0.245,,,,1,1,1,0,0,2,1.0,0.0,100,,observed,missing,observed,observed,observed,missing,missing,missing,observed,observed,observed,observed,observed,observed,observed,missing
MWI,2023,,,,52,,,2.0,2.0,,1,1,1,0,0,2,0.0,1.0,100,100.0,missing,missing,missing,observed,missing,observed,observed,missing,observed,observed,observed,observed,observed,observed,observed,observed
MYS,2012,100.0,,0.03457864,78,,0.656,2.0,,,3,1,1,0,0,2,0.0,1.0,20,,observed,missing,observed,observed,missing,observed,missing,missing,observed,observed,observed,observed,observed,observed,observed,missing
MYS,2016,100.0,,0.03700853,80,0.2,0.643,2.0,,,3,1,0,1,0,3,0.0,1.0,20,,observed,missing,observed,observed,observed,observed,missing,missing,observed,observed,observed,observed,observed,observed,observed,missing
MYS,2021,85.0,56.4,0.04373824,79,0.7,0.647,2.0,,,3,1,1,0,0,2,0.0,1.0,20,,observed,observed,observed,observed,observed,observed,missing,missing,observed,observed,observed,observed,observed,observed,observed,missing
MYS,2022,,,0.03905919,80,,0.648,2.0,,,3,1,0,1,0,3,0.0,1.0,20,,missing,missing,observed,observed,missing,observed,missing,missing,observed,observed,observed,observed,observed,observed,observed,missing
NAM,2013,,,0.09064487,58,,0.416,,,,1,2,2,0,0,2,0.0,1.0,80,,missing,missing,observed,observed,missing,missing,missing,missing,observed,observed,observed,observed,observed,observed,observed,missing
NAM,2021,61.0,30.3,0.09337664,61,0.925,0.396,2.0,,,1,1,1,0,0,2,0.0,1.0,80,,observed,observed,observed,observed,observed,observed,missing,missing,observed,observed,observed,observed,observed,observed,observed,missing
NER,2019,39.0,29.7,0.05666421,35,,0.306,,2.0,,1,1,1,0,0,2,0.0,1.0,40,,observed,observed,observed,observed,missing,missing,observed,missing,observed,observed,observed,observed,observed,observed,observed,missing
NGA,2011,38.0,,0.03320779,40,,0.512,,,,1,2,1,1,0,3,0.0,1.0,100,,observed,missing,observed,observed,missing,missing,missing,missing,observed,observed,observed,observed,observed,observed,observed,missing
NGA,2018,52.0,,0.03090693,46,,0.493,2.0,2.0,,1,1,1,0,0,2,0.0,1.0,100,,observed,missing,observed,observed,missing,observed,observed,missing,observed,observed,observed,observed,observed,observed,observed,missing
NGA,2022,,,0.04270904,47,,0.495,2.0,2.0,,1,1,1,1,0,3,0.0,1.0,100,,missing,missing,observed,observed,missing,observed,observed,missing,observed,observed,observed,observed,observed,observed,observed,missing
NIC,2012,76.0,,0.07488369,68,,0.333,,,,1,1,1,0,0,2,0.0,1.0,20,,observed,missing,observed,observed,missing,missing,missing,missing,observed,observed,observed,observed,observed,observed,observed,missing
NIC,2020,83.0,,0.08589961,71,,0.345,,,,1,1,1,0,0,2,0.0,1.0,20,,observed,missing,observed,observed,missing,missing,missing,missing,observed,observed,observed,observed,observed,observed,observed,missing
NLD,2012,85.0,,0.10538987,82,,0.755,,,,1,1,1,1,0,3,0.0,1.0,40,,observed,missing,observed,observed,missing,missing,missing,missing,observed,observed,observed,observed,observed,observed,observed,missing
NLD,2016,94.0,,0.10056795,84,,0.742,,,,1,2,2,0,0,2,0.0,1.0,40,,observed,missing,observed,observed,missing,missing,missing,missing,observed,observed,observed,observed,observed,observed,observed,missing
NLD,2019,90.0,67.7,0.10140396,85,,0.748,,,,1,1,1,1,0,3,0.0,1.0,40,,observed,observed,observed,observed,missing,missing,missing,missing,observed,observed,observed,observed,observed,observed,observed,missing
NOR,2010,,,0.08858115,84,,0.739,,,,4,2,2,1,0,3,0.0,1.0,80,,missing,missing,observed,observed,missing,missing,missing,missing,observed,observed,observed,observed,observed,observed,observed,missing
NOR,2017,99.0,,0.10229836,87,0.975,0.721,,,,4,1,1,0,0,2,0.0,1.0,80,,observed,missing,observed,observed,observed,missing,missing,missing,observed,observed,observed,observed,observed,observed,observed,missing
NOR,2020,94.0,,0.11424164,88,,0.713,2.0,,,4,1,1,1,0,3,0.0,1.0,80,,observed,missing,observed,observed,missing,observed,missing,missing,observed,observed,observed,observed,observed,observed,observed,missing
NPL,2010,,,0.04361315,37,,0.359,,,,1,1,1,1,0,3,0.0,1.0,100,,missing,missing,observed,observed,missing,missing,missing,missing,observed,observed,observed,observed,observed,observed,observed,missing
NPL,2013,61.0,,0.0463013,43,,0.37,,,,1,1,0,1,0,3,0.0,1.0,100,,observed,missing,observed,observed,missing,missing,missing,missing,observed,observed,observed,observed,observed,observed,observed,missing
NPL,2014,66.0,,0.05075494,45,,0.371,,,,1,2,2,1,0,3,0.0,1.0,100,,observed,missing,observed,observed,missing,missing,missing,missing,observed,observed,observed,observed,observed,observed,observed,missing
NPL,2015,72.0,,0.05466156,46,0.05,0.37,,,,1,1,1,1,0,3,0.0,1.0,100,,observed,missing,observed,observed,observed,missing,missing,missing,observed,observed,observed,observed,observed,observed,observed,missing
NPL,2020,39.0,,0.05208097,51,,0.389,,,,1,1,1,0,0,2,0.0,1.0,100,,observed,missing,observed,observed,missing,missing,missing,missing,observed,observed,observed,observed,observed,observed,observed,missing
NZL,2014,99.0,,0.09401684,89,,0.657,,,,4,1,0,0,1,1,0.0,1.0,20,,observed,missing,observed,observed,missing,missing,missing,missing,observed,observed,observed,observed,observed,observed,observed,missing
NZL,2015,98.0,,0.09283443,89,0.875,0.653,,,,4,1,1,0,0,2,0.0,1.0,20,,observed,missing,observed,observed,observed,missing,missing,missing,observed,observed,observed,observed,observed,observed,observed,missing
NZL,2018,90.0,,0.09038105,89,0.875,0.654,,,,4,1,1,1,0,3,0.0,1.0,20,,observed,missing,observed,observed,observed,missing,missing,missing,observed,observed,observed,observed,observed,observed,observed,missing
NZL,2023,,,,89,,,,,2.0,4,1,1,1,0,3,0.0,1.0,20,20.0,missing,missing,missing,observed,missing,missing,missing,observed,observed,observed,observed,observed,observed,observed,observed,observed
OMN,2012,92.0,,0.02277028,75,,0.567,,,,1,1,0,0,1,1,0.0,1.0,100,,observed,missing,observed,observed,missing,missing,missing,missing,observed,observed,observed,observed,observed,observed,observed,missing
OMN,2013,86.0,,0.02505401,74,,0.569,,,,1,1,0,1,0,3,0.0,1.0,100,,observed,missing,observed,observed,missing,missing,missing,missing,observed,observed,observed,observed,observed,observed,observed,missing
OMN,2015,94.0,,0.04078262,75,,0.569,,,2.0,1,1,1,0,0,2,0.0,1.0,100,,observed,missing,observed,observed,missing,missing,missing,observed,observed,observed,observed,observed,observed,observed,observed,missing
OMN,2016,95.0,,0.04175808,75,,0.569,,,2.0,1,1,0,1,0,3,0.0,1.0,100,,observed,missing,observed,observed,missing,missing,missing,observed,observed,observed,observed,observed,observed,observed,observed,missing
OMN,2020,79.0,,0.05119229,73,,0.574,,,2.0,1,2,2,0,0,2,0.0,1.0,100,,observed,missing,observed,observed,missing,missing,missing,observed,observed,observed,observed,observed,observed,observed,observed,missing
OMN,2021,75.0,39.1,0.04370282,73,,0.574,2.0,,2.0,1,1,1,0,0,2,0.0,1.0,100,,observed,observed,observed,observed,missing,observed,missing,observed,observed,observed,observed,observed,observed,observed,observed,missing
PAK,2013,42.0,,0.02416478,47,,0.535,,,,1,1,1,1,0,3,0.0,1.0,100,,observed,missing,observed,observed,missing,missing,missing,missing,observed,observed,observed,observed,observed,observed,observed,missing
PAK,2015,,,0.02494933,49,0.425,0.541,,,,1,1,1,0,0,2,0.0,1.0,100,,missing,missing,observed,observed,observed,missing,missing,missing,observed,observed,observed,observed,observed,observed,observed,missing
PAK,2018,51.0,,0.02828449,53,0.425,0.547,,,2.0,1,1,0,0,1,1,0.0,1.0,100,,observed,missing,observed,observed,observed,missing,missing,observed,observed,observed,observed,observed,observed,observed,observed,missing
PAN,2012,78.0,,0.06504507,78,,0.463,,,,1,1,1,0,0,2,0.0,1.0,80,,observed,missing,observed,observed,missing,missing,missing,missing,observed,observed,observed,observed,observed,observed,observed,missing
PAN,2016,71.0,,0.07093781,79,,0.492,,2.0,,1,1,0,1,0,3,0.0,1.0,80,,observed,missing,observed,observed,missing,missing,observed,missing,observed,observed,observed,observed,observed,observed,observed,missing
PAN,2021,76.0,53.5,0.09135711,83,,0.492,1.0,2.0,,1,1,1,0,0,2,0.0,1.0,80,,observed,observed,observed,observed,missing,observed,observed,missing,observed,observed,observed,observed,observed,observed,observed,missing
PER,2013,75.0,,0.04723461,69,,0.545,,,,1,1,1,1,0,3,0.0,1.0,60,,observed,missing,observed,observed,missing,missing,missing,missing,observed,observed,observed,observed,observed,observed,observed,missing
PER,2015,89.0,,0.04921474,71,,0.56,,,,1,1,1,0,0,2,0.0,1.0,60,,observed,missing,observed,observed,missing,missing,missing,missing,observed,observed,observed,observed,observed,observed,observed,missing
PER,2021,39.0,54.9,0.06679214,68,1.0,0.571,,2.0,,1,1,1,0,0,2,0.0,1.0,60,,observed,observed,observed,observed,observed,missing,observed,missing,observed,observed,observed,observed,observed,observed,observed,missing
PHL,2011,74.0,,0.04025186,63,,0.553,,,,1,1,0,1,0,3,0.0,1.0,100,,observed,missing,observed,observed,missing,missing,missing,missing,observed,observed,observed,observed,observed,observed,observed,missing
PHL,2012,75.0,,0.04177092,64,,0.563,,,,1,1,1,1,0,3,0.0,1.0,100,,observed,missing,observed,observed,missing,missing,missing,missing,observed,observed,observed,observed,observed,observed,observed,missing
PHL,2015,84.0,,0.03898275,66,,0.569,,,,1,1,1,0,0,2,0.0,1.0,100,,observed,missing,observed,observed,missing,missing,missing,missing,observed,observed,observed,observed,observed,observed,observed,missing
PHL,2017,81.0,,0.03960428,68,,0.578,,,,1,1,1,0,0,2,0.0,1.0,100,,observed,missing,observed,observed,missing,missing,missing,missing,observed,observed,observed,observed,observed,observed,observed,missing
PHL,2018,,,0.03953819,67,0.45,0.575,,,,1,1,0,1,0,3,0.0,1.0,100,,missing,missing,observed,observed,observed,missing,missing,missing,observed,observed,observed,observed,observed,observed,observed,missing
PHL,2021,60.0,45.7,0.05975006,68,1.0,0.58,,,,1,1,1,0,0,2,0.0,1.0,100,,observed,observed,observed,observed,observed,missing,missing,missing,observed,observed,observed,observed,observed,observed,observed,missing
PHL,2023,,,,69,,,2.0,,,1,1,1,0,0,2,0.0,1.0,100,100.0,missing,missing,missing,observed,missing,observed,missing,missing,observed,observed,observed,observed,observed,observed,observed,observed
PNG,2011,47.0,,0.02293978,27,,0.321,,,,1,1,1,0,0,2,0.0,1.0,100,,observed,missing,observed,observed,missing,missing,missing,missing,observed,observed,observed,observed,observed,observed,observed,missing
PNG,2015,,,0.01818817,28,0.0,0.345,,,,1,1,1,1,0,3,0.0,1.0,100,,missing,missing,observed,observed,observed,missing,missing,missing,observed,observed,observed,observed,observed,observed,observed,missing
POL,2022,,,0.06396265,83,0.875,0.693,,1.0,,1,1,1,1,0,3,0.0,1.0,20,,missing,missing,observed,observed,observed,missing,observed,missing,observed,observed,observed,observed,observed,observed,observed,missing
POL,2023,,,,82,,,,1.0,,1,1,1,1,0,3,0.0,1.0,20,20.0,missing,missing,missing,observed,missing,missing,observed,missing,observed,observed,observed,observed,observed,observed,observed,observed
PRK,2011,39.0,,,73,,,,,,1,1,0,1,0,3,0.0,1.0,20,,observed,missing,missing,observed,missing,missing,missing,missing,observed,observed,observed,observed,observed,observed,observed,missing
PRK,2013,64.0,,,77,,,,,,1,1,1,0,0,2,0.0,1.0,20,,observed,missing,missing,observed,missing,missing,missing,missing,observed,observed,observed,observed,observed,observed,observed,missing
PRK,2017,67.0,,,80,,,1.0,,,1,1,0,1,0,3,0.0,1.0,20,,observed,missing,missing,observed,missing,observed,missing,missing,observed,observed,observed,observed,observed,observed,observed,missing
PRK,2023,,,,77,,,1.0,,,1,1,1,0,0,2,0.0,1.0,20,20.0,missing,missing,missing,observed,missing,observed,missing,missing,observed,observed,observed,observed,observed,observed,observed,observed
PRT,2021,85.0,54.7,0.11123676,83,0.9,0.651,2.0,,,1,1,1,0,0,2,0.0,1.0,60,,observed,observed,observed,observed,observed,observed,missing,missing,observed,observed,observed,observed,observed,observed,observed,missing
PRY,2011,83.0,,0.05822258,70,,0.429,,,,1,1,1,0,0,2,0.0,1.0,20,,observed,missing,observed,observed,missing,missing,missing,missing,observed,observed,observed,observed,observed,observed,observed,missing
PRY,2012,60.0,,0.06531446,69,,0.434,,,,1,1,0,1,0,3,0.0,1.0,20,,observed,missing,observed,observed,missing,missing,missing,missing,observed,observed,observed,observed,observed,observed,observed,missing
PRY,2019,65.0,39.8,0.07160819,77,,0.452,2.0,2.0,,1,1,1,1,0,3,0.0,1.0,20,,observed,observed,observed,observed,missing,observed,observed,missing,observed,observed,observed,observed,observed,observed,observed,missing
PRY,2021,56.0,40.3,0.0803277,79,,0.446,2.0,2.0,,1,2,2,1,0,3,0.0,1.0,20,,observed,observed,observed,observed,missing,observed,observed,missing,observed,observed,observed,observed,observed,observed,observed,missing
QAT,2011,84.0,,0.01599962,82,,0.623,,,,1,1,1,0,0,2,0.0,1.0,60,,observed,missing,observed,observed,missing,missing,missing,missing,observed,observed,observed,observed,observed,observed,observed,missing
QAT,2017,76.0,,0.03212371,80,1.0,0.641,,,,1,1,1,1,0,3,0.0,1.0,60,,observed,missing,observed,observed,observed,missing,missing,missing,observed,observed,observed,observed,observed,observed,observed,missing
QAT,2021,92.0,48.7,0.02892793,84,1.0,0.646,,,,1,1,0,1,0,3,0.0,1.0,60,,observed,observed,observed,observed,observed,missing,missing,missing,observed,observed,observed,observed,observed,observed,observed,missing
QAT,2023,,,,84,,,,,,1,1,1,0,0,2,0.0,1.0,60,60.0,missing,missing,missing,observed,missing,missing,missing,missing,observed,observed,observed,observed,observed,observed,observed,observed
ROU,2018,72.0,,0.05518009,76,,0.61,,,,1,1,1,0,0,2,0.0,1.0,20,,observed,missing,observed,observed,missing,missing,missing,missing,observed,observed,observed,observed,observed,observed,observed,missing
ROU,2019,67.0,45.5,0.05714215,76,0.0,0.619,,,,1,1,1,0,0,2,0.0,1.0,20,,observed,observed,observed,observed,observed,missing,missing,missing,observed,observed,observed,observed,observed,observed,observed,missing
RUS,2010,,,0.04971118,75,,0.768,,,,1,1,1,0,0,2,0.0,1.0,40,,missing,missing,observed,observed,missing,missing,missing,missing,observed,observed,observed,observed,observed,observed,observed,missing
RUS,2011,96.0,,0.04794915,75,,0.776,,,,1,1,1,0,0,2,0.0,1.0,40,,observed,missing,observed,observed,missing,missing,missing,missing,observed,observed,observed,observed,observed,observed,observed,missing
RUS,2012,,,0.04936376,75,,0.783,,,,1,1,1,0,0,2,0.0,1.0,40,,missing,missing,observed,observed,missing,missing,missing,missing,observed,observed,observed,observed,observed,observed,observed,missing
RUS,2013,,,0.05081049,76,,0.785,,,,1,1,1,0,0,2,0.0,1.0,40,,missing,missing,observed,observed,missing,missing,missing,missing,observed,observed,observed,observed,observed,observed,observed,missing
RUS,2014,81.0,,0.05182096,76,,0.781,,,,1,2,2,0,0,2,0.0,1.0,40,,observed,missing,observed,observed,missing,missing,missing,missing,observed,observed,observed,observed,observed,observed,observed,missing
RUS,2015,81.0,,0.05296044,76,0.725,0.757,,,,1,1,1,0,0,2,0.0,1.0,40,,observed,missing,observed,observed,observed,missing,missing,missing,observed,observed,observed,observed,observed,observed,observed,missing
RUS,2016,98.0,,0.05289702,78,0.75,0.746,,,,1,1,1,0,0,2,0.0,1.0,40,,observed,missing,observed,observed,observed,missing,missing,missing,observed,observed,observed,observed,observed,observed,observed,missing
RUS,2017,,,0.05358898,78,0.775,0.748,,,,1,1,0,1,0,3,0.0,1.0,40,,missing,missing,observed,observed,observed,missing,missing,missing,observed,observed,observed,observed,observed,observed,observed,missing
RUS,2018,100.0,,0.05355208,79,0.8,0.751,,,,1,1,1,0,0,2,0.0,1.0,40,,observed,missing,observed,observed,observed,missing,missing,missing,observed,observed,observed,observed,observed,observed,observed,missing
RUS,2019,99.0,47.1,0.05648491,79,0.825,0.756,,,,1,1,1,0,0,2,0.0,1.0,40,,observed,observed,observed,observed,observed,missing,missing,missing,observed,observed,observed,observed,observed,observed,observed,missing
RUS,2020,100.0,,0.0804076,80,0.825,0.751,2.0,,,1,2,2,0,0,2,0.0,1.0,40,,observed,missing,observed,observed,observed,observed,missing,missing,observed,observed,observed,observed,observed,observed,observed,missing
RUS,2021,100.0,49.1,0.06975843,80,0.85,0.755,2.0,,,1,1,1,0,0,2,0.0,1.0,40,,observed,observed,observed,observed,observed,observed,missing,missing,observed,observed,observed,observed,observed,observed,observed,missing
RWA,2010,,,0.08081929,44,,0.276,,,,1,1,0,1,0,3,0.0,1.0,80,,missing,missing,observed,observed,missing,missing,missing,missing,observed,observed,observed,observed,observed,observed,observed,missing
RWA,2013,35.0,,0.06773981,50,,0.286,,,,1,1,1,0,0,2,0.0,1.0,80,,observed,missing,observed,observed,missing,missing,missing,missing,observed,observed,observed,observed,observed,observed,observed,missing
RWA,2017,66.0,,0.06366531,56,,0.289,,2.0,,1,1,1,0,0,2,0.0,1.0,80,,observed,missing,observed,observed,missing,missing,observed,missing,observed,observed,observed,observed,observed,observed,observed,missing
RWA,2021,67.0,33.1,0.07303784,55,,0.304,,2.0,,1,1,1,0,0,2,0.0,1.0,80,,observed,observed,observed,observed,missing,missing,observed,missing,observed,observed,observed,observed,observed,observed,observed,missing
RWA,2022,,,0.07879212,58,,0.306,,2.0,,1,1,0,0,1,1,0.0,1.0,80,,missing,missing,observed,observed,missing,missing,observed,missing,observed,observed,observed,observed,observed,observed,observed,missing
SAU,2013,100.0,,0.04422935,82,,0.743,,,,1,1,1,0,0,2,0.0,1.0,100,,observed,missing,observed,observed,missing,missing,missing,missing,observed,observed,observed,observed,observed,observed,observed,missing
SAU,2022,,,0.04624624,82,,0.739,2.0,,2.0,1,1,1,0,0,2,0.0,1.0,100,,missing,missing,observed,observed,missing,observed,missing,observed,observed,observed,observed,observed,observed,observed,observed,missing
SAU,2023,,,,83,,,2.0,,2.0,1,1,0,1,0,3,0.0,1.0,100,100.0,missing,missing,missing,observed,missing,observed,missing,observed,observed,observed,observed,observed,observed,observed,observed,observed
SDN,2015,,,0.05811126,45,0.225,0.411,,,,1,1,1,1,0,3,0.0,1.0,20,,missing,missing,observed,observed,observed,missing,missing,missing,observed,observed,observed,observed,observed,observed,observed,missing
SDN,2018,65.0,,0.04463583,47,0.2,0.361,,2.0,,1,1,1,0,0,2,1.0,0.0,20,,observed,missing,observed,observed,observed,missing,observed,missing,observed,observed,observed,observed,observed,observed,observed,missing
SDN,2020,53.0,,0.03009654,47,,0.338,,2.0,,1,2,0,1,1,3,0.0,1.0,20,,observed,missing,observed,observed,missing,missing,observed,missing,observed,observed,observed,observed,observed,observed,observed,missing
SDN,2022,,,0.04618744,48,,0.342,,2.0,,1,1,0,0,1,1,0.0,1.0,20,,missing,missing,observed,observed,missing,missing,observed,missing,observed,observed,observed,observed,observed,observed,observed,missing
SDN,2023,,,,48,,,,2.0,,1,1,0,0,1,1,0.0,1.0,20,20.0,missing,missing,missing,observed,missing,missing,observed,missing,observed,observed,observed,observed,observed,observed,observed,observed
SEN,2011,30.0,,0.04214167,40,,0.373,,,,1,1,1,0,0,2,0.0,1.0,60,,observed,missing,observed,observed,missing,missing,missing,missing,observed,observed,observed,observed,observed,observed,observed,missing
SEN,2015,,,0.04377896,42,,0.366,,,,1,1,0,1,0,3,0.0,1.0,60,,missing,missing,observed,observed,missing,missing,missing,missing,observed,observed,observed,observed,observed,observed,observed,missing
SEN,2019,54.0,35.9,0.0449531,50,,0.382,2.0,,,1,1,0,1,0,3,1.0,0.0,60,,observed,observed,observed,observed,missing,observed,missing,missing,observed,observed,observed,observed,observed,observed,observed,missing
SEN,2022,,,0.04063584,49,,0.394,2.0,,,1,1,1,0,0,2,0.0,1.0,60,,missing,missing,observed,observed,missing,observed,missing,missing,observed,observed,observed,observed,observed,observed,observed,missing
SGP,2019,92.0,55.8,0.04352992,88,,0.689,,,,4,1,1,0,0,2,0.0,1.0,20,,observed,observed,observed,observed,missing,missing,missing,missing,observed,observed,observed,observed,observed,observed,observed,missing
SGP,2021,94.0,57.4,0.05166908,88,,0.691,,,,4,1,1,0,0,2,0.0,1.0,20,,observed,observed,observed,observed,missing,missing,missing,missing,observed,observed,observed,observed,observed,observed,observed,missing
SLB,2012,32.0,,0.04877603,42,,0.199,,,,4,1,0,1,0,3,0.0,1.0,100,,observed,missing,observed,observed,missing,missing,missing,missing,observed,observed,observed,observed,observed,observed,observed,missing
SLB,2013,48.0,,0.04581572,44,,0.204,,,,4,1,1,1,0,3,0.0,1.0,100,,observed,missing,observed,observed,missing,missing,missing,missing,observed,observed,observed,observed,observed,observed,observed,missing
SLE,2010,,,0.09126884,31,,0.207,,,,1,1,1,1,0,3,0.0,1.0,80,,missing,missing,observed,observed,missing,missing,missing,missing,observed,observed,observed,observed,observed,observed,observed,missing
SLE,2011,58.0,,0.10767538,36,,0.22,,,,1,1,1,0,0,2,0.0,1.0,80,,observed,missing,observed,observed,missing,missing,missing,missing,observed,observed,observed,observed,observed,observed,observed,missing
SLE,2019,40.0,34.1,0.09129927,42,,0.21,,,,1,1,0,0,1,1,0.0,1.0,80,,observed,observed,observed,observed,missing,missing,missing,missing,observed,observed,observed,observed,observed,observed,observed,missing
SLE,2020,49.0,,0.09325887,41,,0.213,,,,1,2,1,0,1,2,0.0,1.0,80,,observed,missing,observed,observed,missing,missing,missing,missing,observed,observed,observed,observed,observed,observed,observed,missing
SLV,2010,,,0.08904162,75,,,,,,1,1,0,1,0,3,0.0,1.0,60,,missing,missing,observed,observed,missing,missing,missing,missing,observed,observed,observed,observed,observed,observed,observed,missing
SLV,2018,75.0,,0.08322752,78,,,,,,1,1,1,1,0,3,0.0,1.0,60,,observed,missing,observed,observed,missing,missing,missing,missing,observed,observed,observed,observed,observed,observed,observed,missing
SLV,2022,,,0.09840797,79,,,2.0,,,1,1,1,0,0,2,0.0,1.0,60,,missing,missing,observed,observed,missing,observed,missing,missing,observed,observed,observed,observed,observed,observed,observed,missing
SLV,2023,,,,79,,,2.0,,,1,1,1,1,0,3,0.0,1.0,60,60.0,missing,missing,missing,observed,missing,observed,missing,missing,observed,observed,observed,observed,observed,observed,observed,observed
SMR,2015,,,0.08433153,77,,,,,,4,1,0,1,0,3,0.0,1.0,20,,missing,missing,observed,observed,missing,missing,missing,missing,observed,observed,observed,observed,observed,observed,observed,missing
SMR,2020,33.0,,0.08481474,74,,,,,,4,1,0,1,0,3,0.0,1.0,20,,observed,missing,observed,observed,missing,missing,missing,missing,observed,observed,observed,observed,observed,observed,observed,missing
SOM,2016,,,0.02275338,26,,0.193,,2.0,,1,1,1,0,0,2,0.0,1.0,40,,missing,missing,observed,observed,missing,missing,observed,missing,observed,observed,observed,observed,observed,observed,observed,missing
SOM,2017,28.0,,0.0243361,28,0.75,0.195,,2.0,,1,1,0,1,0,3,0.0,1.0,40,,observed,missing,observed,observed,observed,missing,observed,missing,observed,observed,observed,observed,observed,observed,observed,missing
SOM,2019,,17.9,0.02190595,28,,0.207,,2.0,,1,1,1,0,0,2,0.0,1.0,40,,missing,observed,observed,observed,missing,missing,observed,missing,observed,observed,observed,observed,observed,observed,observed,missing
SOM,2021,34.0,16.0,0.0256882,29,,0.222,2.0,2.0,,1,1,1,0,0,2,0.0,1.0,40,,observed,observed,observed,observed,missing,observed,observed,missing,observed,observed,observed,observed,observed,observed,observed,missing
SOM,2022,,,0.02621832,30,,0.222,2.0,2.0,,1,1,1,0,0,2,0.0,1.0,40,,missing,missing,observed,observed,missing,observed,observed,missing,observed,observed,observed,observed,observed,observed,observed,missing
SRB,2023,,,,73,,,,,1.0,1,1,1,0,0,2,0.0,1.0,20,20.0,missing,missing,missing,observed,missing,missing,missing,observed,observed,observed,observed,observed,observed,observed,observed,observed
SSD,2015,49.0,,,31,,0.297,,,,1,1,1,0,0,2,0.0,1.0,100,,observed,missing,missing,observed,missing,missing,missing,missing,observed,observed,observed,observed,observed,observed,observed,missing
STP,2013,16.0,,0.08940609,51,,0.124,,,,1,1,1,0,0,2,0.0,1.0,40,,observed,missing,observed,observed,missing,missing,missing,missing,observed,observed,observed,observed,observed,observed,observed,missing
SUR,2013,61.0,,0.04487381,73,,0.34,,,,1,1,1,0,0,2,0.0,1.0,80,,observed,missing,observed,observed,missing,missing,missing,missing,observed,observed,observed,observed,observed,observed,observed,missing
SUR,2017,71.0,,0.05322859,75,,0.302,,,,1,1,0,1,0,3,0.0,1.0,80,,observed,missing,observed,observed,missing,missing,missing,missing,observed,observed,observed,observed,observed,observed,observed,missing
SVK,2017,95.0,,0.06756991,82,0.375,0.57,,,1.0,1,1,1,1,0,3,0.0,1.0,20,,observed,missing,observed,observed,observed,missing,missing,observed,observed,observed,observed,observed,observed,observed,observed,missing
SVK,2022,,,0.0773064,80,,0.584,,,1.0,1,1,1,0,0,2,0.0,1.0,20,,missing,missing,observed,observed,missing,missing,missing,observed,observed,observed,observed,observed,observed,observed,observed,missing
SVN,2021,78.0,67.8,0.09480554,83,0.65,0.561,2.0,,,1,1,1,0,0,2,0.0,1.0,80,,observed,observed,observed,observed,observed,observed,missing,missing,observed,observed,observed,observed,observed,observed,observed,missing
SWE,2015,92.0,,0.10804184,83,,0.737,,,,4,1,1,0,0,2,0.0,1.0,20,,observed,missing,observed,observed,missing,missing,missing,missing,observed,observed,observed,observed,observed,observed,observed,missing
SWE,2023,,,,85,,,1.0,,,4,1,1,0,0,2,0.0,1.0,20,20.0,missing,missing,missing,observed,missing,observed,missing,missing,observed,observed,observed,observed,observed,observed,observed,observed
SWZ,2017,75.0,,0.06981037,70,0.525,0.302,,2.0,,1,1,1,0,0,2,0.0,1.0,80,,observed,missing,observed,observed,observed,missing,observed,missing,observed,observed,observed,observed,observed,observed,observed,missing
SYC,2010,,,0.05351682,67,,0.269,,,,1,1,1,0,0,2,0.0,1.0,60,,missing,missing,observed,observed,missing,missing,missing,missing,observed,observed,observed,observed,observed,observed,observed,missing
SYR,2015,,,0.03479053,71,,0.363,,,,1,1,1,0,0,2,0.0,1.0,40,,missing,missing,observed,observed,missing,missing,missing,missing,observed,observed,observed,observed,observed,observed,observed,missing
SYR,2021,58.0,16.7,0.04706135,72,,0.346,2.0,,,1,1,1,0,0,2,0.0,1.0,40,,observed,observed,observed,observed,missing,observed,missing,missing,observed,observed,observed,observed,observed,observed,observed,missing
TCD,2010,,,0.0304079,22,,0.294,,,,4,1,1,0,0,2,0.0,1.0,80,,missing,missing,observed,observed,missing,missing,missing,missing,observed,observed,observed,observed,observed,observed,observed,missing
TCD,2012,,,0.02958965,25,,0.297,,,,4,2,2,0,0,2,0.0,1.0,80,,missing,missing,observed,observed,missing,missing,missing,missing,observed,observed,observed,observed,observed,observed,observed,missing
TCD,2016,40.0,,0.03604028,23,,0.271,,2.0,,4,1,0,1,0,3,0.0,1.0,80,,observed,missing,observed,observed,missing,missing,observed,missing,observed,observed,observed,observed,observed,observed,observed,missing
TGO,2012,,,0.04643665,36,,0.26,,,,1,1,1,1,0,3,0.0,1.0,40,,missing,missing,observed,observed,missing,missing,missing,missing,observed,observed,observed,observed,observed,observed,observed,missing
TGO,2017,64.0,,0.06502105,40,0.45,0.271,,,,1,1,1,0,0,2,0.0,1.0,40,,observed,missing,observed,observed,observed,missing,missing,missing,observed,observed,observed,observed,observed,observed,observed,missing
TGO,2022,,,0.06041341,39,,0.301,,,,1,1,0,1,0,3,0.0,1.0,40,,missing,missing,observed,observed,missing,missing,missing,missing,observed,observed,observed,observed,observed,observed,observed,missing
TGO,2023,,,,42,,,2.0,2.0,,1,2,1,1,0,3,0.0,1.0,40,40.0,missing,missing,missing,observed,missing,observed,observed,missing,observed,observed,observed,observed,observed,observed,observed,observed
THA,2011,90.0,,0.03568255,78,,0.635,,,,1,1,0,0,1,1,0.0,1.0,60,,observed,missing,observed,observed,missing,missing,missing,missing,observed,observed,observed,observed,observed,observed,observed,missing
THA,2013,93.0,,0.03453133,79,,0.638,,,,1,2,1,0,1,2,0.0,1.0,60,,observed,missing,observed,observed,missing,missing,missing,missing,observed,observed,observed,observed,observed,observed,observed,missing
THA,2015,,,0.03852286,80,0.6,0.642,,,,1,1,1,0,0,2,0.0,1.0,60,,missing,missing,observed,observed,observed,missing,missing,missing,observed,observed,observed,observed,observed,observed,observed,missing
THA,2016,98.0,,0.03939006,81,0.6,0.643,,,,1,1,1,1,0,3,0.0,1.0,60,,observed,missing,observed,observed,observed,missing,missing,missing,observed,observed,observed,observed,observed,observed,observed,missing
THA,2020,85.0,,0.04357247,81,0.675,0.658,,,,1,1,0,1,0,3,0.0,1.0,60,,observed,missing,observed,observed,observed,missing,missing,missing,observed,observed,observed,observed,observed,observed,observed,missing
THA,2021,88.0,68.2,0.0515337,82,,0.657,2.0,,,1,1,1,0,0,2,0.0,1.0,60,,observed,observed,observed,observed,missing,observed,missing,missing,observed,observed,observed,observed,observed,observed,observed,missing
THA,2022,,,0.05580148,82,,0.657,2.0,,,1,1,1,1,0,3,0.0,1.0,60,,missing,missing,observed,observed,missing,observed,missing,missing,observed,observed,observed,observed,observed,observed,observed,missing
THA,2023,,,,82,,,2.0,,,1,1,1,1,0,3,0.0,1.0,60,60.0,missing,missing,missing,observed,missing,observed,missing,missing,observed,observed,observed,observed,observed,observed,observed,observed
TJK,2019,62.0,29.8,0.06947668,71,1.0,0.319,,,2.0,1,1,1,0,0,2,0.0,1.0,20,,observed,observed,observed,observed,observed,missing,missing,observed,observed,observed,observed,observed,observed,observed,observed,missing
TKM,2012,,,0.03342036,79,,0.418,,,,1,1,1,0,0,2,0.0,1.0,40,,missing,missing,observed,observed,missing,missing,missing,missing,observed,observed,observed,observed,observed,observed,observed,missing
TLS,2010,,,0.06470588,38,,0.252,,,,1,1,1,0,0,2,0.0,1.0,20,,missing,missing,observed,observed,missing,missing,missing,missing,observed,observed,observed,observed,observed,observed,observed,missing
TLS,2014,63.0,,0.07604837,43,,0.242,2.0,,,1,1,1,0,0,2,0.0,1.0,20,,observed,missing,observed,observed,missing,observed,missing,missing,observed,observed,observed,observed,observed,observed,observed,missing
TLS,2016,66.0,,0.06896252,44,,0.237,2.0,,,1,1,0,1,0,3,0.0,1.0,20,,observed,missing,observed,observed,missing,observed,missing,missing,observed,observed,observed,observed,observed,observed,observed,missing
TLS,2021,60.0,27.8,0.1143106,47,,0.243,2.0,,,1,1,1,0,0,2,0.0,1.0,20,,observed,observed,observed,observed,missing,observed,missing,missing,observed,observed,observed,observed,observed,observed,observed,missing
TON,2014,,,0.05114815,70,,0.169,,,,4,1,1,1,0,3,0.0,1.0,60,,missing,missing,observed,observed,missing,missing,missing,missing,observed,observed,observed,observed,observed,observed,observed,missing
TON,2019,,24.5,0.05423945,70,0.275,0.181,2.0,,,4,1,1,0,0,2,0.0,1.0,60,,missing,observed,observed,observed,observed,observed,missing,missing,observed,observed,observed,observed,observed,observed,observed,missing
TON,2023,,,,71,,,2.0,,,4,1,1,0,0,2,0.0,1.0,60,60.0,missing,missing,missing,observed,missing,observed,missing,missing,observed,observed,observed,observed,observed,observed,observed,observed
TTO,2011,,,0.04721979,74,,0.46,,,,2,1,0,1,0,3,0.0,1.0,40,,missing,missing,observed,observed,missing,missing,missing,missing,observed,observed,observed,observed,observed,observed,observed,missing
TTO,2022,,,0.06431064,75,,0.453,,,2.0,2,1,1,1,0,3,0.0,1.0,40,,missing,missing,observed,observed,missing,missing,missing,observed,observed,observed,observed,observed,observed,observed,observed,missing
TUN,2010,,,0.05609508,69,,0.492,,,,1,1,0,1,0,3,0.0,1.0,60,,missing,missing,observed,observed,missing,missing,missing,missing,observed,observed,observed,observed,observed,observed,observed,missing
TUN,2014,65.0,,0.06450061,72,,0.481,,,,1,1,1,0,0,2,0.0,1.0,60,,observed,missing,observed,observed,missing,missing,missing,missing,observed,observed,observed,observed,observed,observed,observed,missing
TUN,2019,71.0,32.1,0.06024612,75,,0.462,,2.0,,1,1,1,0,0,2,0.0,1.0,60,,observed,observed,observed,observed,missing,missing,observed,missing,observed,observed,observed,observed,observed,observed,observed,missing
TUR,2010,,,0.05020535,71,,0.693,,,,1,1,0,1,0,3,0.0,1.0,100,,missing,missing,observed,observed,missing,missing,missing,missing,observed,observed,observed,observed,observed,observed,observed,missing
TUR,2016,88.0,,0.04284692,75,,0.688,,,,1,1,1,0,0,2,0.0,1.0,100,,observed,missing,observed,observed,missing,missing,missing,missing,observed,observed,observed,observed,observed,observed,observed,missing
TUR,2018,73.0,,0.04121016,75,,0.682,,,,1,1,1,0,0,2,0.0,1.0,100,,observed,missing,observed,observed,missing,missing,missing,missing,observed,observed,observed,observed,observed,observed,observed,missing
TUR,2022,,,0.03703389,77,,0.683,,,,1,1,1,0,0,2,0.0,1.0,100,,missing,missing,observed,observed,missing,missing,missing,missing,observed,observed,observed,observed,observed,observed,observed,missing
TZA,2010,,,0.05223922,39,,0.376,,,,1,1,1,0,0,2,0.0,1.0,100,,missing,missing,observed,observed,missing,missing,missing,missing,observed,observed,observed,observed,observed,observed,observed,missing
TZA,2012,49.0,,0.05017794,43,,0.378,,,,1,1,1,1,0,3,0.0,1.0,100,,observed,missing,observed,observed,missing,missing,missing,missing,observed,observed,observed,observed,observed,observed,observed,missing
TZA,2016,,,0.03963503,43,0.6,0.399,,,,1,1,1,0,0,2,0.0,1.0,100,,missing,missing,observed,observed,observed,missing,missing,missing,observed,observed,observed,observed,observed,observed,observed,missing
TZA,2017,69.0,,0.04077793,44,0.6,0.399,,,,1,1,1,0,0,2,0.0,1.0,100,,observed,missing,observed,observed,observed,missing,missing,missing,observed,observed,observed,observed,observed,observed,observed,missing
TZA,2020,51.0,,0.03051958,45,,0.405,,,,1,1,1,0,0,2,0.0,1.0,100,,observed,missing,observed,observed,missing,missing,missing,missing,observed,observed,observed,observed,observed,observed,observed,missing
UGA,2014,,,0.05336531,49,,0.364,,,,6,1,1,1,0,3,0.0,1.0,100,,missing,missing,observed,observed,missing,missing,missing,missing,observed,observed,observed,observed,observed,observed,observed,missing
UGA,2020,69.0,,0.05236986,52,,0.378,2.0,,,6,1,1,1,0,3,0.0,1.0,100,,observed,missing,observed,observed,missing,observed,missing,missing,observed,observed,observed,observed,observed,observed,observed,missing
UKR,2013,,,0.0694358,78,,0.591,,,,1,1,0,1,0,3,0.0,1.0,100,,missing,missing,observed,observed,missing,missing,missing,missing,observed,observed,observed,observed,observed,observed,observed,missing
UKR,2023,,,,80,,,1.0,,,1,1,1,0,0,2,0.0,1.0,100,100.0,missing,missing,missing,observed,missing,observed,missing,missing,observed,observed,observed,observed,observed,observed,observed,observed
URY,2014,,,0.08038908,84,,0.529,,,,1,1,1,0,0,2,0.0,1.0,20,,missing,missing,observed,observed,missing,missing,missing,missing,observed,observed,observed,observed,observed,observed,observed,missing
URY,2022,,,0.08945322,84,,0.536,,2.0,,1,1,1,0,0,2,0.0,1.0,20,,missing,missing,observed,observed,missing,missing,observed,missing,observed,observed,observed,observed,observed,observed,observed,missing
USA,2010,,,0.16197231,84,,0.947,,,,4,2,2,0,0,2,0.0,1.0,60,,missing,missing,observed,observed,missing,missing,missing,missing,observed,observed,observed,observed,observed,observed,observed,missing
USA,2011,88.0,,0.16140009,85,,0.946,,,,4,1,1,0,0,2,0.0,1.0,60,,observed,missing,observed,observed,missing,missing,missing,missing,observed,observed,observed,observed,observed,observed,observed,missing
USA,2012,96.0,,0.16119747,86,,0.947,,,,4,1,1,0,0,2,0.0,1.0,60,,observed,missing,observed,observed,missing,missing,missing,missing,observed,observed,observed,observed,observed,observed,observed,missing
USA,2013,96.0,,0.15986216,86,,0.944,,,,4,1,1,0,0,2,0.0,1.0,60,,observed,missing,observed,observed,missing,missing,missing,missing,observed,observed,observed,observed,observed,observed,observed,missing
USA,2014,97.0,,0.16194141,86,,0.943,,,,4,2,2,0,0,2,0.0,1.0,60,,observed,missing,observed,observed,missing,missing,missing,missing,observed,observed,observed,observed,observed,observed,observed,missing
USA,2015,97.0,,0.164816,87,0.9,0.945,,,,4,1,1,0,0,2,0.0,1.0,60,,observed,missing,observed,observed,observed,missing,missing,missing,observed,observed,observed,observed,observed,observed,observed,missing
USA,2016,96.0,,0.16791143,87,0.9,0.946,,,,4,1,1,0,0,2,0.0,1.0,60,,observed,missing,observed,observed,observed,missing,missing,missing,observed,observed,observed,observed,observed,observed,observed,missing
USA,2017,100.0,,0.1675301,87,0.9,0.946,,,,4,1,1,0,0,2,0.0,1.0,60,,observed,missing,observed,observed,observed,missing,missing,missing,observed,observed,observed,observed,observed,observed,observed,missing
USA,2018,91.0,,0.16615309,87,0.75,0.948,2.0,2.0,,4,2,2,0,0,2,0.0,1.0,60,,observed,missing,observed,observed,observed,observed,observed,missing,observed,observed,observed,observed,observed,observed,observed,missing
USA,2019,92.0,76.2,0.16661253,87,0.75,0.95,2.0,2.0,,4,1,1,0,0,2,0.0,1.0,60,,observed,observed,observed,observed,observed,observed,observed,missing,observed,observed,observed,observed,observed,observed,observed,missing
USA,2020,92.0,,0.18813253,87,0.75,0.95,2.0,2.0,,4,1,1,0,0,2,0.0,1.0,60,,observed,missing,observed,observed,observed,observed,observed,missing,observed,observed,observed,observed,observed,observed,observed,missing
USA,2021,91.0,75.9,0.17506386,87,0.8,0.952,2.0,2.0,,4,1,1,0,0,2,0.0,1.0,60,,observed,observed,observed,observed,observed,observed,observed,missing,observed,observed,observed,observed,observed,observed,observed,missing
USA,2022,,,0.1649614,88,,0.952,2.0,2.0,,4,3,1,1,1,3,0.0,1.0,60,,missing,missing,observed,observed,missing,observed,observed,missing,observed,observed,observed,observed,observed,observed,observed,missing
USA,2023,,,,88,,,2.0,2.0,,4,2,1,0,1,2,0.0,1.0,60,60.0,missing,missing,missing,observed,missing,observed,observed,missing,observed,observed,observed,observed,observed,observed,observed,observed
UZB,2011,90.0,,0.05262455,81,,0.447,,,,1,1,1,0,0,2,0.0,1.0,100,,observed,missing,observed,observed,missing,missing,missing,missing,observed,observed,observed,observed,observed,observed,observed,missing
UZB,2016,,,0.04715045,79,,0.452,,,,1,1,1,1,0,3,0.0,1.0,100,,missing,missing,observed,observed,missing,missing,missing,missing,observed,observed,observed,observed,observed,observed,observed,missing
UZB,2019,57.0,37.7,0.05397478,78,1.0,0.452,,2.0,,1,1,0,1,0,3,0.0,1.0,100,,observed,observed,observed,observed,observed,missing,observed,missing,observed,observed,observed,observed,observed,observed,observed,missing
VNM,2015,99.0,,0.04711409,71,,0.524,,,,1,1,1,0,0,2,0.0,1.0,80,,observed,missing,observed,observed,missing,missing,missing,missing,observed,observed,observed,observed,observed,observed,observed,missing
VNM,2016,99.0,,0.04869947,71,,0.529,2.0,,,1,1,1,0,0,2,0.0,1.0,80,,observed,missing,observed,observed,missing,observed,missing,missing,observed,observed,observed,observed,observed,observed,observed,missing
VNM,2017,95.0,,0.04990148,72,,0.533,2.0,,,1,1,1,1,0,3,0.0,1.0,80,,observed,missing,observed,observed,missing,observed,missing,missing,observed,observed,observed,observed,observed,observed,observed,missing
WSM,2010,,,0.05152683,58,,0.205,,,,7,1,0,1,0,3,0.0,1.0,20,,missing,missing,observed,observed,missing,missing,missing,missing,observed,observed,observed,observed,observed,observed,observed,missing
WSM,2011,67.0,,0.05383572,59,,0.206,,,,7,2,1,1,1,3,0.0,1.0,20,,observed,missing,observed,observed,missing,missing,missing,missing,observed,observed,observed,observed,observed,observed,observed,missing
WSM,2013,71.0,,0.06218239,61,,0.207,,,,7,1,0,0,1,1,0.0,1.0,20,,observed,missing,observed,observed,missing,missing,missing,missing,observed,observed,observed,observed,observed,observed,observed,missing
YEM,2010,,,0.05159329,44,,0.407,,,2.0,1,1,1,0,0,2,0.0,1.0,20,,missing,missing,observed,observed,missing,missing,missing,observed,observed,observed,observed,observed,observed,observed,observed,missing
YEM,2013,43.0,,0.04960832,44,,0.406,,,2.0,1,1,1,0,0,2,0.0,1.0,20,,observed,missing,observed,observed,missing,missing,missing,observed,observed,observed,observed,observed,observed,observed,observed,missing
YEM,2022,,,0.06186667,45,,0.338,,,2.0,1,1,1,0,0,2,0.0,1.0,20,,missing,missing,observed,observed,missing,missing,missing,observed,observed,observed,observed,observed,observed,observed,observed,missing
ZAF,2013,76.0,,0.08103223,65,,0.639,,,,1,2,2,0,0,2,0.0,1.0,100,,observed,missing,observed,observed,missing,missing,missing,missing,observed,observed,observed,observed,observed,observed,observed,missing
ZAF,2019,70.0,47.5,0.08246526,67,,0.622,,,,1,1,1,0,0,2,0.0,1.0,100,,observed,observed,observed,observed,missing,missing,missing,missing,observed,observed,observed,observed,observed,observed,observed,missing
ZAF,2021,68.0,45.8,0.08674328,72,,0.624,2.0,,,1,1,1,1,0,3,0.0,1.0,100,,observed,observed,observed,observed,missing,observed,missing,missing,observed,observed,observed,observed,observed,observed,observed,missing
ZMB,2017,64.0,,0.04781562,55,,0.382,,2.0,,7,1,1,0,0,2,0.0,1.0,100,,observed,missing,observed,observed,missing,missing,observed,missing,observed,observed,observed,observed,observed,observed,observed,missing
ZMB,2021,56.0,26.5,0.06639514,56,,0.358,,2.0,,7,1,1,0,0,2,0.0,1.0,100,,observed,observed,observed,observed,missing,missing,observed,missing,observed,observed,observed,observed,observed,observed,observed,missing
ZWE,2011,48.0,,0.08082884,43,,0.331,,,,1,1,1,1,0,3,0.0,1.0,100,,observed,missing,observed,observed,missing,missing,missing,missing,observed,observed,observed,observed,observed,observed,observed,missing
ZWE,2018,55.0,,0.04655271,54,0.625,0.359,,,,1,1,0,1,0,3,0.0,1.0,100,,observed,missing,observed,observed,observed,missing,missing,missing,observed,observed,observed,observed,observed,observed,observed,missing
ZWE,2021,59.0,32.4,0.02785717,57,0.7,0.359,,,2.0,1,1,1,0,0,2,0.0,1.0,100,,observed,observed,observed,observed,observed,missing,missing,observed,observed,observed,observed,observed,observed,observed,observed,missing
CIV,2012,,,0.04427372,37,,0.387,,,,1,1,0,1,0,3,1.0,0.0,60,,missing,missing,observed,observed,missing,missing,missing,missing,observed,observed,observed,observed,observed,observed,observed,missing
CIV,2016,78.0,,0.03321013,44,,0.409,,,,1,1,1,0,0,2,0.0,1.0,60,,observed,missing,observed,observed,missing,missing,missing,missing,observed,observed,observed,observed,observed,observed,observed,missing
CIV,2023,,,,46,,,2.0,,,1,1,1,0,0,2,0.0,1.0,60,60.0,missing,missing,missing,observed,missing,observed,missing,missing,observed,observed,observed,observed,observed,observed,observed,observed
