ISO,year,e_spar,ghs_index,disaster_risk,hexp_gdp,uhc_index,wpi_val,health_policy,national_plan,national_strategy,recognition,participation_event_it,decision_event_it,leadership_event_it,admin_event_it,role_type_it,Exclusion,NoExclusion,efforts_A,efforts_B,e_spar_flag,ghs_index_flag,disaster_risk_flag,hexp_gdp_flag,uhc_index_flag,health_policy_flag,national_plan_flag,national_strategy_flag,recognition_flag,participation_event_it_flag,decision_event_it_flag,leadership_event_it_flag,admin_event_it_flag,role_type_it_flag,efforts_A_flag,efforts_B_flag,disaster_risk_oriented,e_spar_mm_global,ghs_index_mm_global,hexp_gdp_mm_global,efforts_A_mm_global,efforts_B_mm_global,uhc_index_mm_global,health_policy_mm_global,national_plan_mm_global,national_strategy_mm_global,recognition_mm_global,participation_event_it_mm_global,decision_event_it_mm_global,leadership_event_it_mm_global,admin_event_it_mm_global,role_type_it_mm_global,disaster_risk_oriented_mm_global,NoExclusion_mm_global,e_spar_mm_year,ghs_index_mm_year,hexp_gdp_mm_year,efforts_A_mm_year,efforts_B_mm_year,uhc_index_mm_year,health_policy_mm_year,national_plan_mm_year,national_strategy_mm_year,recognition_mm_year,participation_event_it_mm_year,decision_event_it_mm_year,leadership_event_it_mm_year,admin_event_it_mm_year,role_type_it_mm_year,disaster_risk_oriented_mm_year
AFG,2012,25.0,27.9,0.07897169,37,0.3,0.354,,,,1,1,0,1,0,3,0.0,1.0,20,,observed,imputed,observed,observed,imputed,missing,missing,missing,observed,observed,observed,observed,observed,observed,observed,missing,0.92102831,0.13793103448275862,0.19767441860465113,0.21428571428571427,0.0,,0.3,,,,0.0,0.0,0.0,0.5,0.0,1.0,0.6836925274979292,1.0,0.0,0.07648183556405352,0.18461538461538463,0.0,,0.3,,,,0.0,0.0,0.0,1.0,0.0,1.0,0.5940002105077767
AFG,2014,46.0,27.9,0.09528878,38,0.3,0.346,,,,1,1,1,0,0,2,0.0,1.0,20,,observed,imputed,observed,observed,imputed,missing,missing,missing,observed,observed,observed,observed,observed,observed,observed,missing,0.90471122,0.3793103448275862,0.19767441860465113,0.22857142857142856,0.0,,0.3,,,,0.0,0.0,0.5,0.0,0.0,0.5,0.6017321044645306,1.0,0.34146341463414637,0.07648183556405352,0.13559322033898305,0.0,,0.3,,,,0.0,0.0,0.5,0.0,0.0,0.5,0.46869079188671703
AFG,2015,42.0,27.9,0.10105348,38,0.3,0.341,,,,1,1,0,1,0,3,0.0,1.0,20,,observed,imputed,observed,observed,imputed,missing,missing,missing,observed,observed,observed,observed,observed,observed,observed,missing,0.89894652,0.3333333333333333,0.19767441860465113,0.22857142857142856,0.0,,0.3,,,,0.0,0.0,0.0,0.5,0.0,1.0,0.5727761294309529,1.0,0.18571428571428572,0.18823529411764706,0.15873015873015872,0.0,,0.3,,,,0.0,0.0,0.0,1.0,0.0,1.0,0.43485960339179763
AFG,2018,35.0,27.9,0.14208419,42,0.3,0.336,,,,1,1,1,1,0,3,0.0,1.0,20,,observed,imputed,observed,observed,observed,missing,missing,missing,observed,observed,observed,observed,observed,observed,observed,missing,0.85791581,0.25287356321839083,0.19767441860465113,0.2857142857142857,0.0,,0.3,,,,0.0,0.0,0.5,0.5,0.0,1.0,0.366679677860194,1.0,0.12162162162162163,0.07648183556405352,0.17543859649122806,0.0,,0.3,,,,0.0,0.0,0.5,1.0,0.0,1.0,0.17074266308584865
AFG,2019,43.0,27.9,0.1483132,42,0.725,0.339,,,,1,1,1,1,0,3,0.0,1.0,20,,observed,observed,observed,observed,observed,missing,missing,missing,observed,observed,observed,observed,observed,observed,observed,missing,0.8516868,0.3448275862068966,0.19767441860465113,0.2857142857142857,0.0,,0.725,,,,0.0,0.0,0.5,0.5,0.0,1.0,0.33539148280339953,1.0,0.17647058823529413,0.17152658662092624,0.23333333333333334,0.0,,0.725,,,,0.0,0.0,0.5,1.0,0.0,1.0,0.1264581748805061
AFG,2020,47.0,28.35,0.15533614,42,0.725,0.341,,,,1,1,1,1,0,3,0.0,1.0,20,,observed,imputed,observed,observed,imputed,missing,missing,missing,observed,observed,observed,observed,observed,observed,observed,missing,0.84466386,0.39080459770114945,0.20514950166112958,0.2857142857142857,0.0,,0.725,,,,0.0,0.0,0.5,0.5,0.0,1.0,0.3001153929284174,1.0,0.2318840579710145,0.08533077660594443,0.1935483870967742,0.0,,0.7105263157894737,,,,0.0,0.0,0.5,0.5,0.0,1.0,0.19887485083502376
AFG,2021,41.0,28.8,0.21508461,42,0.725,0.33,,,,1,1,1,0,0,2,0.0,1.0,20,,observed,observed,observed,observed,imputed,missing,missing,missing,observed,observed,observed,observed,observed,observed,observed,missing,0.78491539,0.3218390804597701,0.21262458471760798,0.2857142857142857,0.0,,0.725,,,,0.0,0.0,0.5,0.0,0.0,0.5,0.0,1.0,0.2625,0.21368948247078462,0.20634920634920634,0.0,,0.725,,,,0.0,0.0,0.5,0.0,0.0,0.5,0.0
AGO,2013,41.0,25.2,0.02732827,37,,0.512,,,,1,1,0,1,0,3,0.0,1.0,80,,observed,imputed,observed,observed,imputed,missing,missing,missing,observed,observed,observed,observed,observed,observed,observed,missing,0.97267173,0.3218390804597701,0.1528239202657807,0.21428571428571427,0.75,,,,,,0.0,0.0,0.0,0.5,0.0,1.0,0.9430964132454182,1.0,0.2976190476190476,0.0,0.0,0.75,,,,,,0.0,0.0,0.0,1.0,0.0,1.0,0.9766871696417422
AGO,2014,18.0,25.2,0.02434129,37,,0.514,,,,1,1,1,0,0,2,0.0,1.0,80,,observed,imputed,observed,observed,imputed,missing,missing,missing,observed,observed,observed,observed,observed,observed,observed,missing,0.97565871,0.05747126436781609,0.1528239202657807,0.21428571428571427,0.75,,,,,,0.0,0.0,0.5,0.0,0.0,0.5,0.9580999552000381,1.0,0.0,0.02485659655831741,0.11864406779661017,0.75,,,,,,0.0,0.0,0.5,0.0,0.0,0.5,0.9675823625640465
AGO,2019,63.0,25.2,0.02475188,45,,0.462,2.0,,,1,1,1,1,0,3,0.0,1.0,80,,observed,observed,observed,observed,imputed,carried_forward,missing,missing,observed,observed,observed,observed,observed,observed,observed,missing,0.97524812,0.5747126436781609,0.1528239202657807,0.32857142857142857,0.75,,,1.0,,,0.0,0.0,0.5,0.5,0.0,1.0,0.9560375696831792,1.0,0.47058823529411764,0.12521440823327615,0.2833333333333333,0.75,,,1.0,,,0.0,0.0,0.5,1.0,0.0,1.0,0.9803330988818891
AGO,2022,63.0,25.2,0.02927376,45,,0.423,2.0,,,1,1,1,0,0,2,0.0,1.0,80,,imputed,imputed,observed,observed,imputed,carried_forward,missing,missing,observed,observed,observed,observed,observed,observed,observed,missing,0.97072624,0.5747126436781609,0.1528239202657807,0.32857142857142857,0.75,,,1.0,,,0.0,0.0,0.5,0.0,0.0,0.5,0.9333242551334481,1.0,0.4393939393939394,0.15358931552587643,0.24193548387096775,0.75,,,1.0,,,0.0,0.0,0.5,0.0,0.0,0.5,0.9486062362734067
ALB,2011,,,0.06182977,59,,0.388,,,,1,1,1,0,0,2,0.0,1.0,20,,imputed,imputed,observed,observed,imputed,missing,missing,missing,observed,observed,observed,observed,observed,observed,observed,missing,0.93817023,,,0.5285714285714286,0.0,,,,,,0.0,0.0,0.5,0.0,0.0,0.5,0.7697960554434565,1.0,,,0.5737704918032787,0.0,,,,,,0.0,0.0,1.0,0.0,0.0,0.5,0.6848005374398033
ALB,2013,,,0.06282863,61,,0.392,,,,1,1,1,0,0,2,0.0,1.0,20,,imputed,imputed,observed,observed,imputed,missing,missing,missing,observed,observed,observed,observed,observed,observed,observed,missing,0.93717137,,,0.5571428571428572,0.0,,,,,,0.0,0.0,0.5,0.0,0.0,0.5,0.7647788012546799,1.0,,,0.4897959183673469,0.0,,,,,,0.0,0.0,0.5,0.0,0.0,0.5,0.71507298077531
AND,2013,20.0,34.7,0.06799642,69,,,,,,1,1,1,0,0,2,0.0,1.0,20,,observed,imputed,observed,observed,imputed,missing,missing,missing,observed,observed,observed,observed,observed,observed,observed,missing,0.9320035799999999,0.08045977011494253,0.31063122923588044,0.6714285714285714,0.0,,,,,,0.0,0.0,0.5,0.0,0.0,0.5,0.7388210934435586,1.0,0.047619047619047616,0.18627450980392163,0.6530612244897959,0.0,,,,,,0.0,0.0,0.5,0.0,0.0,0.5,0.6769897841800625
AND,2021,20.0,34.7,0.08334507,74,,,2.0,,,1,1,1,0,0,2,0.0,1.0,20,,imputed,observed,observed,observed,imputed,carried_forward,missing,missing,observed,observed,observed,observed,observed,observed,observed,missing,0.91665493,0.08045977011494253,0.31063122923588044,0.7428571428571429,0.0,,,1.0,,,0.0,0.0,0.5,0.0,0.0,0.5,0.6617251255355815,1.0,0.0,0.31218697829716197,0.7142857142857143,0.0,,,1.0,,,0.0,0.0,0.5,0.0,0.0,0.5,0.6881883605388259
ARE,2013,88.0,40.1,0.03502222,79,0.275,0.685,,,,4,1,0,0,1,1,0.0,1.0,20,,observed,imputed,observed,observed,imputed,missing,missing,missing,observed,observed,observed,observed,observed,observed,observed,missing,0.96497778,0.8620689655172413,0.4003322259136213,0.8142857142857143,0.0,,0.275,,,,0.5,0.0,0.0,0.0,1.0,0.0,0.9044498533013463,1.0,0.8571428571428571,0.29215686274509806,0.8571428571428571,0.0,,0.275,,,,0.5,0.0,0.0,0.0,1.0,0.0,0.9199878435383203
ARE,2019,96.0,40.1,0.04402913,84,0.275,0.703,,,1.0,4,2,1,1,0,3,0.0,1.0,20,,observed,observed,observed,observed,observed,missing,missing,carried_forward,observed,observed,observed,observed,observed,observed,observed,missing,0.95597087,0.9540229885057471,0.4003322259136213,0.8857142857142857,0.0,,0.275,,,0.0,0.5,0.5,0.5,0.5,0.0,1.0,0.8592083210291244,1.0,0.9558823529411765,0.3807890222984563,0.9333333333333333,0.0,,0.275,,,0.0,0.5,1.0,0.5,1.0,0.0,1.0,0.8471169728425617
ARG,2013,75.0,56.1,0.09780979,80,0.0,0.669,2.0,,,3,2,1,0,1,2,0.0,1.0,80,,observed,imputed,observed,observed,imputed,carried_forward,missing,missing,observed,observed,observed,observed,observed,observed,observed,missing,0.90219021,0.7126436781609196,0.6661129568106312,0.8285714285714286,0.75,,0.0,1.0,,,0.3333333333333333,0.5,0.5,0.0,1.0,0.5,0.5890691206805696,1.0,0.7023809523809523,0.6058823529411765,0.8775510204081632,0.75,,0.0,0.0,,,0.3333333333333333,1.0,0.5,0.0,1.0,0.5,0.4572849527382178
ARG,2016,76.0,56.1,0.09855589,81,0.0,0.671,2.0,,,3,1,1,0,0,2,0.0,1.0,80,,observed,imputed,observed,observed,observed,carried_forward,missing,missing,observed,observed,observed,observed,observed,observed,observed,missing,0.90144411,0.7241379310344828,0.6661129568106312,0.8428571428571429,0.75,,0.0,1.0,,,0.3333333333333333,0.0,0.5,0.0,0.0,0.5,0.5853214750142641,1.0,0.6666666666666666,0.6552315608919382,0.8787878787878788,0.75,,0.0,1.0,,,0.3333333333333333,0.0,0.5,0.0,0.0,0.5,0.47779327429653423
ARG,2018,64.0,56.1,0.10291469,79,0.75,0.662,2.0,,,3,1,1,0,0,2,0.0,1.0,80,,observed,imputed,observed,observed,observed,carried_forward,missing,missing,observed,observed,observed,observed,observed,observed,observed,missing,0.89708531,0.5862068965517241,0.6661129568106312,0.8142857142857143,0.75,,0.75,1.0,,,0.3333333333333333,0.0,0.5,0.0,0.0,0.5,0.5634273081059502,1.0,0.5135135135135135,0.615678776290631,0.8245614035087719,0.75,,0.75,0.0,,,0.3333333333333333,0.0,0.5,0.0,0.0,0.5,0.4486076565729285
ARG,2019,61.0,56.1,0.10155511,79,0.75,0.651,2.0,,,3,1,1,0,0,2,0.0,1.0,80,,observed,observed,observed,observed,imputed,carried_forward,missing,missing,observed,observed,observed,observed,observed,observed,observed,missing,0.8984448899999999,0.5517241379310345,0.6661129568106312,0.8142857142857143,0.75,,0.75,1.0,,,0.3333333333333333,0.0,0.5,0.0,0.0,0.5,0.5702564517797145,1.0,0.4411764705882353,0.6552315608919382,0.85,0.75,,0.75,1.0,,,0.3333333333333333,0.0,0.5,0.0,0.0,0.5,0.44958162925279493
ARG,2020,64.0,56.1,0.10450306,79,0.75,0.634,2.0,,,3,1,1,0,0,2,0.0,1.0,80,,observed,imputed,observed,observed,imputed,carried_forward,missing,missing,observed,observed,observed,observed,observed,observed,observed,missing,0.89549694,0.5862068965517241,0.6661129568106312,0.8142857142857143,0.75,,0.75,1.0,,,0.3333333333333333,0.0,0.5,0.0,0.0,0.5,0.5554489567495773,1.0,0.4782608695652174,0.6174496644295301,0.7903225806451613,0.75,,0.7368421052631579,0.0,,,0.3333333333333333,0.0,0.5,0.0,0.0,0.5,0.5071228379605831
ARM,2010,,,0.09235383,65,1.0,0.393,,,,1,1,1,0,0,2,0.0,1.0,20,,imputed,imputed,observed,observed,imputed,missing,missing,missing,observed,observed,observed,observed,observed,observed,observed,missing,0.90764617,,,0.6142857142857143,0.0,,1.0,,,,0.0,0.0,0.5,0.0,0.0,0.5,0.6164743007496448,1.0,,,0.6935483870967742,0.0,,1.0,,,,0.0,0.0,0.5,0.0,0.0,0.5,0.49327415709176453
ARM,2016,,,0.09951949,71,1.0,0.388,,,,1,1,0,1,0,3,0.0,1.0,20,,imputed,imputed,observed,observed,imputed,missing,missing,missing,observed,observed,observed,observed,observed,observed,observed,missing,0.90048051,,,0.7,0.0,,1.0,,,,0.0,0.0,0.0,0.5,0.0,1.0,0.5804813311139125,1.0,,,0.7272727272727273,0.0,,1.0,,,,0.0,0.0,0.0,1.0,0.0,1.0,0.4711549927820053
ARM,2022,,,0.09962129,71,1.0,0.402,2.0,,2.0,1,1,1,0,0,2,0.0,1.0,20,,imputed,imputed,observed,observed,observed,carried_forward,missing,carried_forward,observed,observed,observed,observed,observed,observed,observed,missing,0.90037871,,,0.7,0.0,,1.0,1.0,,1.0,0.0,0.0,0.5,0.0,0.0,0.5,0.5799699917105756,1.0,,,0.6612903225806451,0.0,,1.0,1.0,,1.0,0.0,0.0,0.5,0.0,0.0,0.5,0.45679942421277603
ATG,2016,81.0,,0.05121902,83,,0.305,2.0,,,4,1,1,0,0,2,0.0,1.0,20,,observed,imputed,observed,observed,imputed,carried_forward,missing,missing,observed,observed,observed,observed,observed,observed,observed,missing,0.94878098,0.7816091954022989,,0.8714285714285714,0.0,,,1.0,,,0.5,0.0,0.5,0.0,0.0,0.5,0.8230936445786294,1.0,0.7361111111111112,,0.9090909090909091,0.0,,,1.0,,,0.5,0.0,0.5,0.0,0.0,0.5,0.8038989914785989
ATG,2017,71.0,,0.04874939,82,,0.286,2.0,,,4,1,1,1,0,3,0.0,1.0,20,,observed,imputed,observed,observed,imputed,carried_forward,missing,missing,observed,observed,observed,observed,observed,observed,observed,missing,0.95125061,0.6666666666666666,,0.8571428571428571,0.0,,,1.0,,,0.5,0.0,0.5,0.5,0.0,1.0,0.8354985476303362,1.0,0.5972222222222222,,0.9152542372881356,0.0,,,1.0,,,0.5,0.0,1.0,1.0,0.0,1.0,0.8295089878067515
AUS,2012,99.0,71.1,0.08669226,89,0.2,0.803,,,,4,1,1,0,0,2,0.0,1.0,20,,observed,imputed,observed,observed,imputed,missing,missing,missing,observed,observed,observed,observed,observed,observed,observed,missing,0.91330774,0.9885057471264368,0.9152823920265779,0.9571428571428572,0.0,,0.2,,,,0.5,0.0,0.5,0.0,0.0,0.5,0.644912255815971,1.0,0.9866666666666667,0.9024856596558316,0.9846153846153847,0.0,,0.2,,,,0.5,0.0,0.5,0.0,0.0,0.5,0.5382267024274644
AUS,2016,100.0,71.1,0.10089729,89,0.2,0.786,,,,4,1,1,1,0,3,0.0,1.0,20,,observed,imputed,observed,observed,observed,missing,missing,missing,observed,observed,observed,observed,observed,observed,observed,missing,0.89910271,1.0,0.9152823920265779,0.9571428571428572,0.0,,0.2,,,,0.5,0.0,0.5,0.5,0.0,1.0,0.5735606687375074,1.0,1.0,0.9125214408233274,1.0,0.0,,0.2,,,,0.5,0.0,0.5,1.0,0.0,1.0,0.4616632697945445
AUS,2018,90.0,71.1,0.10051631,89,0.625,0.785,,,,4,1,1,0,0,2,0.0,1.0,20,,observed,imputed,observed,observed,observed,missing,missing,missing,observed,observed,observed,observed,observed,observed,observed,missing,0.8994836900000001,0.8850574712643678,0.9152823920265779,0.9571428571428572,0.0,,0.625,,,,0.5,0.0,0.5,0.0,0.0,0.5,0.575474323805125,1.0,0.8648648648648649,0.9024856596558316,1.0,0.0,,0.625,,,,0.5,0.0,0.5,0.0,0.0,0.5,0.4656215536887853
AUS,2020,92.0,71.1,0.10660401,89,0.7,0.784,,,,4,1,1,1,0,3,0.0,1.0,20,,observed,imputed,observed,observed,observed,missing,missing,missing,observed,observed,observed,observed,observed,observed,observed,missing,0.89339599,0.9080459770114943,0.9152823920265779,0.9571428571428572,0.0,,0.7,,,,0.5,0.0,0.5,0.5,0.0,1.0,0.5448959261067348,1.0,0.8840579710144928,0.9050814956855222,0.9516129032258065,0.0,,0.6842105263157894,,,,0.5,0.0,0.5,0.5,0.0,1.0,0.4943828346290627
AUS,2021,88.0,71.1,0.10425253,89,0.7,0.788,,,,4,1,1,0,0,2,0.0,1.0,20,,observed,observed,observed,observed,observed,missing,missing,missing,observed,observed,observed,observed,observed,observed,observed,missing,0.89574747,0.8620689655172413,0.9152823920265779,0.9571428571428572,0.0,,0.7,,,,0.5,0.0,0.5,0.0,0.0,0.5,0.5567073640257861,1.0,0.85,0.9198664440734555,0.9523809523809523,0.0,,0.7,,,,0.5,0.0,0.5,0.0,0.0,0.5,0.5789708042878243
AUS,2023,88.0,71.1,0.10425253,89,0.7,,2.0,,,4,1,1,0,0,2,0.0,1.0,20,20.0,imputed,imputed,imputed,observed,imputed,carried_forward,missing,missing,observed,observed,observed,observed,observed,observed,observed,observed,0.89574747,0.8620689655172413,0.9152823920265779,0.9571428571428572,0.0,0.0,0.7,1.0,,,0.5,0.0,0.5,0.0,0.0,0.5,0.5567073640257861,1.0,0.8153846153846154,0.9066147859922177,1.0,0.0,0.0,0.7,1.0,,,0.5,0.0,1.0,0.0,0.0,0.5,0.433653680624656
AUT,2014,91.0,57.4,0.10368092,83,,0.71,,,,4,1,1,1,0,3,0.0,1.0,20,,observed,imputed,observed,observed,imputed,missing,missing,missing,observed,observed,observed,observed,observed,observed,observed,missing,0.89631908,0.896551724137931,0.6877076411960132,0.8714285714285714,0.0,,,,,,0.5,0.0,0.5,0.5,0.0,1.0,0.5595785498444662,1.0,0.8902439024390244,0.6405353728489483,0.8983050847457628,0.0,,,,,,0.6,0.0,0.5,1.0,0.0,1.0,0.4096785857333487
AUT,2019,67.0,57.4,0.10487536,82,,0.705,1.0,,,4,1,1,0,0,2,0.0,1.0,20,,observed,observed,observed,observed,imputed,carried_forward,missing,missing,observed,observed,observed,observed,observed,observed,observed,missing,0.89512464,0.6206896551724138,0.6877076411960132,0.8571428571428571,0.0,,,0.0,,,0.5,0.0,0.5,0.0,0.0,0.5,0.5535789011517143,1.0,0.5294117647058824,0.6775300171526586,0.9,0.0,,,0.0,,,0.5,0.0,0.5,0.0,0.0,0.5,0.4266369227992258
AZE,2012,,,0.03156821,62,,0.507,,,,1,1,1,0,0,2,0.0,1.0,60,,imputed,imputed,observed,observed,imputed,missing,missing,missing,observed,observed,observed,observed,observed,observed,observed,missing,0.96843179,,,0.5714285714285714,0.5,,,,,,0.0,0.0,0.5,0.0,0.0,0.5,0.9217992777858341,1.0,,,0.5692307692307692,0.5,,,,,,0.0,0.0,0.5,0.0,0.0,0.5,0.9364436278739751
BDI,2015,56.0,22.1,0.06290226,49,0.625,0.201,,,,1,1,1,0,0,2,0.0,1.0,80,,observed,imputed,observed,observed,observed,missing,missing,missing,observed,observed,observed,observed,observed,observed,observed,missing,0.93709774,0.4942528735632184,0.10132890365448508,0.38571428571428573,0.75,,0.625,,,,0.0,0.0,0.5,0.0,0.0,0.5,0.7644089592088283,1.0,0.38571428571428573,0.09075630252100844,0.3333333333333333,0.75,,0.625,,,,0.0,0.0,0.5,0.0,0.0,0.5,0.6950504552921499
BDI,2016,62.0,22.1,0.07061482,47,0.625,0.196,,2.0,,1,1,1,0,0,2,0.0,1.0,80,,observed,imputed,observed,observed,observed,missing,carried_forward,missing,observed,observed,observed,observed,observed,observed,observed,missing,0.92938518,0.5632183908045977,0.10132890365448508,0.35714285714285715,0.75,,0.625,,1.0,,0.0,0.0,0.5,0.0,0.0,0.5,0.7256689215997651,1.0,0.4722222222222222,0.07204116638078907,0.36363636363636365,0.75,,0.625,,0.0,,0.0,0.0,0.5,0.0,0.0,0.5,0.6702804977057769
BDI,2021,38.0,22.1,0.08994843,45,0.775,0.198,2.0,2.0,1.0,1,1,1,0,0,2,0.0,1.0,80,,observed,observed,observed,observed,observed,carried_forward,carried_forward,carried_forward,observed,observed,observed,observed,observed,observed,observed,missing,0.91005157,0.28735632183908044,0.10132890365448508,0.32857142857142857,0.75,,0.775,1.0,1.0,0.0,0.0,0.0,0.5,0.0,0.0,0.5,0.6285565777711319,1.0,0.225,0.10183639398998331,0.25396825396825395,0.75,,0.775,1.0,0.0,0.0,0.0,0.0,0.5,0.0,0.0,0.5,0.6536933600822612
BEL,2012,82.0,,0.10502501,85,,0.722,,,,1,1,1,0,0,2,0.0,1.0,20,,observed,imputed,observed,observed,imputed,missing,missing,missing,observed,observed,observed,observed,observed,observed,observed,missing,0.89497499,0.7931034482758621,,0.9,0.0,,,,,,0.0,0.0,0.5,0.0,0.0,0.5,0.552827212136887,1.0,0.76,,0.9230769230769231,0.0,,,,,,0.0,0.0,0.5,0.0,0.0,0.5,0.4057906542782533
BEN,2014,44.0,25.4,0.0269112,30,0.1,0.315,,,,1,1,1,0,0,2,0.0,1.0,40,,observed,imputed,observed,observed,imputed,missing,missing,missing,observed,observed,observed,observed,observed,observed,observed,missing,0.9730888,0.3563218390804598,0.15614617940199332,0.11428571428571428,0.25,,0.1,,,,0.0,0.0,0.5,0.0,0.0,0.5,0.9451913476751812,1.0,0.3170731707317073,0.028680688336520075,0.0,0.25,,0.1,,,,0.0,0.0,0.5,0.0,0.0,0.5,0.9495111603777618
BEN,2016,28.0,25.4,0.02795496,26,0.1,0.303,,,,1,1,1,0,0,2,0.0,1.0,40,,observed,imputed,observed,observed,observed,missing,missing,missing,observed,observed,observed,observed,observed,observed,observed,missing,0.97204504,0.1724137931034483,0.15614617940199332,0.05714285714285714,0.25,,0.1,,,,0.0,0.0,0.5,0.0,0.0,0.5,0.939948561667055,1.0,0.0,0.12864493996569468,0.045454545454545456,0.25,,0.1,,,,0.0,0.0,0.5,0.0,0.0,0.5,0.9641660934409085
BEN,2017,30.0,25.4,0.02668138,33,0.175,0.31,,,,1,1,1,0,0,2,0.0,1.0,40,,observed,imputed,observed,observed,observed,missing,missing,missing,observed,observed,observed,observed,observed,observed,observed,missing,0.97331862,0.19540229885057472,0.15614617940199332,0.15714285714285714,0.25,,0.175,,,,0.0,0.0,0.5,0.0,0.0,0.5,0.9463457290275877,1.0,0.027777777777777776,0.12864493996569468,0.0847457627118644,0.25,,0.175,,,,0.0,0.0,1.0,0.0,0.0,0.5,0.9836216601254242
BEN,2021,39.0,25.4,0.02581295,37,0.175,0.327,2.0,2.0,,1,1,0,1,0,3,0.0,1.0,40,,observed,observed,observed,observed,imputed,carried_forward,carried_forward,missing,observed,observed,observed,observed,observed,observed,observed,missing,0.97418705,0.2988505747126437,0.15614617940199332,0.21428571428571427,0.25,,0.175,1.0,1.0,,0.0,0.0,0.0,0.5,0.0,1.0,0.9507078358845639,1.0,0.2375,0.15692821368948243,0.12698412698412698,0.25,,0.175,1.0,0.0,,0.0,0.0,0.0,0.5,0.0,1.0,0.9887278594707567
BEN,2022,39.0,25.4,0.02679814,35,0.175,0.329,2.0,2.0,,1,1,1,0,0,2,0.0,1.0,40,,imputed,imputed,observed,observed,imputed,carried_forward,carried_forward,missing,observed,observed,observed,observed,observed,observed,observed,missing,0.97320186,0.2988505747126437,0.15614617940199332,0.18571428571428572,0.25,,0.175,1.0,1.0,,0.0,0.0,0.5,0.0,0.0,0.5,0.9457592458376695,1.0,0.07575757575757576,0.15692821368948243,0.08064516129032258,0.25,,0.175,1.0,1.0,,0.0,0.0,0.5,0.0,0.0,0.5,0.9659135501204393
BFA,2010,29.0,34.4,0.05239583,32,0.25,0.325,,,,1,1,1,0,0,2,0.0,1.0,60,,imputed,imputed,observed,observed,imputed,missing,missing,missing,observed,observed,observed,observed,observed,observed,observed,missing,0.94760417,0.1839080459770115,0.3056478405315614,0.14285714285714285,0.5,,0.25,,,,0.0,0.0,0.5,0.0,0.0,0.5,0.8171825510300901,1.0,0.0,0.17878192534381132,0.16129032258064516,0.5,,0.25,,,,0.0,0.0,0.5,0.0,0.0,0.5,0.7763922138070602
BFA,2015,29.0,34.4,0.05131924,39,0.25,0.318,,,,1,1,1,0,0,2,0.0,1.0,60,,imputed,imputed,observed,observed,observed,missing,missing,missing,observed,observed,observed,observed,observed,observed,observed,missing,0.94868076,0.1839080459770115,0.3056478405315614,0.24285714285714285,0.5,,0.25,,,,0.0,0.0,0.5,0.0,0.0,0.5,0.8225902414843028,1.0,0.0,0.29747899159663865,0.1746031746031746,0.5,,0.25,,,,0.0,0.0,0.5,0.0,0.0,0.5,0.7740465094518548
BFA,2018,29.0,34.4,0.04999539,39,0.525,0.333,,,,1,1,1,1,0,3,0.0,1.0,60,,observed,imputed,observed,observed,observed,missing,missing,missing,observed,observed,observed,observed,observed,observed,observed,missing,0.95000461,0.1839080459770115,0.3056478405315614,0.24285714285714285,0.5,,0.525,,,,0.0,0.0,0.5,0.5,0.0,1.0,0.8292399140688609,1.0,0.04054054054054054,0.20076481835564053,0.12280701754385964,0.5,,0.525,,,,0.0,0.0,0.5,1.0,0.0,1.0,0.8240125238763354
BFA,2019,44.0,34.4,0.05368027,40,0.525,0.332,,,,1,1,1,0,0,2,0.0,1.0,60,,observed,observed,observed,observed,observed,missing,missing,missing,observed,observed,observed,observed,observed,observed,observed,missing,0.94631973,0.3563218390804598,0.3056478405315614,0.2571428571428571,0.5,,0.525,,,,0.0,0.0,0.5,0.0,0.0,0.5,0.8107308341025611,1.0,0.19117647058823528,0.2830188679245283,0.2,0.5,,0.525,,,,0.0,0.0,0.5,0.0,0.0,0.5,0.7804224244674982
BFA,2022,44.0,34.4,0.0677182,48,0.525,0.344,2.0,,,1,1,1,0,0,2,0.0,1.0,60,,imputed,imputed,observed,observed,imputed,carried_forward,missing,missing,observed,observed,observed,observed,observed,observed,observed,missing,0.9322817999999999,0.3563218390804598,0.3056478405315614,0.37142857142857144,0.5,,0.525,1.0,,,0.0,0.0,0.5,0.0,0.0,0.5,0.7402185870466675,1.0,0.15151515151515152,0.30717863105175286,0.2903225806451613,0.5,,0.525,1.0,,,0.0,0.0,0.5,0.0,0.0,0.5,0.6798372051808265
BGD,2019,67.0,35.4,0.02257622,50,0.925,0.508,,,,1,1,1,0,0,2,0.0,1.0,60,,observed,observed,observed,observed,observed,missing,missing,missing,observed,observed,observed,observed,observed,observed,observed,missing,0.97742378,0.6206896551724138,0.32225913621262453,0.4,0.5,,0.925,,,,0.0,0.0,0.5,0.0,0.0,0.5,0.9669658671906906,1.0,0.5294117647058824,0.3001715265866209,0.36666666666666664,0.5,,0.925,,,,0.0,0.0,0.5,0.0,0.0,0.5,0.9953680751766776
BGD,2021,68.0,35.5,0.02365513,52,0.0,0.524,2.0,,,1,2,2,2,0,3,0.0,1.0,60,,observed,observed,observed,observed,observed,carried_forward,missing,missing,observed,observed,observed,observed,observed,observed,observed,missing,0.97634487,0.632183908045977,0.3239202657807309,0.42857142857142855,0.5,,0.0,1.0,,,0.0,0.5,1.0,1.0,0.0,1.0,0.9615465234219819,1.0,0.6,0.32554257095158595,0.36507936507936506,0.5,,0.0,1.0,,,0.0,0.5,1.0,1.0,0.0,1.0,1.0
BGR,2018,64.0,59.9,0.0733192,71,0.9,0.537,,,,1,1,1,0,0,2,0.0,1.0,20,,observed,imputed,observed,observed,observed,missing,missing,missing,observed,observed,observed,observed,observed,observed,observed,missing,0.9266808,0.5862068965517241,0.729235880398671,0.7,0.0,,0.9,,,,0.0,0.0,0.5,0.0,0.0,0.5,0.7120848739023468,1.0,0.5135135135135135,0.6883365200764818,0.6842105263157895,0.0,,0.9,,,,0.0,0.0,0.5,0.0,0.0,0.5,0.6585554638233888
BGR,2021,72.0,59.9,0.08618928,72,0.9,0.553,,,,1,1,1,1,0,3,0.0,1.0,20,,observed,observed,observed,observed,observed,missing,missing,missing,observed,observed,observed,observed,observed,observed,observed,missing,0.91381072,0.6781609195402298,0.729235880398671,0.7142857142857143,0.0,,0.9,,,,0.0,0.0,0.5,0.5,0.0,1.0,0.6474387144907306,1.0,0.65,0.7328881469115192,0.6825396825396826,0.0,,0.9,,,,0.0,0.0,0.5,0.5,0.0,1.0,0.6733306176248295
BGR,2022,72.0,59.9,0.07663575,73,0.05,0.553,,,,1,1,0,1,0,3,0.0,1.0,20,,imputed,imputed,observed,observed,observed,missing,missing,missing,observed,observed,observed,observed,observed,observed,observed,missing,0.92336425,0.6781609195402298,0.729235880398671,0.7285714285714285,0.0,,0.05,,,,0.0,0.0,0.0,0.5,0.0,1.0,0.695425908301776,1.0,0.5757575757575758,0.7328881469115192,0.6935483870967742,0.0,,0.05,,,,0.0,0.0,0.0,1.0,0.0,1.0,0.6174936966469625
BHR,2014,92.0,,0.04412403,79,,0.513,,,,1,2,0,1,1,3,0.0,1.0,20,,observed,imputed,observed,observed,imputed,missing,missing,missing,observed,observed,observed,observed,observed,observed,observed,missing,0.95587597,0.9080459770114943,,0.8142857142857143,0.0,,,,,,0.0,0.5,0.0,0.5,1.0,1.0,0.8587316401904534,1.0,0.9024390243902439,,0.8305084745762712,0.0,,,,,,0.0,1.0,0.0,1.0,1.0,1.0,0.828473251996481
BHR,2016,96.0,,0.04860512,78,,0.508,2.0,,,1,1,1,0,0,2,0.0,1.0,20,,observed,imputed,observed,observed,imputed,carried_forward,missing,missing,observed,observed,observed,observed,observed,observed,observed,missing,0.95139488,0.9540229885057471,,0.8,0.0,,,1.0,,,0.0,0.0,0.5,0.0,0.0,0.5,0.8362232130106848,1.0,0.9444444444444444,,0.8333333333333334,0.0,,,1.0,,,0.0,0.0,0.5,0.0,0.0,0.5,0.8219062601075179
BHR,2023,96.0,,0.04860512,78,,,2.0,,,1,1,1,1,0,3,0.0,1.0,20,20.0,imputed,imputed,imputed,observed,imputed,carried_forward,missing,missing,observed,observed,observed,observed,observed,observed,observed,observed,0.95139488,0.9540229885057471,,0.8,0.0,0.0,,1.0,,,0.0,0.0,0.5,0.5,0.0,1.0,0.8362232130106848,1.0,0.9384615384615385,,0.7708333333333334,0.0,0.0,,1.0,,,0.0,0.0,1.0,1.0,0.0,1.0,0.8311525002160814
BHS,2012,62.0,29.6,0.05319092,80,,0.385,2.0,,,4,1,1,0,0,2,0.0,1.0,80,,imputed,imputed,observed,observed,imputed,carried_forward,missing,missing,observed,observed,observed,observed,observed,observed,observed,missing,0.94680908,0.5632183908045977,0.22591362126245848,0.8285714285714286,0.75,,,1.0,,,0.5,0.0,0.5,0.0,0.0,0.5,0.8131888295546539,1.0,0.49333333333333335,0.10898661567877634,0.8461538461538461,0.75,,,0.0,,,0.5,0.0,0.5,0.0,0.0,0.5,0.7802408616399712
BHS,2019,62.0,29.6,0.05868006,80,,0.407,2.0,,,4,1,1,0,0,2,0.0,1.0,80,,observed,observed,observed,observed,imputed,carried_forward,missing,missing,observed,observed,observed,observed,observed,observed,observed,missing,0.94131994,0.5632183908045977,0.22591362126245848,0.8285714285714286,0.75,,,1.0,,,0.5,0.0,0.5,0.0,0.0,0.5,0.7856169869963575,1.0,0.45588235294117646,0.20068610634648373,0.8666666666666667,0.75,,,1.0,,,0.5,0.0,0.5,0.0,0.0,0.5,0.745871196734799
BHS,2020,65.0,29.6,0.07593031,81,,0.391,2.0,,,4,1,0,1,0,3,0.0,1.0,80,,observed,imputed,observed,observed,imputed,carried_forward,missing,missing,observed,observed,observed,observed,observed,observed,observed,missing,0.92406969,0.5977011494252874,0.22591362126245848,0.8428571428571429,0.75,,,1.0,,,0.5,0.0,0.0,0.5,0.0,1.0,0.6989693195855702,1.0,0.4927536231884058,0.10930009587727711,0.8225806451612904,0.75,,,0.0,,,0.5,0.0,0.0,0.5,0.0,1.0,0.6803858524020027
BLR,2021,94.0,43.9,0.065655,80,0.8,0.509,2.0,,,1,1,1,0,0,2,0.0,1.0,20,,observed,observed,observed,observed,observed,carried_forward,missing,missing,observed,observed,observed,observed,observed,observed,observed,missing,0.934345,0.9310344827586207,0.46345514950166106,0.8285714285714286,0.0,,0.8,1.0,,,0.0,0.0,0.5,0.0,0.0,0.5,0.750582000179923,1.0,0.925,0.4657762938230383,0.8095238095238095,0.0,,0.8,1.0,,,0.0,0.0,0.5,0.0,0.0,0.5,0.7805987353671962
BRA,2013,89.0,,0.07976602,81,,0.755,,,,1,1,1,0,0,2,0.0,1.0,80,,observed,imputed,observed,observed,imputed,missing,missing,missing,observed,observed,observed,observed,observed,observed,observed,missing,0.92023398,0.8735632183908046,,0.8428571428571429,0.75,,,,,,0.0,0.0,0.5,0.0,0.0,0.5,0.6797026234875869,1.0,0.8690476190476191,,0.8979591836734694,0.75,,,,,,0.0,0.0,0.5,0.0,0.0,0.5,0.5902556114200583
BRA,2017,96.0,,0.09471251,83,,0.736,,,,1,1,1,0,0,2,0.0,1.0,80,,observed,imputed,observed,observed,imputed,missing,missing,missing,observed,observed,observed,observed,observed,observed,observed,missing,0.90528749,0.9540229885057471,,0.8714285714285714,0.75,,,,,,0.0,0.0,0.5,0.0,0.0,0.5,0.6046266973718107,1.0,0.9444444444444444,,0.9322033898305084,0.75,,,,,,0.0,0.0,1.0,0.0,0.0,0.5,0.5085240303364664
BRA,2022,96.0,,0.09142775,83,,0.713,,,,1,1,1,0,0,2,0.0,1.0,80,,imputed,imputed,observed,observed,imputed,missing,missing,missing,observed,observed,observed,observed,observed,observed,observed,missing,0.90857225,0.9540229885057471,,0.8714285714285714,0.75,,,,,,0.0,0.0,0.5,0.0,0.0,0.5,0.6211259824258974,1.0,0.9393939393939394,,0.8548387096774194,0.75,,,,,,0.0,0.0,0.5,0.0,0.0,0.5,0.5140813044279199
BRB,2010,90.0,34.9,0.06770947,79,0.975,0.374,,,,4,1,1,0,0,2,0.0,1.0,100,,imputed,imputed,observed,observed,imputed,missing,missing,missing,observed,observed,observed,observed,observed,observed,observed,missing,0.93229053,0.8850574712643678,0.31395348837209297,0.8142857142857143,1.0,,0.975,,,,0.5,0.0,0.5,0.0,0.0,0.5,0.740262437665441,1.0,0.8714285714285714,0.18860510805500977,0.9193548387096774,1.0,,0.975,,,,0.5,0.0,0.5,0.0,0.0,0.5,0.6678890855714721
BRB,2015,90.0,34.9,0.06818275,83,0.975,0.338,,,,4,1,0,1,0,3,0.0,1.0,100,,observed,imputed,observed,observed,imputed,missing,missing,missing,observed,observed,observed,observed,observed,observed,observed,missing,0.93181725,0.8850574712643678,0.31395348837209297,0.8714285714285714,1.0,,0.975,,,,0.5,0.0,0.0,0.5,0.0,1.0,0.7378851615081581,1.0,0.8714285714285714,0.30588235294117644,0.873015873015873,1.0,,0.975,,,,0.5,0.0,0.0,1.0,0.0,1.0,0.6590375783369364
BRB,2018,90.0,34.9,0.06439439,82,0.975,0.334,,,,4,1,1,0,0,2,0.0,1.0,100,,imputed,imputed,observed,observed,observed,missing,missing,missing,observed,observed,observed,observed,observed,observed,observed,missing,0.93560561,0.8850574712643678,0.31395348837209297,0.8571428571428571,1.0,,0.975,,,,0.5,0.0,0.5,0.0,0.0,0.5,0.756914019484844,1.0,0.8648648648648649,0.21032504780114722,0.8771929824561403,1.0,,0.975,,,,0.5,0.0,0.5,0.0,0.0,0.5,0.721867282266908
BRB,2021,90.0,34.9,0.0793866,81,0.975,0.337,,,,4,1,1,1,0,3,0.0,1.0,100,,imputed,observed,observed,observed,imputed,missing,missing,missing,observed,observed,observed,observed,observed,observed,observed,missing,0.9206134,0.8850574712643678,0.31395348837209297,0.8428571428571429,1.0,,0.975,,,,0.5,0.0,0.5,0.5,0.0,1.0,0.6816084427058013,1.0,0.875,0.3155258764607679,0.8253968253968254,1.0,,0.975,,,,0.5,0.0,0.5,0.5,0.0,1.0,0.708866837020087
BRB,2023,90.0,34.9,0.0793866,82,0.975,,,,,4,1,1,0,0,2,0.0,1.0,100,100.0,imputed,imputed,imputed,observed,imputed,missing,missing,missing,observed,observed,observed,observed,observed,observed,observed,observed,0.9206134,0.8850574712643678,0.31395348837209297,0.8571428571428571,1.0,1.0,0.975,,,,0.5,0.0,0.5,0.0,0.0,0.5,0.6816084427058013,1.0,0.8461538461538461,0.2023346303501945,0.8541666666666666,1.0,1.0,0.975,,,,0.5,0.0,1.0,0.0,0.0,0.5,0.6112752055625285
BRN,2023,,,,84,,,2.0,,,7,1,1,1,0,3,0.0,1.0,100,100.0,imputed,imputed,imputed,observed,imputed,carried_forward,missing,missing,observed,observed,observed,observed,observed,observed,observed,observed,,,,0.8857142857142857,1.0,1.0,,1.0,,,1.0,0.0,0.5,0.5,0.0,1.0,,1.0,,,0.8958333333333334,1.0,1.0,,1.0,,,1.0,0.0,1.0,1.0,0.0,1.0,
BTN,2011,50.0,40.8,0.03083106,58,,0.264,,2.0,,1,1,1,1,0,3,0.0,1.0,40,,observed,imputed,observed,observed,imputed,missing,carried_forward,missing,observed,observed,observed,observed,observed,observed,observed,missing,0.96916894,0.42528735632183906,0.41196013289036537,0.5142857142857142,0.25,,,,1.0,,0.0,0.0,0.5,0.5,0.0,1.0,0.9255019677776811,1.0,0.4457831325301205,0.2563025210084033,0.5573770491803278,0.25,,,,0.0,,0.0,0.0,1.0,1.0,0.0,1.0,0.8979959280736849
BTN,2012,63.0,40.8,0.03320876,58,,0.265,,2.0,,1,1,1,1,0,3,0.0,1.0,40,,imputed,imputed,observed,observed,imputed,missing,carried_forward,missing,observed,observed,observed,observed,observed,observed,observed,missing,0.96679124,0.5747126436781609,0.41196013289036537,0.5142857142857142,0.25,,,,1.0,,0.0,0.0,0.5,0.5,0.0,1.0,0.9135588273128981,1.0,0.5066666666666667,0.32313575525812616,0.5076923076923077,0.25,,,,0.0,,0.0,0.0,0.5,1.0,0.0,1.0,0.9245922712149259
BTN,2016,76.0,40.8,0.03327101,65,,0.273,,2.0,,1,1,1,0,0,2,0.0,1.0,40,,observed,imputed,observed,observed,imputed,missing,carried_forward,missing,observed,observed,observed,observed,observed,observed,observed,missing,0.96672899,0.7241379310344828,0.41196013289036537,0.6142857142857143,0.25,,,,1.0,,0.0,0.0,0.5,0.0,0.0,0.5,0.9132461467838434,1.0,0.6666666666666666,0.39279588336192106,0.6363636363636364,0.25,,,,0.0,,0.0,0.0,0.5,0.0,0.0,0.5,0.9275435981676527
BTN,2019,59.0,40.8,0.03375112,66,,0.277,2.0,2.0,,1,1,0,1,0,3,0.0,1.0,40,,observed,observed,observed,observed,imputed,carried_forward,carried_forward,missing,observed,observed,observed,observed,observed,observed,observed,missing,0.96624888,0.5287356321839081,0.41196013289036537,0.6285714285714286,0.25,,,1.0,1.0,,0.0,0.0,0.0,0.5,0.0,1.0,0.9108345636705206,1.0,0.4117647058823529,0.39279588336192106,0.6333333333333333,0.25,,,1.0,0.0,,0.0,0.0,0.0,1.0,0.0,1.0,0.9181435287877022
BTN,2020,71.0,40.3,0.04084515,69,,0.278,2.0,2.0,,1,1,1,1,0,3,0.0,1.0,40,,observed,imputed,observed,observed,imputed,carried_forward,carried_forward,missing,observed,observed,observed,observed,observed,observed,observed,missing,0.95915485,0.6666666666666666,0.4036544850498338,0.6714285714285714,0.25,,,1.0,1.0,,0.0,0.0,0.5,0.5,0.0,1.0,0.8752013901198679,1.0,0.5797101449275363,0.31447746883988487,0.6290322580645161,0.25,,,0.0,0.0,,0.0,0.0,0.5,0.5,0.0,1.0,0.893139632971234
BTN,2021,52.0,39.8,0.03072905,68,,0.276,2.0,2.0,,1,1,0,1,0,3,0.0,1.0,40,,observed,observed,observed,observed,imputed,carried_forward,carried_forward,missing,observed,observed,observed,observed,observed,observed,observed,missing,0.96927095,0.4482758620689655,0.39534883720930225,0.6571428571428571,0.25,,,1.0,1.0,,0.0,0.0,0.0,0.5,0.0,1.0,0.9260143620068995,1.0,0.4,0.3973288814691151,0.6190476190476191,0.25,,,1.0,0.0,,0.0,0.0,0.0,0.5,0.0,1.0,0.9630468619566847
BTN,2023,52.0,39.8,0.03072905,69,,,2.0,2.0,,1,2,0,1,1,3,0.0,1.0,40,40.0,imputed,imputed,imputed,observed,imputed,carried_forward,carried_forward,missing,observed,observed,observed,observed,observed,observed,observed,observed,0.96927095,0.4482758620689655,0.39534883720930225,0.6714285714285714,0.25,0.25,,1.0,1.0,,0.0,0.5,0.0,0.5,1.0,1.0,0.9260143620068995,1.0,0.26153846153846155,0.29766536964980533,0.5833333333333334,0.25,0.25,,1.0,1.0,,0.0,1.0,0.0,1.0,1.0,1.0,0.9588442782149793
BWA,2011,56.0,,0.0586915,56,0.525,0.429,2.0,2.0,,7,1,1,0,0,2,0.0,1.0,40,,imputed,imputed,observed,observed,imputed,carried_forward,carried_forward,missing,observed,observed,observed,observed,observed,observed,observed,missing,0.9413085,0.4942528735632184,,0.4857142857142857,0.25,,0.525,1.0,1.0,,1.0,0.0,0.5,0.0,0.0,0.5,0.785559524100737,1.0,0.5180722891566265,,0.5245901639344263,0.25,,0.525,0.0,0.0,,1.0,0.0,1.0,0.0,0.0,0.5,0.7063841678090861
BWA,2015,56.0,,0.06102878,60,0.525,0.425,2.0,2.0,,7,1,1,1,0,3,0.0,1.0,40,,observed,imputed,observed,observed,imputed,carried_forward,carried_forward,missing,observed,observed,observed,observed,observed,observed,observed,missing,0.93897122,0.4942528735632184,,0.5428571428571428,0.25,,0.525,1.0,1.0,,1.0,0.0,0.5,0.5,0.0,1.0,0.7738194125031725,1.0,0.38571428571428573,,0.5079365079365079,0.25,,0.525,0.0,0.0,,1.0,0.0,0.5,1.0,0.0,1.0,0.7078275658856845
BWA,2018,26.0,,0.06040103,57,0.525,0.432,2.0,2.0,,7,1,1,0,0,2,0.0,1.0,40,,observed,imputed,observed,observed,observed,carried_forward,carried_forward,missing,observed,observed,observed,observed,observed,observed,observed,missing,0.93959897,0.14942528735632185,,0.5,0.25,,0.525,1.0,1.0,,1.0,0.0,0.5,0.0,0.0,0.5,0.776972588440746,1.0,0.0,,0.43859649122807015,0.25,,0.525,0.0,0.0,,1.0,0.0,0.5,0.0,0.0,0.5,0.7501958274459779
BWA,2020,43.0,,0.0612134,61,0.525,0.425,2.0,2.0,,7,1,1,0,0,2,0.0,1.0,40,,observed,imputed,observed,observed,imputed,carried_forward,carried_forward,missing,observed,observed,observed,observed,observed,observed,observed,missing,0.9387866,0.3448275862068966,,0.5571428571428572,0.25,,0.525,1.0,1.0,,1.0,0.0,0.5,0.0,0.0,0.5,0.7728920698642324,1.0,0.17391304347826086,,0.5,0.25,,0.5000000000000001,0.0,0.0,,1.0,0.0,0.5,0.0,0.0,0.5,0.7696280915936473
CAF,2016,29.0,,0.05444023,32,,0.168,,,,1,1,1,0,0,2,0.0,1.0,100,,observed,imputed,observed,observed,imputed,missing,missing,missing,observed,observed,observed,observed,observed,observed,observed,missing,0.94555977,0.1839080459770115,,0.14285714285714285,1.0,,,,,,0.0,0.0,0.5,0.0,0.0,0.5,0.8069135699280996,1.0,0.013888888888888888,,0.13636363636363635,1.0,,,,,,0.0,0.0,0.5,0.0,0.0,0.5,0.7817079383472019
CAN,2012,98.0,69.8,0.10544606,90,0.95,0.815,,,,5,1,1,1,0,3,0.0,1.0,20,,observed,imputed,observed,observed,imputed,missing,missing,missing,observed,observed,observed,observed,observed,observed,observed,missing,0.89455394,0.9770114942528736,0.8936877076411959,0.9714285714285714,0.0,,0.95,,,,0.6666666666666666,0.0,0.5,0.5,0.0,1.0,0.550712286245186,1.0,0.9733333333333334,0.8776290630975142,1.0,0.0,,0.95,,,,0.6666666666666666,0.0,0.5,1.0,0.0,1.0,0.40274898305744733
CAN,2015,99.0,69.8,0.10768502,91,0.95,0.801,,,,5,1,1,0,0,2,0.0,1.0,20,,observed,imputed,observed,observed,imputed,missing,missing,missing,observed,observed,observed,observed,observed,observed,observed,missing,0.89231498,0.9885057471264368,0.8936877076411959,0.9857142857142858,0.0,,0.95,,,,0.6666666666666666,0.0,0.5,0.0,0.0,0.5,0.539466034079214,1.0,1.0,0.8924369747899159,1.0,0.0,,0.95,,,,0.6666666666666666,0.0,0.5,0.0,0.0,0.5,0.3896325820275724
CAN,2020,100.0,69.8,0.13024195,92,0.95,0.795,,,,5,1,1,1,0,3,0.0,1.0,20,,observed,imputed,observed,observed,imputed,missing,missing,missing,observed,observed,observed,observed,observed,observed,observed,missing,0.86975805,1.0,0.8936877076411959,1.0,0.0,,0.95,,,,0.6666666666666666,0.0,0.5,0.5,0.0,1.0,0.42616301711143545,1.0,1.0,0.8801534036433363,1.0,0.0,,0.9473684210526315,,,,0.6666666666666666,0.0,0.5,0.5,0.0,1.0,0.3510441381582848
CAN,2021,97.0,69.8,0.12419209,92,0.95,0.801,,,,5,1,1,0,0,2,0.0,1.0,20,,observed,observed,observed,observed,observed,missing,missing,missing,observed,observed,observed,observed,observed,observed,observed,missing,0.87580791,0.9655172413793104,0.8936877076411959,1.0,0.0,,0.95,,,,0.6666666666666666,0.0,0.5,0.0,0.0,0.5,0.4565513452320038,1.0,0.9625,0.8981636060100165,1.0,0.0,,0.95,,,,0.6666666666666666,0.0,0.5,0.0,0.0,0.5,0.4748094180687322
CAN,2022,97.0,69.8,0.11234325,92,0.95,0.802,2.0,,,5,1,1,0,0,2,0.0,1.0,20,,imputed,imputed,observed,observed,imputed,carried_forward,missing,missing,observed,observed,observed,observed,observed,observed,observed,missing,0.88765675,0.9655172413793104,0.8936877076411959,1.0,0.0,,0.95,1.0,,,0.6666666666666666,0.0,0.5,0.0,0.0,0.5,0.5160678361537954,1.0,0.9545454545454546,0.8981636060100165,1.0,0.0,,0.95,1.0,,,1.0,0.0,0.5,0.0,0.0,0.5,0.36785889437806996
CHE,2011,86.0,,0.10119406,84,,0.753,,,,1,1,1,0,0,2,0.0,1.0,20,,observed,imputed,observed,observed,imputed,missing,missing,missing,observed,observed,observed,observed,observed,observed,observed,missing,0.89880594,0.8390804597701149,,0.8857142857142857,0.0,,,,,,0.0,0.0,0.5,0.0,0.0,0.5,0.5720699988482307,1.0,0.8795180722891566,,0.9836065573770492,0.0,,,,,,0.0,0.0,1.0,0.0,0.0,0.5,0.41407039468304346
CHE,2012,85.0,,0.1034785,85,,0.754,,,,1,1,0,0,1,1,0.0,1.0,20,,observed,imputed,observed,observed,imputed,missing,missing,missing,observed,observed,observed,observed,observed,observed,observed,missing,0.8965215,0.8275862068965517,,0.9,0.0,,,,,,0.0,0.0,0.0,0.0,1.0,0.0,0.5605953015342843,1.0,0.8,,0.9230769230769231,0.0,,,,,,0.0,0.0,0.0,0.0,1.0,0.0,0.41696266463257703
CHE,2014,91.0,,0.10699674,85,,0.753,,,,1,1,0,0,1,1,0.0,1.0,20,,observed,imputed,observed,observed,imputed,missing,missing,missing,observed,observed,observed,observed,observed,observed,observed,missing,0.89300326,0.896551724137931,,0.9,0.0,,,,,,0.0,0.0,0.0,0.0,1.0,0.0,0.542923251019577,1.0,0.8902439024390244,,0.9322033898305084,0.0,,,,,,0.0,0.0,0.0,0.0,1.0,0.0,0.38636226195807005
CHE,2015,91.0,,0.11004446,86,,0.753,,,,1,1,0,0,1,1,0.0,1.0,20,,observed,imputed,observed,observed,imputed,missing,missing,missing,observed,observed,observed,observed,observed,observed,observed,missing,0.88995554,0.896551724137931,,0.9142857142857143,0.0,,,,,,0.0,0.0,0.0,0.0,1.0,0.0,0.5276146132362867,1.0,0.8857142857142857,,0.9206349206349206,0.0,,,,,,0.0,0.0,0.0,0.0,1.0,0.0,0.3735412302016605
CHE,2023,91.0,,0.11004446,87,,,2.0,,,1,1,1,0,0,2,0.0,1.0,20,20.0,imputed,imputed,imputed,observed,imputed,carried_forward,missing,missing,observed,observed,observed,observed,observed,observed,observed,observed,0.88995554,0.896551724137931,,0.9285714285714286,0.0,0.0,,1.0,,,0.0,0.0,0.5,0.0,0.0,0.5,0.5276146132362867,1.0,0.8615384615384616,,0.9583333333333334,0.0,0.0,,1.0,,,0.0,0.0,1.0,0.0,0.0,0.5,0.3922809493842233
CHL,2010,87.0,56.2,0.06819584,73,0.5,0.614,,,,1,1,1,0,0,2,0.0,1.0,80,,imputed,imputed,observed,observed,imputed,missing,missing,missing,observed,observed,observed,observed,observed,observed,observed,missing,0.93180416,0.8505747126436781,0.6677740863787376,0.7285714285714285,0.75,,0.5,,,,0.0,0.0,0.5,0.0,0.0,0.5,0.7378194106948996,1.0,0.8285714285714286,0.6070726915520629,0.8225806451612904,0.75,,0.5,,,,0.0,0.0,0.5,0.0,0.0,0.5,0.6644429639126151
CHL,2011,87.0,56.2,0.06799475,75,0.5,0.622,,,,1,1,1,1,0,3,0.0,1.0,80,,observed,imputed,observed,observed,imputed,missing,missing,missing,observed,observed,observed,observed,observed,observed,observed,missing,0.93200525,0.8505747126436781,0.6677740863787376,0.7571428571428571,0.75,,0.5,,,,0.0,0.0,0.5,0.5,0.0,1.0,0.7388294818208043,1.0,0.891566265060241,0.5798319327731093,0.8360655737704918,0.75,,0.5,,,,0.0,0.0,1.0,1.0,0.0,1.0,0.6424005369446192
CHL,2013,73.0,56.2,0.07475527,76,0.5,0.627,,,,1,1,1,0,0,2,0.0,1.0,80,,observed,imputed,observed,observed,imputed,missing,missing,missing,observed,observed,observed,observed,observed,observed,observed,missing,0.92524473,0.6896551724137931,0.6677740863787376,0.7714285714285715,0.75,,0.5,,,,0.0,0.0,0.5,0.0,0.0,0.5,0.704871522458825,1.0,0.6785714285714286,0.607843137254902,0.7959183673469388,0.75,,0.5,,,,0.0,0.0,0.5,0.0,0.0,0.5,0.6271815270125329
CHL,2015,74.0,56.2,0.08351394,79,0.5,0.624,,,,1,1,1,1,0,3,0.0,1.0,80,,observed,imputed,observed,observed,observed,missing,missing,missing,observed,observed,observed,observed,observed,observed,observed,missing,0.91648606,0.7011494252873564,0.6677740863787376,0.8142857142857143,0.75,,0.5,,,,0.0,0.0,0.5,0.5,0.0,1.0,0.6608768948377273,1.0,0.6428571428571429,0.6638655462184874,0.8095238095238095,0.75,,0.5,,,,0.0,0.0,0.5,1.0,0.0,1.0,0.5544790508050208
CHL,2018,74.0,56.2,0.09150404,81,0.5,0.626,,,,1,1,1,0,0,2,0.0,1.0,80,,observed,imputed,observed,observed,observed,missing,missing,missing,observed,observed,observed,observed,observed,observed,observed,missing,0.90849596,0.7011494252873564,0.6677740863787376,0.8428571428571429,0.75,,0.5,,,,0.0,0.0,0.5,0.0,0.0,0.5,0.6207427792522178,1.0,0.6486486486486487,0.6175908221797324,0.8596491228070176,0.75,,0.5,,,,0.0,0.0,0.5,0.0,0.0,0.5,0.5295538056923539
CHL,2021,73.0,56.2,0.09685933,82,0.9,0.628,,,,1,1,1,0,0,2,0.0,1.0,80,,observed,observed,observed,observed,observed,missing,missing,missing,observed,observed,observed,observed,observed,observed,observed,missing,0.90314067,0.6896551724137931,0.6677740863787376,0.8571428571428571,0.75,,0.9,,,,0.0,0.0,0.5,0.0,0.0,0.5,0.5938432626186433,1.0,0.6625,0.671118530884808,0.8412698412698413,0.75,,0.9,,,,0.0,0.0,0.5,0.0,0.0,0.5,0.6175918150119822
CHN,2010,89.0,49.0,0.04230683,73,1.0,0.804,,,,4,2,2,0,0,2,0.0,1.0,20,,imputed,imputed,observed,observed,imputed,missing,missing,missing,observed,observed,observed,observed,observed,observed,observed,missing,0.95769317,0.8735632183908046,0.548172757475083,0.7285714285714285,0.0,,1.0,,,,0.5,0.5,1.0,0.0,0.0,0.5,0.8678594001486499,1.0,0.8571428571428571,0.4656188605108054,0.8225806451612904,0.0,,1.0,,,,0.5,1.0,1.0,0.0,0.0,0.5,0.8478767243981967
CHN,2011,89.0,49.0,0.04342744,74,1.0,0.816,,,,4,1,1,0,0,2,0.0,1.0,20,,observed,imputed,observed,observed,imputed,missing,missing,missing,observed,observed,observed,observed,observed,observed,observed,missing,0.95657256,0.8735632183908046,0.548172757475083,0.7428571428571429,0.0,,1.0,,,,0.5,0.0,0.5,0.0,0.0,0.5,0.8622305980978275,1.0,0.9156626506024096,0.42857142857142855,0.819672131147541,0.0,,1.0,,,,0.5,0.0,1.0,0.0,0.0,0.5,0.8113636083844846
CHN,2012,86.0,49.0,0.04565848,75,1.0,0.822,,,,4,1,1,0,0,2,0.0,1.0,20,,observed,imputed,observed,observed,imputed,missing,missing,missing,observed,observed,observed,observed,observed,observed,observed,missing,0.95434152,0.8390804597701149,0.548172757475083,0.7571428571428571,0.0,,1.0,,,,0.5,0.0,0.5,0.0,0.0,0.5,0.8510241279365162,1.0,0.8133333333333334,0.47992351816443596,0.7692307692307693,0.0,,1.0,,,,0.5,0.0,0.5,0.0,0.0,0.5,0.8346553159101192
CHN,2013,94.0,49.0,0.04714907,77,1.0,0.83,,,,4,1,1,0,0,2,0.0,1.0,20,,observed,imputed,observed,observed,imputed,missing,missing,missing,observed,observed,observed,observed,observed,observed,observed,missing,0.95285093,0.9310344827586207,0.548172757475083,0.7857142857142857,0.0,,1.0,,,,0.5,0.0,0.5,0.0,0.0,0.5,0.8435369236023267,1.0,0.9285714285714286,0.4666666666666667,0.8163265306122449,0.0,,1.0,,,,0.5,0.0,0.5,0.0,0.0,0.5,0.8306209744064328
CHN,2014,98.0,49.0,0.04777906,78,1.0,0.836,,,,4,2,2,0,0,2,0.0,1.0,20,,observed,imputed,observed,observed,imputed,missing,missing,missing,observed,observed,observed,observed,observed,observed,observed,missing,0.95222094,0.9770114942528736,0.548172757475083,0.8,0.0,,1.0,,,,0.5,0.5,1.0,0.0,0.0,0.5,0.8403724961886881,1.0,0.975609756097561,0.47992351816443596,0.8135593220338984,0.0,,1.0,,,,0.6,1.0,1.0,0.0,0.0,0.5,0.8027716569495983
CHN,2015,99.0,49.0,0.0493828,79,1.0,0.84,,,,4,1,0,1,0,3,0.0,1.0,20,,observed,imputed,observed,observed,imputed,missing,missing,missing,observed,observed,observed,observed,observed,observed,observed,missing,0.9506172,0.9885057471264368,0.548172757475083,0.8142857142857143,0.0,,1.0,,,,0.5,0.0,0.0,0.5,0.0,1.0,0.8323169416237761,1.0,1.0,0.5428571428571428,0.8095238095238095,0.0,,1.0,,,,0.5,0.0,0.0,1.0,0.0,1.0,0.7872530064722365
CHN,2016,98.0,49.0,0.04979556,80,1.0,0.84,,,,4,1,1,0,0,2,0.0,1.0,20,,observed,imputed,observed,observed,imputed,missing,missing,missing,observed,observed,observed,observed,observed,observed,observed,missing,0.95020444,0.9770114942528736,0.548172757475083,0.8285714285714286,0.0,,1.0,,,,0.5,0.0,0.5,0.0,0.0,0.5,0.8302436562394786,1.0,0.9722222222222222,0.5334476843910806,0.8636363636363636,0.0,,1.0,,,,0.5,0.0,0.5,0.0,0.0,0.5,0.813705268154264
CHN,2017,100.0,49.0,0.05065922,81,1.0,0.843,,,,4,1,1,0,0,2,0.0,1.0,20,,observed,imputed,observed,observed,imputed,missing,missing,missing,observed,observed,observed,observed,observed,observed,observed,missing,0.94934078,1.0,0.548172757475083,0.8428571428571429,0.0,,1.0,,,,0.5,0.0,0.5,0.0,0.0,0.5,0.8259055089989455,1.0,1.0,0.5334476843910806,0.8983050847457628,0.0,,1.0,,,,0.5,0.0,1.0,0.0,0.0,0.5,0.8161716273028198
CHN,2018,94.0,49.0,0.05167905,81,1.0,0.849,,,,4,2,2,0,0,2,0.0,1.0,20,,observed,imputed,observed,observed,imputed,missing,missing,missing,observed,observed,observed,observed,observed,observed,observed,missing,0.94832095,0.9310344827586207,0.548172757475083,0.8428571428571429,0.0,,1.0,,,,0.5,0.5,1.0,0.0,0.0,0.5,0.8207829229114664,1.0,0.918918918918919,0.47992351816443596,0.8596491228070176,0.0,,1.0,,,,0.5,1.0,1.0,0.0,0.0,0.5,0.812068787680202
CHN,2019,93.0,49.0,0.05350278,82,1.0,0.855,,,,4,1,1,0,0,2,0.0,1.0,20,,observed,observed,observed,observed,imputed,missing,missing,missing,observed,observed,observed,observed,observed,observed,observed,missing,0.94649722,0.9195402298850575,0.548172757475083,0.8571428571428571,0.0,,1.0,,,,0.5,0.0,0.5,0.0,0.0,0.5,0.8116223628913461,1.0,0.9117647058823529,0.5334476843910806,0.9,0.0,,1.0,,,,0.5,0.0,0.5,0.0,0.0,0.5,0.7816489754646955
CHN,2020,94.0,48.25,0.05593597,83,1.0,0.856,,,,4,1,0,1,0,3,0.0,1.0,20,,observed,imputed,observed,observed,observed,missing,missing,missing,observed,observed,observed,observed,observed,observed,observed,missing,0.94406403,0.9310344827586207,0.5357142857142857,0.8714285714285714,0.0,,1.0,,,,0.5,0.0,0.0,0.5,0.0,1.0,0.7994004972449206,1.0,0.9130434782608695,0.46692233940556077,0.8548387096774194,0.0,,1.0,,,,0.5,0.0,0.0,0.5,0.0,1.0,0.8016300315645492
CHN,2021,94.0,47.5,0.05383605,84,1.0,0.861,,,,4,1,1,0,0,2,0.0,1.0,20,,observed,observed,observed,observed,imputed,missing,missing,missing,observed,observed,observed,observed,observed,observed,observed,missing,0.94616395,0.9310344827586207,0.5232558139534883,0.8857142857142857,0.0,,1.0,,,,0.5,0.0,0.5,0.0,0.0,0.5,0.8099483542179647,1.0,0.925,0.5258764607679465,0.873015873015873,0.0,,1.0,,,,0.5,0.0,0.5,0.0,0.0,0.5,0.8423392259123305
CHN,2022,94.0,47.5,0.05369487,84,1.0,0.862,1.0,,,4,2,2,0,0,2,0.0,1.0,20,,imputed,imputed,observed,observed,imputed,carried_forward,missing,missing,observed,observed,observed,observed,observed,observed,observed,missing,0.94630513,0.9310344827586207,0.5232558139534883,0.8857142857142857,0.0,,1.0,0.0,,,0.5,0.5,1.0,0.0,0.0,0.5,0.8106574985889194,1.0,0.9090909090909091,0.5258764607679465,0.8709677419354839,0.0,,1.0,0.0,,,0.75,0.5,1.0,0.0,0.0,0.5,0.7778757464313049
CHN,2023,94.0,47.5,0.05369487,85,1.0,,1.0,,,4,1,0,1,0,3,0.0,1.0,20,20.0,imputed,imputed,imputed,observed,imputed,carried_forward,missing,missing,observed,observed,observed,observed,observed,observed,observed,observed,0.94630513,0.9310344827586207,0.5232558139534883,0.9,0.0,0.0,1.0,0.0,,,0.5,0.0,0.0,0.5,0.0,1.0,0.8106574985889194,1.0,0.9076923076923077,0.44747081712062253,0.9166666666666666,0.0,0.0,1.0,0.0,,,0.5,0.0,0.0,1.0,0.0,1.0,0.7947955589493548
CIV,2012,78.0,,0.04427372,37,,0.387,,,,1,1,0,1,0,3,1.0,0.0,60,,imputed,imputed,observed,observed,imputed,missing,missing,missing,observed,observed,observed,observed,observed,observed,observed,missing,0.95572628,0.7471264367816092,,0.21428571428571427,0.5,,,,,,0.0,0.0,0.0,0.5,0.0,1.0,0.8579797502564107,0.0,0.7066666666666667,,0.18461538461538463,0.5,,,,,,0.0,0.0,0.0,1.0,0.0,1.0,0.8446588419514987
CIV,2016,78.0,,0.03321013,44,,0.409,,,,1,1,1,0,0,2,0.0,1.0,60,,observed,imputed,observed,observed,imputed,missing,missing,missing,observed,observed,observed,observed,observed,observed,observed,missing,0.96678987,0.7471264367816092,,0.3142857142857143,0.5,,,,,,0.0,0.0,0.5,0.0,0.0,0.5,0.9135519458297687,1.0,0.6944444444444444,,0.3181818181818182,0.5,,,,,,0.0,0.0,0.5,0.0,0.0,0.5,0.9279630030852584
CIV,2023,78.0,,0.03321013,46,,,2.0,,,1,1,1,0,0,2,0.0,1.0,60,60.0,imputed,imputed,imputed,observed,imputed,carried_forward,missing,missing,observed,observed,observed,observed,observed,observed,observed,observed,0.96678987,0.7471264367816092,,0.34285714285714286,0.5,0.5,,1.0,,,0.0,0.0,0.5,0.0,0.0,0.5,0.9135519458297687,1.0,0.6615384615384615,,0.10416666666666667,0.5,0.5,,1.0,,,0.0,0.0,1.0,0.0,0.0,0.5,0.9411215060084767
CMR,2011,65.0,28.6,0.03852829,44,0.0,0.398,,,,4,1,1,0,0,2,0.0,1.0,80,,observed,imputed,observed,observed,imputed,missing,missing,missing,observed,observed,observed,observed,observed,observed,observed,missing,0.96147171,0.5977011494252874,0.20930232558139536,0.3142857142857143,0.75,,0.0,,,,0.5,0.0,0.5,0.0,0.0,0.5,0.8868389324579415,1.0,0.6265060240963856,0.0,0.32786885245901637,0.75,,0.0,,,,0.5,0.0,1.0,0.0,0.0,0.5,0.8450577910786669
CMR,2016,54.0,28.6,0.04022537,47,0.0,0.397,,,,4,1,1,0,0,2,0.0,1.0,80,,observed,imputed,observed,observed,imputed,missing,missing,missing,observed,observed,observed,observed,observed,observed,observed,missing,0.95977463,0.47126436781609193,0.20930232558139536,0.35714285714285715,0.75,,0.0,,,,0.5,0.0,0.5,0.0,0.0,0.5,0.8783145329037612,1.0,0.3611111111111111,0.18353344768439112,0.36363636363636365,0.75,,0.0,,,,0.5,0.0,0.5,0.0,0.0,0.5,0.8796347154015915
CMR,2018,38.0,28.6,0.03619702,45,0.0,0.399,,,,4,1,1,1,0,3,0.0,1.0,80,,observed,imputed,observed,observed,observed,missing,missing,missing,observed,observed,observed,observed,observed,observed,observed,missing,0.96380298,0.28735632183908044,0.20930232558139536,0.32857142857142857,0.75,,0.0,,,,0.5,0.0,0.5,0.5,0.0,1.0,0.8985488559433836,1.0,0.16216216216216217,0.08986615678776295,0.22807017543859648,0.75,,0.0,,,,0.5,0.0,0.5,1.0,0.0,1.0,0.9218969490076824
CMR,2021,41.0,28.6,0.04305393,43,0.0,0.408,2.0,,2.0,4,1,1,0,0,2,0.0,1.0,80,,observed,observed,observed,observed,imputed,carried_forward,missing,carried_forward,observed,observed,observed,observed,observed,observed,observed,missing,0.95694607,0.3218390804597701,0.20930232558139536,0.3,0.75,,0.0,1.0,,1.0,0.5,0.0,0.5,0.0,0.0,0.5,0.8641067315019579,1.0,0.2625,0.21035058430717862,0.2222222222222222,0.75,,0.0,1.0,,1.0,0.5,0.0,0.5,0.0,0.0,0.5,0.8986634660450415
CMR,2022,41.0,28.6,0.04478359,47,0.0,0.408,2.0,,2.0,4,1,1,0,0,2,0.0,1.0,80,,imputed,imputed,observed,observed,imputed,carried_forward,missing,carried_forward,observed,observed,observed,observed,observed,observed,observed,missing,0.95521641,0.3218390804597701,0.20930232558139536,0.35714285714285715,0.75,,0.0,1.0,,1.0,0.5,0.0,0.5,0.0,0.0,0.5,0.8554186832467883,1.0,0.10606060606060606,0.21035058430717862,0.27419354838709675,0.75,,0.0,1.0,,1.0,0.75,0.0,0.5,0.0,0.0,0.5,0.8401754207507819
CMR,2023,41.0,28.6,0.04478359,48,0.0,,2.0,,2.0,4,1,1,0,0,2,0.0,1.0,80,80.0,imputed,imputed,imputed,observed,imputed,carried_forward,missing,carried_forward,observed,observed,observed,observed,observed,observed,observed,observed,0.95521641,0.3218390804597701,0.20930232558139536,0.37142857142857144,0.75,0.75,0.0,1.0,,1.0,0.5,0.0,0.5,0.0,0.0,0.5,0.8554186832467883,1.0,0.09230769230769231,0.07976653696498057,0.14583333333333334,0.75,0.75,0.0,1.0,,1.0,0.5,0.0,1.0,0.0,0.0,0.5,0.8584503324787727
COD,2010,69.0,26.0,0.03722243,33,,0.302,,,,1,1,1,0,0,2,0.0,1.0,100,,imputed,imputed,observed,observed,imputed,missing,missing,missing,observed,observed,observed,observed,observed,observed,observed,missing,0.96277757,0.6436781609195402,0.16611295681063123,0.15714285714285714,1.0,,,,,,0.0,0.0,0.5,0.0,0.0,0.5,0.8933982416253479,1.0,0.5714285714285714,0.013752455795677784,0.1774193548387097,1.0,,,,,,0.0,0.0,0.5,0.0,0.0,0.5,0.8839016867977975
COD,2014,69.0,26.0,0.03725206,40,,0.348,,,,1,1,1,0,0,2,0.0,1.0,100,,observed,imputed,observed,observed,imputed,missing,missing,missing,observed,observed,observed,observed,observed,observed,observed,missing,0.96274794,0.6436781609195402,0.16611295681063123,0.2571428571428571,1.0,,,,,,0.0,0.0,0.5,0.0,0.0,0.5,0.8932494107164983,1.0,0.6219512195121951,0.04015296367112813,0.1694915254237288,1.0,,,,,,0.0,0.0,0.5,0.0,0.0,0.5,0.8767958622388936
COD,2019,35.0,26.0,0.03508039,39,,0.363,2.0,,,1,1,1,0,0,2,0.0,1.0,100,,observed,observed,observed,observed,imputed,carried_forward,missing,missing,observed,observed,observed,observed,observed,observed,observed,missing,0.96491961,0.25287356321839083,0.16611295681063123,0.24285714285714285,1.0,,,1.0,,,0.0,0.0,0.5,0.0,0.0,0.5,0.9041576665322686,1.0,0.058823529411764705,0.13893653516295026,0.18333333333333332,1.0,,,1.0,,,0.0,0.0,0.5,0.0,0.0,0.5,0.9089575608794016
COD,2023,35.0,26.0,0.03508039,41,,,2.0,,,1,1,1,0,0,2,0.0,1.0,100,100.0,imputed,imputed,imputed,observed,imputed,carried_forward,missing,missing,observed,observed,observed,observed,observed,observed,observed,observed,0.96491961,0.25287356321839083,0.16611295681063123,0.2714285714285714,1.0,1.0,,1.0,,,0.0,0.0,0.5,0.0,0.0,0.5,0.9041576665322686,1.0,0.0,0.029182879377431904,0.0,1.0,1.0,,1.0,,,0.0,0.0,1.0,0.0,0.0,0.5,0.9277619239123995
COG,2014,33.0,23.9,0.01973117,42,,0.366,,,,1,1,0,1,0,3,0.0,1.0,40,,imputed,imputed,observed,observed,imputed,missing,missing,missing,observed,observed,observed,observed,observed,observed,observed,missing,0.98026883,0.22988505747126436,0.13122923588039864,0.2857142857142857,0.25,,,,,,0.0,0.0,0.0,0.5,0.0,1.0,0.981256497539066,1.0,0.18292682926829268,0.0,0.2033898305084746,0.25,,,,,,0.0,0.0,0.0,1.0,0.0,1.0,1.0
COG,2015,33.0,23.9,0.02456685,41,,0.357,,,,1,1,1,0,0,2,0.0,1.0,40,,imputed,imputed,observed,observed,imputed,missing,missing,missing,observed,observed,observed,observed,observed,observed,observed,missing,0.97543315,0.22988505747126436,0.13122923588039864,0.2714285714285714,0.25,,,,,,0.0,0.0,0.5,0.0,0.0,0.5,0.9569669717440775,1.0,0.05714285714285714,0.12100840336134452,0.20634920634920634,0.25,,,,,,0.0,0.0,0.5,0.0,0.0,0.5,0.9564974807306357
COG,2019,33.0,23.9,0.02347713,43,,0.335,,2.0,,1,1,1,0,0,2,0.0,1.0,40,,observed,observed,observed,observed,imputed,missing,carried_forward,missing,observed,observed,observed,observed,observed,observed,observed,missing,0.97652287,0.22988505747126436,0.13122923588039864,0.3,0.25,,,,1.0,,0.0,0.0,0.5,0.0,0.0,0.5,0.9624406139307641,1.0,0.029411764705882353,0.10291595197255574,0.25,0.25,,,,0.0,,0.0,0.0,0.5,0.0,0.0,0.5,0.9891423043789715
COG,2020,37.0,23.9,0.04017751,44,,0.339,,2.0,,1,1,0,1,0,3,0.0,1.0,40,,observed,imputed,observed,observed,imputed,missing,carried_forward,missing,observed,observed,observed,observed,observed,observed,observed,missing,0.95982249,0.27586206896551724,0.13122923588039864,0.3142857142857143,0.25,,,,1.0,,0.0,0.0,0.0,0.5,0.0,1.0,0.8785549327450551,1.0,0.08695652173913043,0.0,0.22580645161290322,0.25,,,,0.0,,0.0,0.0,0.0,0.5,0.0,1.0,0.8971881518908922
COG,2022,37.0,23.9,0.02192245,46,,0.335,,2.0,,1,1,1,0,0,2,0.0,1.0,40,,imputed,imputed,observed,observed,imputed,missing,carried_forward,missing,observed,observed,observed,observed,observed,observed,observed,missing,0.97807755,0.27586206896551724,0.13122923588039864,0.34285714285714286,0.25,,,,1.0,,0.0,0.0,0.5,0.0,0.0,0.5,0.9702497410779183,1.0,0.045454545454545456,0.13188647746243737,0.25806451612903225,0.25,,,,1.0,,0.0,0.0,0.5,0.0,0.0,0.5,1.0
COK,2011,43.0,,0.03653758,75,,,,,,4,1,1,1,0,3,0.0,1.0,80,,imputed,imputed,observed,observed,imputed,missing,missing,missing,observed,observed,observed,observed,observed,observed,observed,missing,0.96346242,0.3448275862068966,,0.7571428571428571,0.75,,,,,,0.5,0.0,0.5,0.5,0.0,1.0,0.8968382297429858,1.0,0.3614457831325301,,0.8360655737704918,0.75,,,,,,0.5,0.0,1.0,1.0,0.0,1.0,0.8587490122968656
COK,2017,43.0,,0.02452187,72,,,,,,4,1,0,1,0,3,0.0,1.0,80,,observed,imputed,observed,observed,imputed,missing,missing,missing,observed,observed,observed,observed,observed,observed,observed,missing,0.9754781299999999,0.3448275862068966,,0.7142857142857143,0.75,,,,,,0.5,0.0,0.0,0.5,0.0,1.0,0.9571929054018584,1.0,0.20833333333333334,,0.7457627118644068,0.75,,,,,,0.5,0.0,0.0,1.0,0.0,1.0,0.9987026691062468
COL,2016,89.0,50.0,0.0753117,81,0.65,0.596,,,,1,2,1,0,1,2,0.0,1.0,40,,observed,imputed,observed,observed,observed,missing,missing,missing,observed,observed,observed,observed,observed,observed,observed,missing,0.9246883,0.8735632183908046,0.5647840531561461,0.8428571428571429,0.25,,0.65,,,,0.0,0.5,0.5,0.0,1.0,0.5,0.7020765854824114,1.0,0.8472222222222222,0.5506003430531732,0.8787878787878788,0.25,,0.65,,,,0.0,1.0,0.5,0.0,1.0,0.5,0.6379234909810378
COL,2017,88.0,50.0,0.07678643,82,0.65,0.595,,,,1,1,0,0,1,1,0.0,1.0,40,,observed,imputed,observed,observed,observed,missing,missing,missing,observed,observed,observed,observed,observed,observed,observed,missing,0.92321357,0.8620689655172413,0.5647840531561461,0.8571428571428571,0.25,,0.65,,,,0.0,0.0,0.0,0.0,1.0,0.0,0.6946690456171509,1.0,0.8333333333333334,0.5506003430531732,0.9152542372881356,0.25,,0.65,,,,0.0,0.0,0.0,0.0,1.0,0.0,0.6337113985222846
COL,2019,69.0,50.0,0.07779549,81,1.0,0.598,,,,1,1,0,0,1,1,0.0,1.0,40,,observed,observed,observed,observed,observed,missing,missing,missing,observed,observed,observed,observed,observed,observed,observed,missing,0.92220451,0.6436781609195402,0.5647840531561461,0.8428571428571429,0.25,,1.0,,,,0.0,0.0,0.0,0.0,1.0,0.0,0.689600557028433,1.0,0.5588235294117647,0.5506003430531732,0.8833333333333333,0.25,,1.0,,,,0.0,0.0,0.0,0.0,1.0,0.0,0.613773333596855
COL,2020,75.0,50.0,0.08714321,82,1.0,0.594,,,,1,1,1,0,0,2,0.0,1.0,40,,observed,imputed,observed,observed,observed,missing,missing,missing,observed,observed,observed,observed,observed,observed,observed,missing,0.91285679,0.7126436781609196,0.5647840531561461,0.8571428571428571,0.25,,1.0,,,,0.0,0.0,0.5,0.0,0.0,0.5,0.642647142810716,1.0,0.6376811594202898,0.5004793863854266,0.8387096774193549,0.25,,1.0,,,,0.0,0.0,0.5,0.0,0.0,0.5,0.6123916672210101
COM,2015,,,0.04600899,48,,0.149,,,,1,1,1,0,0,2,0.0,1.0,100,,imputed,imputed,observed,observed,imputed,missing,missing,missing,observed,observed,observed,observed,observed,observed,observed,missing,0.95399101,,,0.37142857142857144,1.0,,,,,,0.0,0.0,0.5,0.0,0.0,0.5,0.8492635230812728,1.0,,,0.31746031746031744,1.0,,,,,,0.0,0.0,0.5,0.0,0.0,0.5,0.8102623492416134
COM,2023,,,0.04600899,52,,,2.0,,,1,1,1,0,0,2,0.0,1.0,100,100.0,imputed,imputed,imputed,observed,imputed,carried_forward,missing,missing,observed,observed,observed,observed,observed,observed,observed,observed,0.95399101,,,0.42857142857142855,1.0,1.0,,1.0,,,0.0,0.0,0.5,0.0,0.0,0.5,0.8492635230812728,1.0,,,0.22916666666666666,1.0,1.0,,1.0,,,0.0,0.0,1.0,0.0,0.0,0.5,0.8496970939448076
CPV,2010,65.0,,0.04081082,60,,0.261,,,,1,1,1,0,0,2,0.0,1.0,80,,imputed,imputed,observed,observed,imputed,missing,missing,missing,observed,observed,observed,observed,observed,observed,observed,missing,0.95918918,0.5977011494252874,,0.5428571428571428,0.75,,,,,,0.0,0.0,0.5,0.0,0.0,0.5,0.8753738290365335,1.0,0.5142857142857142,,0.6129032258064516,0.75,,,,,,0.0,0.0,0.5,0.0,0.0,0.5,0.8584765403055656
CPV,2014,65.0,,0.04852315,63,,0.255,,,,1,1,1,0,0,2,0.0,1.0,80,,imputed,imputed,observed,observed,imputed,missing,missing,missing,observed,observed,observed,observed,observed,observed,observed,missing,0.95147685,0.5977011494252874,,0.5857142857142857,0.75,,,,,,0.0,0.0,0.5,0.0,0.0,0.5,0.8366349467129593,1.0,0.573170731707317,,0.559322033898305,0.75,,,,,,0.0,0.0,0.5,0.0,0.0,0.5,0.7975393333138322
CPV,2017,65.0,,0.04745732,67,,0.25,2.0,,,1,1,0,1,0,3,0.0,1.0,80,,observed,imputed,observed,observed,imputed,carried_forward,missing,missing,observed,observed,observed,observed,observed,observed,observed,missing,0.95254268,0.5977011494252874,,0.6428571428571429,0.75,,,1.0,,,0.0,0.0,0.0,0.5,0.0,1.0,0.8419885898982137,1.0,0.5138888888888888,,0.6610169491525424,0.75,,,1.0,,,0.0,0.0,0.0,1.0,0.0,1.0,0.8385322010698769
CPV,2023,65.0,,0.04745732,71,,,2.0,,,1,1,1,0,0,2,0.0,1.0,80,80.0,imputed,imputed,imputed,observed,imputed,carried_forward,missing,missing,observed,observed,observed,observed,observed,observed,observed,observed,0.95254268,0.5977011494252874,,0.7,0.75,0.75,,1.0,,,0.0,0.0,0.5,0.0,0.0,0.5,0.8419885898982137,1.0,0.46153846153846156,,0.625,0.75,0.75,,1.0,,,0.0,0.0,1.0,0.0,0.0,0.5,0.8393514288836871
CRI,2013,89.0,,0.07682293,83,,0.502,,,,3,1,1,1,0,3,0.0,1.0,100,,observed,imputed,observed,observed,imputed,missing,missing,missing,observed,observed,observed,observed,observed,observed,observed,missing,0.92317707,0.8735632183908046,,0.8714285714285714,1.0,,,,,,0.3333333333333333,0.0,0.5,0.5,0.0,1.0,0.6944857068330468,1.0,0.8690476190476191,,0.9387755102040817,1.0,,,,,,0.3333333333333333,0.0,0.5,1.0,0.0,1.0,0.6119442394539971
CUB,2010,92.0,32.3,0.10688083,81,,0.524,,,,1,1,1,0,0,2,0.0,1.0,60,,imputed,imputed,observed,observed,imputed,missing,missing,missing,observed,observed,observed,observed,observed,observed,observed,missing,0.89311917,0.9080459770114943,0.27076411960132885,0.8428571428571429,0.5,,,,,,0.0,0.0,0.5,0.0,0.0,0.5,0.5435054646761666,1.0,0.9,0.1375245579567779,0.9516129032258065,0.5,,,,,,0.0,0.0,0.5,0.0,0.0,0.5,0.39034468089417884
CUB,2011,92.0,32.3,0.11312986,82,,0.525,,,,1,1,1,0,0,2,0.0,1.0,60,,observed,imputed,observed,observed,imputed,missing,missing,missing,observed,observed,observed,observed,observed,observed,observed,missing,0.88687014,0.9080459770114943,0.27076411960132885,0.8571428571428571,0.5,,,,,,0.0,0.0,0.5,0.0,0.0,0.5,0.5121167095520359,1.0,0.9518072289156626,0.0777310924369747,0.9508196721311475,0.5,,,,,,0.0,0.0,1.0,0.0,0.0,0.5,0.3319812515048952
CUB,2012,99.0,32.3,0.0929941,83,,0.526,,,,1,2,2,0,0,2,0.0,1.0,60,,observed,imputed,observed,observed,imputed,missing,missing,missing,observed,observed,observed,observed,observed,observed,observed,missing,0.9070059,0.9885057471264368,0.27076411960132885,0.8714285714285714,0.5,,,,,,0.0,0.5,1.0,0.0,0.0,0.5,0.6132582370976337,1.0,0.9866666666666667,0.1606118546845124,0.8923076923076924,0.5,,,,,,0.0,1.0,1.0,0.0,0.0,0.5,0.4927021201542853
CUB,2013,99.0,32.3,0.10430995,83,,0.525,,,,1,1,1,0,0,2,0.0,1.0,60,,observed,imputed,observed,observed,imputed,missing,missing,missing,observed,observed,observed,observed,observed,observed,observed,missing,0.89569005,0.9885057471264368,0.27076411960132885,0.8714285714285714,0.5,,,,,,0.0,0.0,0.5,0.0,0.0,0.5,0.5564189444919982,1.0,0.9880952380952381,0.13921568627450975,0.9387755102040817,0.5,,,,,,0.0,0.0,0.5,0.0,0.0,0.5,0.409383069886832
CUB,2014,96.0,32.3,0.12141219,84,,0.529,,,,1,1,0,1,0,3,0.0,1.0,60,,observed,imputed,observed,observed,imputed,missing,missing,missing,observed,observed,observed,observed,observed,observed,observed,missing,0.87858781,0.9540229885057471,0.27076411960132885,0.8857142857142857,0.5,,,,,,0.0,0.0,0.0,0.5,0.0,1.0,0.4705147284082038,1.0,0.9512195121951219,0.1606118546845124,0.9152542372881356,0.5,,,,,,0.0,0.0,0.0,1.0,0.0,1.0,0.28499508896124515
CUB,2015,99.0,32.3,0.12814043,84,,0.527,,,,1,1,1,0,0,2,0.0,1.0,60,,observed,imputed,observed,observed,imputed,missing,missing,missing,observed,observed,observed,observed,observed,observed,observed,missing,0.87185957,0.9885057471264368,0.27076411960132885,0.8857142857142857,0.5,,,,,,0.0,0.0,0.5,0.0,0.0,0.5,0.4367189108530986,1.0,1.0,0.2621848739495798,0.8888888888888888,0.5,,,,,,0.0,0.0,0.5,0.0,0.0,0.5,0.2501269370214371
CUB,2016,99.0,32.3,0.12217696,85,,0.526,,,,1,1,1,0,0,2,0.0,1.0,60,,observed,imputed,observed,observed,imputed,missing,missing,missing,observed,observed,observed,observed,observed,observed,observed,missing,0.87782304,0.9885057471264368,0.27076411960132885,0.9,0.5,,,,,,0.0,0.0,0.5,0.0,0.0,0.5,0.4666733036980839,1.0,0.9861111111111112,0.24699828473413374,0.9393939393939394,0.5,,,,,,0.0,0.0,0.5,0.0,0.0,0.5,0.31506671521145396
CUB,2017,99.0,32.3,0.11472015,85,,0.525,,,,1,1,1,0,0,2,0.0,1.0,60,,observed,imputed,observed,observed,imputed,missing,missing,missing,observed,observed,observed,observed,observed,observed,observed,missing,0.88527985,0.9885057471264368,0.27076411960132885,0.9,0.5,,,,,,0.0,0.0,0.5,0.0,0.0,0.5,0.504128714073321,1.0,0.9861111111111112,0.24699828473413374,0.9661016949152542,0.5,,,,,,0.0,0.0,1.0,0.0,0.0,0.5,0.36880001955389174
CUB,2018,100.0,32.3,0.11018425,85,,0.528,,,,1,1,1,0,0,2,0.0,1.0,60,,observed,imputed,observed,observed,imputed,missing,missing,missing,observed,observed,observed,observed,observed,observed,observed,missing,0.88981575,1.0,0.27076411960132885,0.9,0.5,,,,,,0.0,0.0,0.5,0.0,0.0,0.5,0.5269124508080696,1.0,1.0,0.1606118546845124,0.9298245614035088,0.5,,,,,,0.0,0.0,0.5,0.0,0.0,0.5,0.39703803628025347
CUB,2019,78.0,32.3,0.11085011,84,,0.534,,,,1,1,1,0,0,2,0.0,1.0,60,,observed,observed,observed,observed,imputed,missing,missing,missing,observed,observed,observed,observed,observed,observed,observed,missing,0.88914989,0.7471264367816092,0.27076411960132885,0.8857142857142857,0.5,,,,,,0.0,0.0,0.5,0.0,0.0,0.5,0.5235678490879699,1.0,0.6911764705882353,0.24699828473413374,0.9333333333333333,0.5,,,,,,0.0,0.0,0.5,0.0,0.0,0.5,0.38534819909364154
CUB,2020,86.5,31.4,0.1248642,85,,0.528,,,,1,1,1,0,0,2,0.0,1.0,60,,imputed,imputed,observed,observed,imputed,missing,missing,missing,observed,observed,observed,observed,observed,observed,observed,missing,0.8751358,0.8448275862068966,0.25581395348837205,0.9,0.5,,,,,,0.0,0.0,0.5,0.0,0.0,0.5,0.45317534988448915,1.0,0.8043478260869565,0.14381591562799612,0.8870967741935484,0.5,,,,,,0.0,0.0,0.5,0.0,0.0,0.5,0.3836544110900941
CUB,2021,95.0,30.5,0.13787279,86,,0.526,1.0,,,1,1,1,0,0,2,0.0,1.0,60,,observed,observed,observed,observed,imputed,carried_forward,missing,missing,observed,observed,observed,observed,observed,observed,observed,missing,0.86212721,0.9425287356321839,0.24086378737541528,0.9142857142857143,0.5,,,0.0,,,0.0,0.0,0.5,0.0,0.0,0.5,0.3878334574595505,1.0,0.9375,0.2420701168614357,0.9047619047619048,0.5,,,0.0,,,0.0,0.0,0.5,0.0,0.0,0.5,0.4033434139820054
CUB,2022,95.0,30.5,0.11786832,86,,0.525,1.0,,,1,1,1,0,0,2,0.0,1.0,60,,imputed,imputed,observed,observed,imputed,carried_forward,missing,missing,observed,observed,observed,observed,observed,observed,observed,missing,0.88213168,0.9425287356321839,0.24086378737541528,0.9142857142857143,0.5,,,0.0,,,0.0,0.0,0.5,0.0,0.0,0.5,0.488315517910215,1.0,0.9242424242424242,0.2420701168614357,0.9032258064516129,0.5,,,0.0,,,0.0,0.0,0.5,0.0,0.0,0.5,0.329232562179742
CUB,2023,95.0,30.5,0.11786832,86,,,1.0,,,1,1,1,0,0,2,0.0,1.0,60,60.0,imputed,imputed,imputed,observed,imputed,carried_forward,missing,missing,observed,observed,observed,observed,observed,observed,observed,observed,0.88213168,0.9425287356321839,0.24086378737541528,0.9142857142857143,0.5,0.5,,0.0,,,0.0,0.0,0.5,0.0,0.0,0.5,0.488315517910215,1.0,0.9230769230769231,0.11673151750972761,0.9375,0.5,0.5,,0.0,,,0.0,0.0,1.0,0.0,0.0,0.5,0.3363938000155722
CYP,2011,51.0,,0.06431391,72,,0.526,,,,4,1,0,1,0,3,0.0,1.0,20,,observed,imputed,observed,observed,imputed,missing,missing,missing,observed,observed,observed,observed,observed,observed,observed,missing,0.93568609,0.4367816091954023,,0.7142857142857143,0.0,,,,,,0.5,0.0,0.0,0.5,0.0,1.0,0.7573182689463431,1.0,0.4578313253012048,,0.7868852459016393,0.0,,,,,,0.5,0.0,0.0,1.0,0.0,1.0,0.6677157233398215
CZE,2022,,,0.08799047,83,,0.654,,,2.0,1,1,1,0,0,2,0.0,1.0,20,,imputed,imputed,observed,observed,imputed,missing,missing,carried_forward,observed,observed,observed,observed,observed,observed,observed,missing,0.91200953,,,0.8714285714285714,0.0,,,,,1.0,0.0,0.0,0.5,0.0,0.0,0.5,0.6383913724485204,1.0,,,0.8548387096774194,0.0,,,,,1.0,0.0,0.0,0.5,0.0,0.0,0.5,0.5381116821676892
DEU,2010,91.0,65.5,0.11095929,84,0.575,0.847,,,,3,1,1,1,0,3,0.0,1.0,40,,imputed,imputed,observed,observed,imputed,missing,missing,missing,observed,observed,observed,observed,observed,observed,observed,missing,0.88904071,0.896551724137931,0.8222591362126246,0.8857142857142857,0.25,,0.575,,,,0.3333333333333333,0.0,0.5,0.5,0.0,1.0,0.5230194400893807,1.0,0.8857142857142857,0.7897838899803536,1.0,0.25,,0.575,,,,0.3333333333333333,0.0,0.5,1.0,0.0,1.0,0.36144719679609916
DEU,2018,91.0,65.5,0.11473146,86,0.575,0.837,,,,3,2,1,0,1,2,0.0,1.0,40,,observed,imputed,observed,observed,observed,missing,missing,missing,observed,observed,observed,observed,observed,observed,observed,missing,0.88526854,0.896551724137931,0.8222591362126246,0.9142857142857143,0.25,,0.575,,,,0.3333333333333333,0.5,0.5,0.0,1.0,0.5,0.5040719041651507,1.0,0.8783783783783784,0.7954110898661567,0.9473684210526315,0.25,,0.575,,,,0.3333333333333333,1.0,0.5,0.0,1.0,0.5,0.36478052783530557
DEU,2020,89.0,65.5,0.12690226,86,0.575,0.838,,,,3,1,0,0,1,1,0.0,1.0,40,,observed,imputed,observed,observed,imputed,missing,missing,missing,observed,observed,observed,observed,observed,observed,observed,missing,0.87309774,0.8735632183908046,0.8222591362126246,0.9142857142857143,0.25,,0.575,,,,0.3333333333333333,0.0,0.0,0.0,1.0,0.0,0.442938214478148,1.0,0.8405797101449275,0.7976989453499519,0.9032258064516129,0.25,,0.5526315789473684,,,,0.3333333333333333,0.0,0.0,0.0,1.0,0.0,0.37129576800489966
DEU,2021,87.0,65.5,0.12901712,86,0.575,0.84,,,,3,1,0,0,1,1,0.0,1.0,40,,observed,observed,observed,observed,imputed,missing,missing,missing,observed,observed,observed,observed,observed,observed,observed,missing,0.87098288,0.8505747126436781,0.8222591362126246,0.9142857142857143,0.25,,0.575,,,,0.3333333333333333,0.0,0.0,0.0,1.0,0.0,0.43231531417813074,1.0,0.8375,0.8263772954924874,0.9047619047619048,0.25,,0.575,,,,0.3333333333333333,0.0,0.0,0.0,1.0,0.0,0.4496041571026574
DEU,2022,87.0,65.5,0.12605131,87,0.575,0.84,,,,3,1,0,0,1,1,0.0,1.0,40,,imputed,imputed,observed,observed,imputed,missing,missing,missing,observed,observed,observed,observed,observed,observed,observed,missing,0.87394869,0.8505747126436781,0.8222591362126246,0.9285714285714286,0.25,,0.575,,,,0.3333333333333333,0.0,0.0,0.0,1.0,0.0,0.44721251963796954,1.0,0.803030303030303,0.8263772954924874,0.9193548387096774,0.25,,0.575,,,,0.5,0.0,0.0,0.0,1.0,0.0,0.27202443809885357
DJI,2012,39.0,23.9,0.0329731,41,,0.246,,,,4,1,1,0,0,2,0.0,1.0,20,,observed,imputed,observed,observed,imputed,missing,missing,missing,observed,observed,observed,observed,observed,observed,observed,missing,0.9670269,0.2988505747126437,0.13122923588039864,0.2714285714285714,0.0,,,,,,0.5,0.0,0.5,0.0,0.0,0.5,0.914742542870761,1.0,0.18666666666666668,0.0,0.24615384615384617,0.0,,,,,,0.5,0.0,0.5,0.0,0.0,0.5,0.9262946824247466
DJI,2017,33.0,23.9,0.02468575,47,,0.271,,,,4,1,1,0,0,2,0.0,1.0,20,,observed,imputed,observed,observed,imputed,missing,missing,missing,observed,observed,observed,observed,observed,observed,observed,missing,0.97531425,0.22988505747126436,0.13122923588039864,0.35714285714285715,0.0,,,,,,0.5,0.0,0.5,0.0,0.0,0.5,0.956369739376133,1.0,0.06944444444444445,0.10291595197255574,0.3220338983050847,0.0,,,,,,0.5,0.0,1.0,0.0,0.0,0.5,0.9975582077461348
DJI,2018,37.0,23.9,0.02518715,49,,0.272,,,,4,2,1,1,0,3,0.0,1.0,20,,observed,imputed,observed,observed,imputed,missing,missing,missing,observed,observed,observed,observed,observed,observed,observed,missing,0.97481285,0.27586206896551724,0.13122923588039864,0.38571428571428573,0.0,,,,,,0.5,0.5,0.5,0.5,0.0,1.0,0.9538512170103831,1.0,0.14864864864864866,0.0,0.2982456140350877,0.0,,,,,,0.5,1.0,0.5,1.0,0.0,1.0,1.0
DJI,2019,32.0,23.9,0.02406412,50,,0.277,,,,4,1,1,0,0,2,0.0,1.0,20,,observed,observed,observed,observed,imputed,missing,missing,missing,observed,observed,observed,observed,observed,observed,observed,missing,0.97593588,0.21839080459770116,0.13122923588039864,0.4,0.0,,,,,,0.5,0.0,0.5,0.0,0.0,0.5,0.9594921746737409,1.0,0.014705882352941176,0.10291595197255574,0.36666666666666664,0.0,,,,,,0.5,0.0,0.5,0.0,0.0,0.5,0.9850858889761608
DJI,2020,31.0,24.549999999999997,0.02322284,49,,0.278,2.0,,,4,1,1,0,0,2,0.0,1.0,20,,observed,imputed,observed,observed,imputed,carried_forward,missing,missing,observed,observed,observed,observed,observed,observed,observed,missing,0.97677716,0.20689655172413793,0.14202657807308966,0.38571428571428573,0.0,,,1.0,,,0.5,0.0,0.5,0.0,0.0,0.5,0.9637179076132261,1.0,0.0,0.01246404602109297,0.3064516129032258,0.0,,,0.0,,,0.5,0.0,0.5,0.0,0.0,0.5,1.0
DJI,2021,41.0,25.2,0.02886695,47,,0.28,2.0,,,4,1,1,0,0,2,0.0,1.0,20,,observed,observed,observed,observed,imputed,carried_forward,missing,missing,observed,observed,observed,observed,observed,observed,observed,missing,0.97113305,0.3218390804597701,0.1528239202657807,0.35714285714285715,0.0,,,1.0,,,0.5,0.0,0.5,0.0,0.0,0.5,0.9353676537844468,1.0,0.2625,0.15358931552587643,0.2857142857142857,0.0,,,1.0,,,0.5,0.0,0.5,0.0,0.0,0.5,0.9727742038478088
DJI,2022,41.0,25.2,0.0249675,48,,0.28,2.0,,,4,1,0,1,0,3,0.0,1.0,20,,imputed,imputed,observed,observed,imputed,carried_forward,missing,missing,observed,observed,observed,observed,observed,observed,observed,missing,0.9750325,0.3218390804597701,0.1528239202657807,0.37142857142857144,0.0,,,1.0,,,0.5,0.0,0.0,0.5,0.0,1.0,0.9549545146522597,1.0,0.10606060606060606,0.15358931552587643,0.2903225806451613,0.0,,,1.0,,,0.75,0.0,0.0,1.0,0.0,1.0,0.9787117425009063
DJI,2023,41.0,25.2,0.0249675,47,,,2.0,,,4,1,1,0,0,2,0.0,1.0,20,20.0,imputed,imputed,imputed,observed,imputed,carried_forward,missing,missing,observed,observed,observed,observed,observed,observed,observed,observed,0.9750325,0.3218390804597701,0.1528239202657807,0.35714285714285715,0.0,0.0,,1.0,,,0.5,0.0,0.5,0.0,0.0,0.5,0.9549545146522597,1.0,0.09230769230769231,0.013618677042801541,0.125,0.0,0.0,,1.0,,,0.5,0.0,1.0,0.0,0.0,0.5,1.0
DNK,2012,96.0,64.4,0.10521972,81,,0.709,,,,4,1,1,0,0,2,0.0,1.0,20,,imputed,imputed,observed,observed,imputed,missing,missing,missing,observed,observed,observed,observed,observed,observed,observed,missing,0.89478028,0.9540229885057471,0.8039867109634552,0.8428571428571429,0.0,,,,,,0.5,0.0,0.5,0.0,0.0,0.5,0.5518491876258476,1.0,0.9466666666666667,0.7743785850860422,0.8615384615384616,0.0,,,,,,0.5,0.0,0.5,0.0,0.0,0.5,0.40438406645399677
DNK,2018,96.0,64.4,0.10097642,84,,0.696,,,,4,1,1,1,0,3,0.0,1.0,20,,observed,imputed,observed,observed,imputed,missing,missing,missing,observed,observed,observed,observed,observed,observed,observed,missing,0.89902358,0.9540229885057471,0.8039867109634552,0.8857142857142857,0.0,,,,,,0.5,0.0,0.5,0.5,0.0,1.0,0.5731632002995306,1.0,0.9459459459459459,0.7743785850860422,0.9122807017543859,0.0,,,,,,0.5,0.0,0.5,1.0,0.0,1.0,0.4623575737515039
DNK,2021,95.0,64.4,0.10747286,85,,0.703,,,,4,2,2,1,0,3,0.0,1.0,20,,observed,observed,observed,observed,imputed,missing,missing,missing,observed,observed,observed,observed,observed,observed,observed,missing,0.89252714,0.9425287356321839,0.8039867109634552,0.9,0.0,,,,,,0.5,0.5,1.0,0.5,0.0,1.0,0.5405317095979963,1.0,0.9375,0.8080133555926544,0.8888888888888888,0.0,,,,,,0.5,0.5,1.0,0.5,0.0,1.0,0.5621482647291315
DOM,2015,72.0,,0.04722168,75,,0.479,,,,1,1,1,0,0,2,0.0,1.0,100,,observed,imputed,observed,observed,imputed,missing,missing,missing,observed,observed,observed,observed,observed,observed,observed,missing,0.95277832,0.6781609195402298,,0.7571428571428571,1.0,,,,,,0.0,0.0,0.5,0.0,0.0,0.5,0.8431722049964688,1.0,0.6142857142857143,,0.746031746031746,1.0,,,,,,0.0,0.0,0.5,0.0,0.0,0.5,0.8019918183335313
DOM,2017,55.0,,0.0449337,73,,0.489,,,,1,1,1,0,0,2,0.0,1.0,100,,observed,imputed,observed,observed,imputed,missing,missing,missing,observed,observed,observed,observed,observed,observed,observed,missing,0.9550663,0.4827586206896552,,0.7285714285714285,1.0,,,,,,0.0,0.0,0.5,0.0,0.0,0.5,0.8546646836609834,1.0,0.375,,0.7627118644067796,1.0,,,,,,0.0,0.0,1.0,0.0,0.0,0.5,0.8561559841892817
DOM,2018,48.0,,0.04126016,72,,0.494,,,,1,1,0,1,0,3,0.0,1.0,100,,observed,imputed,observed,observed,imputed,missing,missing,missing,observed,observed,observed,observed,observed,observed,observed,missing,0.95873984,0.40229885057471265,,0.7142857142857143,1.0,,,,,,0.0,0.0,0.0,0.5,0.0,1.0,0.8731168030297011,1.0,0.2972972972972973,,0.7017543859649122,1.0,,,,,,0.0,0.0,0.0,1.0,0.0,1.0,0.8859794784470635
DOM,2022,48.0,,0.04572548,78,,0.497,,,,1,1,1,0,0,2,0.0,1.0,100,,imputed,imputed,observed,observed,imputed,missing,missing,missing,observed,observed,observed,observed,observed,observed,observed,missing,0.95427452,0.40229885057471265,,0.8,1.0,,,,,,0.0,0.0,0.5,0.0,0.0,0.5,0.8506875882506261,1.0,0.21212121212121213,,0.7741935483870968,1.0,,,,,,0.0,0.0,0.5,0.0,0.0,0.5,0.8335905709598683
DZA,2016,73.0,26.2,0.06000797,72,0.65,0.552,,,,1,1,1,0,0,2,0.0,1.0,20,,observed,imputed,observed,observed,imputed,missing,missing,missing,observed,observed,observed,observed,observed,observed,observed,missing,0.93999203,0.6896551724137931,0.16943521594684383,0.7142857142857143,0.0,,0.65,,,,0.0,0.0,0.5,0.0,0.0,0.5,0.7789469211114307,1.0,0.625,0.1423670668953688,0.7424242424242424,0.0,,0.65,,,,0.0,0.0,0.5,0.0,0.0,0.5,0.7433515399249301
DZA,2021,77.0,26.2,0.05011057,69,0.65,0.533,,,,1,1,1,0,0,2,0.0,1.0,20,,observed,observed,observed,observed,observed,missing,missing,missing,observed,observed,observed,observed,observed,observed,observed,missing,0.94988943,0.735632183908046,0.16943521594684383,0.6714285714285714,0.0,,0.65,,,,0.0,0.0,0.5,0.0,0.0,0.5,0.8286613671879534,1.0,0.7125,0.1702838063439065,0.6349206349206349,0.0,,0.65,,,,0.0,0.0,0.5,0.0,0.0,0.5,0.861800596230006
ECU,2010,73.0,,0.06349257,71,,0.505,,,,1,2,2,1,0,3,0.0,1.0,80,,imputed,imputed,observed,observed,imputed,missing,missing,missing,observed,observed,observed,observed,observed,observed,observed,missing,0.93650743,0.6896551724137931,,0.7,0.75,,,,,,0.0,0.5,1.0,0.5,0.0,1.0,0.7614438436569227,1.0,0.6285714285714286,,0.7903225806451613,0.75,,,,,,0.0,1.0,1.0,1.0,0.0,1.0,0.6977674712104619
ECU,2018,73.0,,0.0783214,79,,0.522,,,,1,1,1,1,0,3,0.0,1.0,80,,observed,imputed,observed,observed,imputed,missing,missing,missing,observed,observed,observed,observed,observed,observed,observed,missing,0.9216786,0.6896551724137931,,0.8142857142857143,0.75,,,,,,0.0,0.0,0.5,0.5,0.0,1.0,0.6869589214134125,1.0,0.6351351351351351,,0.8245614035087719,0.75,,,,,,0.0,0.0,0.5,1.0,0.0,1.0,0.6230702962715677
ECU,2023,73.0,,0.0783214,78,,,2.0,,,1,1,0,1,0,3,0.0,1.0,80,80.0,imputed,imputed,imputed,observed,imputed,carried_forward,missing,missing,observed,observed,observed,observed,observed,observed,observed,observed,0.9216786,0.6896551724137931,,0.8,0.75,0.75,,1.0,,,0.0,0.0,0.0,0.5,0.0,1.0,0.6869589214134125,1.0,0.5846153846153846,,0.7708333333333334,0.75,0.75,,1.0,,,0.0,0.0,0.0,1.0,0.0,1.0,0.6188841085218717
EGY,2010,83.0,,0.04153192,74,,0.574,,,,1,1,1,1,0,3,0.0,1.0,20,,imputed,imputed,observed,observed,imputed,missing,missing,missing,observed,observed,observed,observed,observed,observed,observed,missing,0.9584680800000001,0.8045977011494253,,0.7428571428571429,0.0,,,,,,0.0,0.0,0.5,0.5,0.0,1.0,0.8717517578798887,1.0,0.7714285714285715,,0.8387096774193549,0.0,,,,,,0.0,0.0,0.5,1.0,0.0,1.0,0.8533672647988492
EGY,2011,83.0,,0.04357076,74,,0.575,,,,1,1,1,0,0,2,0.0,1.0,20,,observed,imputed,observed,observed,imputed,missing,missing,missing,observed,observed,observed,observed,observed,observed,observed,missing,0.95642924,0.8045977011494253,,0.7428571428571429,0.0,,,,,,0.0,0.0,0.5,0.0,0.0,0.5,0.8615107045488459,1.0,0.8433734939759037,,0.819672131147541,0.0,,,,,,0.0,0.0,1.0,0.0,0.0,0.5,0.8103779169352062
EGY,2013,88.0,,0.04671004,74,,0.573,,,,1,1,1,0,0,2,0.0,1.0,20,,observed,imputed,observed,observed,imputed,missing,missing,missing,observed,observed,observed,observed,observed,observed,observed,missing,0.95328996,0.8620689655172413,,0.7428571428571429,0.0,,,,,,0.0,0.0,0.5,0.0,0.0,0.5,0.8457421626813754,1.0,0.8571428571428571,,0.7551020408163265,0.0,,,,,,0.0,0.0,0.5,0.0,0.0,0.5,0.8338563353249708
ERI,2011,45.0,,0.0516229,39,,0.224,,,,1,1,1,0,0,2,0.0,1.0,100,,observed,imputed,observed,observed,imputed,missing,missing,missing,observed,observed,observed,observed,observed,observed,observed,missing,0.9483771,0.367816091954023,,0.24285714285714285,1.0,,,,,,0.0,0.0,0.5,0.0,0.0,0.5,0.8210649632601632,1.0,0.3855421686746988,,0.2459016393442623,1.0,,,,,,0.0,0.0,1.0,0.0,0.0,0.5,0.7549988662347513
ERI,2014,70.0,,0.03914323,39,,0.224,,,,1,1,1,0,0,2,0.0,1.0,100,,observed,imputed,observed,observed,imputed,missing,missing,missing,observed,observed,observed,observed,observed,observed,observed,missing,0.96085677,0.6551724137931034,,0.24285714285714285,1.0,,,,,,0.0,0.0,0.5,0.0,0.0,0.5,0.8837501008991187,1.0,0.6341463414634146,,0.15254237288135594,1.0,,,,,,0.0,0.0,0.5,0.0,0.0,0.5,0.8634974527853976
ERI,2020,57.0,,0.04310467,41,,0.241,,2.0,,1,1,1,0,0,2,0.0,1.0,100,,observed,imputed,observed,observed,imputed,missing,carried_forward,missing,observed,observed,observed,observed,observed,observed,observed,missing,0.95689533,0.5057471264367817,,0.2714285714285714,1.0,,,,1.0,,0.0,0.0,0.5,0.0,0.0,0.5,0.8638518654771514,1.0,0.37681159420289856,,0.1774193548387097,1.0,,,,0.0,,0.0,0.0,0.5,0.0,0.0,0.5,0.8794380730447071
ESP,2010,,,0.09118913,78,,0.782,,,,1,1,1,0,0,2,0.0,1.0,100,,imputed,imputed,observed,observed,imputed,missing,missing,missing,observed,observed,observed,observed,observed,observed,observed,missing,0.90881087,,,0.8,1.0,,,,,,0.0,0.0,0.5,0.0,0.0,0.5,0.6223245660057046,1.0,,,0.9032258064516129,1.0,,,,,,0.0,0.0,0.5,0.0,0.0,0.5,0.5015265120809109
EST,2010,73.0,55.5,0.06594338,74,0.925,0.512,,,,1,1,1,0,0,2,0.0,1.0,100,,imputed,imputed,observed,observed,imputed,missing,missing,missing,observed,observed,observed,observed,observed,observed,observed,missing,0.93405662,0.6896551724137931,0.6561461794019934,0.7428571428571429,1.0,,0.925,,,,0.0,0.0,0.5,0.0,0.0,0.5,0.7491334730960882,1.0,0.6285714285714286,0.593320235756385,0.8387096774193549,1.0,,0.925,,,,0.0,0.0,0.5,0.0,0.0,0.5,0.6804025239013267
EST,2015,73.0,55.5,0.0664135,77,0.925,0.505,,,,1,1,1,1,0,3,0.0,1.0,100,,observed,imputed,observed,observed,observed,missing,missing,missing,observed,observed,observed,observed,observed,observed,observed,missing,0.9335865,0.6896551724137931,0.6561461794019934,0.7857142857142857,1.0,,0.925,,,,0.0,0.0,0.5,0.5,0.0,1.0,0.7467720695568258,1.0,0.6285714285714286,0.6521008403361344,0.7777777777777778,1.0,,0.925,,,,0.0,0.0,0.5,1.0,0.0,1.0,0.6711038416104224
EST,2016,71.0,55.5,0.0670241,77,0.925,0.503,,,,1,1,1,0,0,2,0.0,1.0,100,,observed,imputed,observed,observed,observed,missing,missing,missing,observed,observed,observed,observed,observed,observed,observed,missing,0.9329759,0.6666666666666666,0.6561461794019934,0.7857142857142857,1.0,,0.925,,,,0.0,0.0,0.5,0.0,0.0,0.5,0.7437050377328797,1.0,0.5972222222222222,0.6449399656946827,0.8181818181818182,1.0,,0.925,,,,0.0,0.0,0.5,0.0,0.0,0.5,0.6950171209932897
EST,2021,74.0,55.5,0.07478603,79,0.925,0.531,2.0,,,1,1,0,1,0,3,0.0,1.0,100,,observed,observed,observed,observed,imputed,carried_forward,missing,missing,observed,observed,observed,observed,observed,observed,observed,missing,0.9252139699999999,0.7011494252873564,0.6561461794019934,0.8142857142857143,1.0,,0.925,1.0,,,0.0,0.0,0.0,0.5,0.0,1.0,0.7047170155821387,1.0,0.675,0.6594323873121869,0.7936507936507936,1.0,,0.925,1.0,,,0.0,0.0,0.0,0.5,0.0,1.0,0.7328995513125769
ETH,2011,70.0,,0.04468977,24,,0.379,,,,1,1,1,0,0,2,0.0,1.0,100,,observed,imputed,observed,observed,imputed,missing,missing,missing,observed,observed,observed,observed,observed,observed,observed,missing,0.95531023,0.6551724137931034,,0.02857142857142857,1.0,,,,,,0.0,0.0,0.5,0.0,0.0,0.5,0.855889939266642,1.0,0.6867469879518072,,0.0,1.0,,,,,,0.0,0.0,1.0,0.0,0.0,0.5,0.8026818620324957
ETH,2016,79.0,,0.03600338,30,,0.427,,,,1,1,1,1,0,3,0.0,1.0,100,,observed,imputed,observed,observed,imputed,missing,missing,missing,observed,observed,observed,observed,observed,observed,observed,missing,0.96399662,0.7586206896551724,,0.11428571428571428,1.0,,,,,,0.0,0.0,0.5,0.5,0.0,1.0,0.8995215058654094,1.0,0.7083333333333334,,0.10606060606060606,1.0,,,,,,0.0,0.0,0.5,1.0,0.0,1.0,0.9087201846538997
ETH,2020,67.0,,0.03480963,30,,0.446,,,,1,1,1,0,0,2,0.0,1.0,100,,observed,imputed,observed,observed,imputed,missing,missing,missing,observed,observed,observed,observed,observed,observed,observed,missing,0.96519037,0.6206896551724138,,0.11428571428571428,1.0,,,,,,0.0,0.0,0.5,0.0,0.0,0.5,0.9055176887016945,1.0,0.5217391304347826,,0.0,1.0,,,,,,0.0,0.0,0.5,0.0,0.0,0.5,0.9297385738824682
ETH,2022,67.0,,0.02852746,31,,0.449,2.0,,,1,1,1,0,0,2,0.0,1.0,100,,imputed,imputed,observed,observed,imputed,carried_forward,missing,missing,observed,observed,observed,observed,observed,observed,observed,missing,0.97147254,0.6206896551724138,,0.12857142857142856,1.0,,,1.0,,,0.0,0.0,0.5,0.0,0.0,0.5,0.9370729053958314,1.0,0.5,,0.016129032258064516,1.0,,,1.0,,,0.0,0.0,0.5,0.0,0.0,0.5,0.9538236962729388
FIN,2016,94.0,,0.0937796,86,0.75,0.67,,,,1,1,1,1,0,3,0.0,1.0,20,,imputed,imputed,observed,observed,observed,missing,missing,missing,observed,observed,observed,observed,observed,observed,observed,missing,0.9062204,0.9310344827586207,,0.9142857142857143,0.0,,0.75,,,,0.0,0.0,0.5,0.5,0.0,1.0,0.6093126860041033,1.0,0.9166666666666666,,0.9545454545454546,0.0,,0.75,,,,0.0,0.0,0.5,1.0,0.0,1.0,0.5106973398995098
FIN,2018,94.0,,0.09045142,86,0.75,0.67,,,,1,1,1,0,0,2,0.0,1.0,20,,observed,imputed,observed,observed,observed,missing,missing,missing,observed,observed,observed,observed,observed,observed,observed,missing,0.90954858,0.9310344827586207,,0.9142857142857143,0.0,,0.75,,,,0.0,0.0,0.5,0.0,0.0,0.5,0.6260300688665682,1.0,0.918918918918919,,0.9473684210526315,0.0,,0.75,,,,0.0,0.0,0.5,0.0,0.0,0.5,0.5370209995407407
FJI,2013,95.0,25.8,0.03200407,71,0.0,0.32,,,,1,1,1,0,0,2,0.0,1.0,20,,observed,imputed,observed,observed,imputed,missing,missing,missing,observed,observed,observed,observed,observed,observed,observed,missing,0.96799593,0.9425287356321839,0.16279069767441862,0.7,0.0,,0.0,,,,0.0,0.0,0.5,0.0,0.0,0.5,0.9196099615546102,1.0,0.9404761904761905,0.011764705882352969,0.6938775510204082,0.0,,0.0,,,,0.0,0.0,0.5,0.0,0.0,0.5,0.9422296141605677
FJI,2014,98.0,25.8,0.03368605,71,0.0,0.327,,,,1,1,0,1,0,3,0.0,1.0,20,,observed,imputed,observed,observed,imputed,missing,missing,missing,observed,observed,observed,observed,observed,observed,observed,missing,0.96631395,0.9770114942528736,0.16279069767441862,0.7,0.0,,0.0,,,,0.0,0.0,0.0,0.5,0.0,1.0,0.9111614090042648,1.0,0.975609756097561,0.03632887189292547,0.6949152542372882,0.0,,0.0,,,,0.0,0.0,0.0,1.0,0.0,1.0,0.9018714826724151
FJI,2016,86.33333333333333,25.8,0.03279797,70,0.0,0.325,,,,1,1,1,0,0,2,0.0,1.0,20,,imputed,imputed,observed,observed,observed,missing,missing,missing,observed,observed,observed,observed,observed,observed,observed,missing,0.96720203,0.8429118773946359,0.16279069767441862,0.6857142857142857,0.0,,0.0,,,,0.0,0.0,0.5,0.0,0.0,0.5,0.9156222174258343,1.0,0.8101851851851851,0.13550600343053176,0.7121212121212122,0.0,,0.0,,,,0.0,0.0,0.5,0.0,0.0,0.5,0.9308023909111488
FJI,2017,74.66666666666667,25.8,0.03186896,70,0.0,0.33,,,,1,1,1,1,0,3,0.0,1.0,20,,imputed,imputed,observed,observed,observed,missing,missing,missing,observed,observed,observed,observed,observed,observed,observed,missing,0.96813104,0.7088122605363986,0.16279069767441862,0.6857142857142857,0.0,,0.0,,,,0.0,0.0,0.5,0.5,0.0,1.0,0.9202886164346195,1.0,0.6481481481481483,0.13550600343053176,0.711864406779661,0.0,,0.0,,,,0.0,0.0,1.0,1.0,0.0,1.0,0.9473940248893112
FJI,2018,63.0,25.8,0.04105726,69,0.0,0.336,,,,1,1,1,0,0,2,0.0,1.0,20,,observed,imputed,observed,observed,observed,missing,missing,missing,observed,observed,observed,observed,observed,observed,observed,missing,0.95894274,0.5747126436781609,0.16279069767441862,0.6714285714285714,0.0,,0.0,,,,0.0,0.0,0.5,0.0,0.0,0.5,0.8741359657501051,1.0,0.5,0.03632887189292547,0.6491228070175439,0.0,,0.0,,,,0.0,0.0,0.5,0.0,0.0,0.5,0.8874188332302119
FJI,2020,58.5,25.8,0.05289874,69,0.975,0.32,,,,1,1,1,0,0,2,0.0,1.0,20,,imputed,imputed,observed,observed,observed,missing,missing,missing,observed,observed,observed,observed,observed,observed,observed,missing,0.94710126,0.5229885057471264,0.16279069767441862,0.6714285714285714,0.0,,0.975,,,,0.0,0.0,0.5,0.0,0.0,0.5,0.814656443963957,1.0,0.39855072463768115,0.036433365292425725,0.6290322580645161,0.0,,0.9736842105263158,,,,0.0,0.0,0.5,0.0,0.0,0.5,0.8200475666408682
FJI,2021,54.0,25.8,0.07060847,69,0.975,0.319,,,,1,1,1,1,0,3,0.0,1.0,20,,observed,observed,observed,observed,observed,missing,missing,missing,observed,observed,observed,observed,observed,observed,observed,missing,0.92939153,0.47126436781609193,0.16279069767441862,0.6714285714285714,0.0,,0.975,,,,0.0,0.0,0.5,0.5,0.0,1.0,0.7257008175252185,1.0,0.425,0.16360601001669448,0.6349206349206349,0.0,,0.975,,,,0.0,0.0,0.5,0.5,0.0,1.0,0.7547225223617593
FRA,2010,78.0,62.6,0.11225602,79,0.6,0.836,,,,4,1,1,0,0,2,0.0,1.0,20,,imputed,imputed,observed,observed,imputed,missing,missing,missing,observed,observed,observed,observed,observed,observed,observed,missing,0.88774398,0.7471264367816092,0.7740863787375415,0.8142857142857143,0.0,,0.6,,,,0.5,0.0,0.5,0.0,0.0,0.5,0.5165059907329025,1.0,0.7,0.7328094302554026,0.9193548387096774,0.0,,0.6,,,,0.5,0.0,0.5,0.0,0.0,0.5,0.3522593576228568
FRA,2011,78.0,62.6,0.11184976,81,0.6,0.835,,,,4,1,1,0,0,2,0.0,1.0,20,,observed,imputed,observed,observed,imputed,missing,missing,missing,observed,observed,observed,observed,observed,observed,observed,missing,0.88815024,0.7471264367816092,0.7740863787375415,0.8428571428571429,0.0,,0.6,,,,0.5,0.0,0.5,0.0,0.0,0.5,0.5185466267446882,1.0,0.7831325301204819,0.7142857142857143,0.9344262295081968,0.0,,0.6,,,,0.5,0.0,1.0,0.0,0.0,0.5,0.3407852120422993
FRA,2012,81.0,62.6,0.112974,81,0.6,0.829,,,,4,1,1,0,0,2,0.0,1.0,20,,observed,imputed,observed,observed,imputed,missing,missing,missing,observed,observed,observed,observed,observed,observed,observed,missing,0.887026,0.7816091954022989,0.7740863787375415,0.8428571428571429,0.0,,0.6,,,,0.5,0.0,0.5,0.0,0.0,0.5,0.5128995912750629,1.0,0.7466666666666667,0.739961759082218,0.8615384615384616,0.0,,0.6,,,,0.5,0.0,0.5,0.0,0.0,0.5,0.34836703685164766
FRA,2013,85.0,62.6,0.11395911,82,0.6,0.829,,,,4,1,1,0,0,2,0.0,1.0,20,,observed,imputed,observed,observed,imputed,missing,missing,missing,observed,observed,observed,observed,observed,observed,observed,missing,0.88604089,0.8275862068965517,0.7740863787375415,0.8571428571428571,0.0,,0.6,,,,0.5,0.0,0.5,0.0,0.0,0.5,0.5079514030665997,1.0,0.8214285714285714,0.7333333333333334,0.9183673469387755,0.0,,0.6,,,,0.5,0.0,0.5,0.0,0.0,0.5,0.3382751383998715
FRA,2014,86.0,62.6,0.11525314,82,0.6,0.826,,,,4,1,1,0,0,2,0.0,1.0,20,,observed,imputed,observed,observed,imputed,missing,missing,missing,observed,observed,observed,observed,observed,observed,observed,missing,0.88474686,0.8390804597701149,0.7740863787375415,0.8571428571428571,0.0,,0.6,,,,0.5,0.0,0.5,0.0,0.0,0.5,0.501451515757165,1.0,0.8292682926829268,0.739961759082218,0.8813559322033898,0.0,,0.6,,,,0.6,0.0,0.5,0.0,0.0,0.5,0.32830455809652015
FRA,2015,89.0,62.6,0.11439855,82,0.6,0.819,,,,4,2,2,0,0,2,0.0,1.0,20,,observed,imputed,observed,observed,observed,missing,missing,missing,observed,observed,observed,observed,observed,observed,observed,missing,0.88560145,0.8735632183908046,0.7740863787375415,0.8571428571428571,0.0,,0.6,,,,0.5,0.5,1.0,0.0,0.0,0.5,0.5057441045655929,1.0,0.8571428571428571,0.7714285714285716,0.8571428571428571,0.0,,0.6,,,,0.5,1.0,1.0,0.0,0.0,0.5,0.34384638987019017
FRA,2016,89.0,62.6,0.1149049,82,0.625,0.816,,,,4,1,1,0,0,2,0.0,1.0,20,,observed,imputed,observed,observed,observed,missing,missing,missing,observed,observed,observed,observed,observed,observed,observed,missing,0.8850951,0.8735632183908046,0.7740863787375415,0.8571428571428571,0.0,,0.625,,,,0.5,0.0,0.5,0.0,0.0,0.5,0.5032007184469307,1.0,0.8472222222222222,0.7667238421955404,0.8939393939393939,0.0,,0.625,,,,0.5,0.0,0.5,0.0,0.0,0.5,0.3651642468330211
FRA,2017,89.0,62.6,0.11370638,82,0.65,0.814,,,,4,1,1,0,0,2,0.0,1.0,20,,observed,imputed,observed,observed,observed,missing,missing,missing,observed,observed,observed,observed,observed,observed,observed,missing,0.88629362,0.8735632183908046,0.7740863787375415,0.8571428571428571,0.0,,0.65,,,,0.5,0.0,0.5,0.0,0.0,0.5,0.509220860899659,1.0,0.8472222222222222,0.7667238421955404,0.9152542372881356,0.0,,0.65,,,,0.5,0.0,1.0,0.0,0.0,0.5,0.3758797156305432
FRA,2018,82.0,62.6,0.11210338,81,0.65,0.816,,,,4,1,1,0,0,2,0.0,1.0,20,,observed,imputed,observed,observed,observed,missing,missing,missing,observed,observed,observed,observed,observed,observed,observed,missing,0.88789662,0.7931034482758621,0.7740863787375415,0.8428571428571429,0.0,,0.65,,,,0.5,0.0,0.5,0.0,0.0,0.5,0.5172726984590854,1.0,0.7567567567567568,0.739961759082218,0.8596491228070176,0.0,,0.65,,,,0.5,0.0,0.5,0.0,0.0,0.5,0.38342389658097586
FRA,2019,82.0,62.6,0.11099384,81,0.65,0.816,,,,4,1,1,0,0,2,0.0,1.0,20,,observed,observed,observed,observed,observed,missing,missing,missing,observed,observed,observed,observed,observed,observed,observed,missing,0.88900616,0.7931034482758621,0.7740863787375415,0.8428571428571429,0.0,,0.65,,,,0.5,0.0,0.5,0.0,0.0,0.5,0.5228458961170301,1.0,0.75,0.7667238421955404,0.8833333333333333,0.0,,0.65,,,,0.5,0.0,0.5,0.0,0.0,0.5,0.3843549477846824
FRA,2020,83.0,62.25,0.12072268,82,0.65,0.815,,,,4,1,1,0,0,2,0.0,1.0,20,,observed,imputed,observed,observed,observed,missing,missing,missing,observed,observed,observed,observed,observed,observed,observed,missing,0.87927732,0.8045977011494253,0.7682724252491694,0.8571428571428571,0.0,,0.65,,,,0.5,0.0,0.5,0.0,0.0,0.5,0.4739781236144424,1.0,0.7536231884057971,0.735378715244487,0.8387096774193549,0.0,,0.631578947368421,,,,0.5,0.0,0.5,0.0,0.0,0.5,0.4087682779586815
FRA,2021,86.0,61.9,0.12292294,82,0.65,0.819,,,,4,2,2,0,0,2,0.0,1.0,20,,observed,observed,observed,observed,observed,missing,missing,missing,observed,observed,observed,observed,observed,observed,observed,missing,0.87707706,0.8390804597701149,0.7624584717607973,0.8571428571428571,0.0,,0.65,,,,0.5,0.5,1.0,0.0,0.0,0.5,0.4629262607894245,1.0,0.825,0.7662771285475792,0.8412698412698413,0.0,,0.65,,,,0.5,0.5,1.0,0.0,0.0,0.5,0.48143927466135283
FRA,2022,86.0,61.9,0.11881905,82,0.65,0.819,,,,4,1,1,0,0,2,0.0,1.0,20,,imputed,imputed,observed,observed,observed,missing,missing,missing,observed,observed,observed,observed,observed,observed,observed,missing,0.88118095,0.8390804597701149,0.7624584717607973,0.8571428571428571,0.0,,0.65,,,,0.5,0.0,0.5,0.0,0.0,0.5,0.4835400197674368,1.0,0.7878787878787878,0.7662771285475792,0.8387096774193549,0.0,,0.65,,,,0.75,0.0,0.5,0.0,0.0,0.5,0.32258591104031453
FRA,2023,86.0,61.9,0.11881905,82,0.65,,,,2.0,4,1,1,0,0,2,0.0,1.0,20,20.0,imputed,imputed,imputed,observed,imputed,missing,missing,carried_forward,observed,observed,observed,observed,observed,observed,observed,observed,0.88118095,0.8390804597701149,0.7624584717607973,0.8571428571428571,0.0,0.0,0.65,,,1.0,0.5,0.0,0.5,0.0,0.0,0.5,0.4835400197674368,1.0,0.7846153846153846,0.7276264591439687,0.8541666666666666,0.0,0.0,0.65,,,1.0,0.5,0.0,1.0,0.0,0.0,0.5,0.3296025755407914
FSM,2011,36.0,,0.13314363,57,,0.152,,,,1,1,1,0,0,2,0.0,1.0,80,,observed,imputed,observed,observed,imputed,missing,missing,missing,observed,observed,observed,observed,observed,observed,observed,missing,0.86685637,0.26436781609195403,,0.5,0.75,,,,,,0.0,0.0,0.5,0.0,0.0,0.5,0.4115879353837778,1.0,0.27710843373493976,,0.5409836065573771,0.75,,,,,,0.0,0.0,1.0,0.0,0.0,0.5,0.19433541033258034
FSM,2022,36.0,,0.10344703,65,,0.153,,,,1,1,1,0,0,2,0.0,1.0,80,,imputed,imputed,observed,observed,imputed,missing,missing,missing,observed,observed,observed,observed,observed,observed,observed,missing,0.89655297,0.26436781609195403,,0.6142857142857143,0.75,,,,,,0.0,0.0,0.5,0.0,0.0,0.5,0.560753374727045,1.0,0.030303030303030304,,0.5645161290322581,0.75,,,,,,0.0,0.0,0.5,0.0,0.0,0.5,0.43005328268978515
GAB,2018,40.0,,0.02752351,51,,0.375,,,,1,2,2,0,0,2,0.0,1.0,60,,observed,imputed,observed,observed,imputed,missing,missing,missing,observed,observed,observed,observed,observed,observed,observed,missing,0.97247649,0.3103448275862069,,0.4142857142857143,0.5,,,,,,0.0,0.5,1.0,0.0,0.0,0.5,0.9421157265547745,1.0,0.1891891891891892,,0.3333333333333333,0.5,,,,,,0.0,1.0,1.0,0.0,0.0,0.5,0.9834260673181059
GAB,2023,40.0,,0.02752351,48,,,,,,1,1,1,1,0,3,0.0,1.0,60,60.0,imputed,imputed,imputed,observed,imputed,missing,missing,missing,observed,observed,observed,observed,observed,observed,observed,observed,0.97247649,0.3103448275862069,,0.37142857142857144,0.5,0.5,,,,,0.0,0.0,0.5,0.5,0.0,1.0,0.9421157265547745,1.0,0.07692307692307693,,0.14583333333333334,0.5,0.5,,,,,0.0,0.0,1.0,1.0,0.0,1.0,0.9817419901867157
GBR,2010,88.0,68.3,0.09789379,84,1.0,0.82,,,,4,1,1,0,0,2,0.0,1.0,20,,imputed,imputed,observed,observed,imputed,missing,missing,missing,observed,observed,observed,observed,observed,observed,observed,missing,0.90210621,0.8620689655172413,0.8687707641196012,0.8857142857142857,0.0,,1.0,,,,0.5,0.0,0.5,0.0,0.0,0.5,0.5886471903281107,1.0,0.8428571428571429,0.8447937131630647,1.0,0.0,,1.0,,,,0.5,0.0,0.5,0.0,0.0,0.5,0.45402137393243536
GBR,2011,88.0,68.3,0.09795615,84,1.0,0.819,,,,4,1,1,0,0,2,0.0,1.0,20,,imputed,imputed,observed,observed,imputed,missing,missing,missing,observed,observed,observed,observed,observed,observed,observed,missing,0.90204385,0.8620689655172413,0.8687707641196012,0.8857142857142857,0.0,,1.0,,,,0.5,0.0,0.5,0.0,0.0,0.5,0.5883339572712135,1.0,0.9036144578313253,0.8340336134453781,0.9836065573770492,0.0,,1.0,,,,0.5,0.0,1.0,0.0,0.0,0.5,0.4363393048179279
GBR,2012,88.0,68.3,0.09891601,85,1.0,0.817,,,,4,1,1,0,0,2,0.0,1.0,20,,imputed,imputed,observed,observed,imputed,missing,missing,missing,observed,observed,observed,observed,observed,observed,observed,missing,0.9010839900000001,0.8620689655172413,0.8687707641196012,0.9,0.0,,1.0,,,,0.5,0.0,0.5,0.0,0.0,0.5,0.5835125993175079,1.0,0.84,0.8489483747609942,0.9230769230769231,0.0,,1.0,,,,0.5,0.0,0.5,0.0,0.0,0.5,0.44992215763391646
GBR,2013,88.0,68.3,0.09978225,85,1.0,0.817,,,,4,1,1,1,0,3,0.0,1.0,20,,imputed,imputed,observed,observed,imputed,missing,missing,missing,observed,observed,observed,observed,observed,observed,observed,missing,0.90021775,0.8620689655172413,0.8687707641196012,0.9,0.0,,1.0,,,,0.5,0.0,0.5,0.5,0.0,1.0,0.579161492787578,1.0,0.8571428571428571,0.8450980392156862,0.9795918367346939,0.0,,1.0,,,,0.5,0.0,0.5,1.0,0.0,1.0,0.44274922625624774
GBR,2014,88.0,68.3,0.0990306,86,1.0,0.821,,,,4,2,2,0,0,2,0.0,1.0,20,,imputed,imputed,observed,observed,imputed,missing,missing,missing,observed,observed,observed,observed,observed,observed,observed,missing,0.9009694,0.8620689655172413,0.8687707641196012,0.9142857142857143,0.0,,1.0,,,,0.5,0.5,1.0,0.0,0.0,0.5,0.5829370159950282,1.0,0.8536585365853658,0.8489483747609942,0.9491525423728814,0.0,,1.0,,,,0.6,1.0,1.0,0.0,0.0,0.5,0.4423789032350981
GBR,2015,88.0,68.3,0.09836252,86,1.0,0.82,,,,4,1,1,0,0,2,0.0,1.0,20,,imputed,imputed,observed,observed,observed,missing,missing,missing,observed,observed,observed,observed,observed,observed,observed,missing,0.90163748,0.8620689655172413,0.8687707641196012,0.9142857142857143,0.0,,1.0,,,,0.5,0.0,0.5,0.0,0.0,0.5,0.5862927687315854,1.0,0.8428571428571429,0.8672268907563024,0.9206349206349206,0.0,,1.0,,,,0.5,0.0,0.5,0.0,0.0,0.5,0.4532119175466209
GBR,2016,88.0,68.3,0.0976547,86,1.0,0.816,,,,4,1,1,0,0,2,0.0,1.0,20,,observed,imputed,observed,observed,imputed,missing,missing,missing,observed,observed,observed,observed,observed,observed,observed,missing,0.9023453,0.8620689655172413,0.8687707641196012,0.9142857142857143,0.0,,1.0,,,,0.5,0.0,0.5,0.0,0.0,0.5,0.5898481347086991,1.0,0.8333333333333334,0.8644939965694681,0.9545454545454546,0.0,,1.0,,,,0.5,0.0,0.5,0.0,0.0,0.5,0.4840016106581759
GBR,2017,89.0,68.3,0.09600168,87,1.0,0.81,,,,4,1,1,0,0,2,0.0,1.0,20,,observed,imputed,observed,observed,imputed,missing,missing,missing,observed,observed,observed,observed,observed,observed,observed,missing,0.90399832,0.8735632183908046,0.8687707641196012,0.9285714285714286,0.0,,1.0,,,,0.5,0.0,0.5,0.0,0.0,0.5,0.5981512217470539,1.0,0.8472222222222222,0.8644939965694681,1.0,0.0,,1.0,,,,0.5,0.0,1.0,0.0,0.0,0.5,0.49952106931854695
GBR,2018,93.0,68.3,0.09738376,87,1.0,0.811,,,,4,1,1,0,0,2,0.0,1.0,20,,observed,imputed,observed,observed,observed,missing,missing,missing,observed,observed,observed,observed,observed,observed,observed,missing,0.90261624,0.9195402298850575,0.8687707641196012,0.9285714285714286,0.0,,1.0,,,,0.5,0.0,0.5,0.0,0.0,0.5,0.5912090610145946,1.0,0.9054054054054054,0.8489483747609942,0.9649122807017544,0.0,,1.0,,,,0.5,0.0,0.5,0.0,0.0,0.5,0.48784358831644004
GBR,2019,93.0,68.3,0.09953881,87,1.0,0.812,,2.0,,4,1,1,0,0,2,0.0,1.0,20,,observed,observed,observed,observed,observed,missing,carried_forward,missing,observed,observed,observed,observed,observed,observed,observed,missing,0.90046119,0.9195402298850575,0.8687707641196012,0.9285714285714286,0.0,,1.0,,1.0,,0.5,0.0,0.5,0.0,0.0,0.5,0.5803842871328473,1.0,0.9117647058823529,0.8644939965694681,0.9833333333333333,0.0,,1.0,,0.0,,0.5,0.0,0.5,0.0,0.0,0.5,0.4635153425642427
GBR,2020,95.0,67.75,0.11965477,88,1.0,0.811,,2.0,,4,2,2,0,0,2,0.0,1.0,20,,observed,imputed,observed,observed,observed,missing,carried_forward,missing,observed,observed,observed,observed,observed,observed,observed,missing,0.88034523,0.9425287356321839,0.8596345514950166,0.9428571428571428,0.0,,1.0,,1.0,,0.5,0.5,1.0,0.0,0.0,0.5,0.4793422145989006,1.0,0.927536231884058,0.8408437200383507,0.9354838709677419,0.0,,1.0,,0.0,,0.5,1.0,1.0,0.0,0.0,0.5,0.4152440041576692
GBR,2021,93.0,67.2,0.12019034,88,1.0,0.817,,2.0,,4,1,1,0,0,2,0.0,1.0,20,,observed,observed,observed,observed,observed,missing,carried_forward,missing,observed,observed,observed,observed,observed,observed,observed,missing,0.87980966,0.9195402298850575,0.8504983388704319,0.9428571428571428,0.0,,1.0,,1.0,,0.5,0.0,0.5,0.0,0.0,0.5,0.4766520569933477,1.0,0.9125,0.8547579298831385,0.9365079365079365,0.0,,1.0,,0.0,,0.5,0.0,0.5,0.0,0.0,0.5,0.49571398302915537
GBR,2022,93.0,67.2,0.11050878,88,1.0,0.817,,2.0,,4,1,1,0,0,2,0.0,1.0,20,,imputed,imputed,observed,observed,imputed,missing,carried_forward,missing,observed,observed,observed,observed,observed,observed,observed,missing,0.88949122,0.9195402298850575,0.8504983388704319,0.9428571428571428,0.0,,1.0,,1.0,,0.5,0.0,0.5,0.0,0.0,0.5,0.5252823429832657,1.0,0.8939393939393939,0.8547579298831385,0.9354838709677419,0.0,,1.0,,1.0,,0.75,0.0,0.5,0.0,0.0,0.5,0.380683862682158
GBR,2023,93.0,67.2,0.11050878,88,1.0,,,2.0,,4,1,1,0,0,2,0.0,1.0,20,20.0,imputed,imputed,imputed,observed,imputed,missing,carried_forward,missing,observed,observed,observed,observed,observed,observed,observed,observed,0.88949122,0.9195402298850575,0.8504983388704319,0.9428571428571428,0.0,0.0,1.0,,1.0,,0.5,0.0,0.5,0.0,0.0,0.5,0.5252823429832657,1.0,0.8923076923076924,0.8307392996108949,0.9791666666666666,0.0,0.0,1.0,,1.0,,0.5,0.0,1.0,0.0,0.0,0.5,0.3889642334416004
GEO,2017,74.0,,0.06959362,70,0.975,0.411,,2.0,1.0,1,1,1,0,0,2,0.0,1.0,100,,observed,imputed,observed,observed,observed,missing,carried_forward,carried_forward,observed,observed,observed,observed,observed,observed,observed,missing,0.93040638,0.7011494252873564,,0.6857142857142857,1.0,,0.975,,1.0,0.0,0.0,0.0,0.5,0.0,0.0,0.5,0.7307983891703738,1.0,0.6388888888888888,,0.711864406779661,1.0,,0.975,,0.0,0.0,0.0,0.0,1.0,0.0,0.0,0.5,0.6839426232942718
GEO,2022,74.0,,0.07255696,71,0.975,0.411,,2.0,1.0,1,1,1,1,0,3,0.0,1.0,100,,imputed,imputed,observed,observed,observed,missing,carried_forward,carried_forward,observed,observed,observed,observed,observed,observed,observed,missing,0.92744304,0.7011494252873564,,0.7,1.0,,0.975,,1.0,0.0,0.0,0.0,0.5,0.5,0.0,1.0,0.7159135904720892,1.0,0.6060606060606061,,0.6612903225806451,1.0,,0.975,,1.0,0.0,0.0,0.0,0.5,1.0,0.0,1.0,0.646008936726675
GHA,2011,39.0,,0.04468556,39,0.825,0.433,,,,4,1,0,0,1,1,0.0,1.0,100,,observed,imputed,observed,observed,imputed,missing,missing,missing,observed,observed,observed,observed,observed,observed,observed,missing,0.95531444,0.2988505747126437,,0.24285714285714285,1.0,,0.825,,,,0.5,0.0,0.0,0.0,1.0,0.0,0.8559110860140686,1.0,0.3132530120481928,,0.2459016393442623,1.0,,0.825,,,,0.5,0.0,0.0,0.0,1.0,0.0,0.8027108165468789
GHA,2014,69.0,,0.04016441,46,0.825,0.432,,,,4,1,0,0,1,1,0.0,1.0,100,,observed,imputed,observed,observed,imputed,missing,missing,missing,observed,observed,observed,observed,observed,observed,observed,missing,0.95983559,0.6436781609195402,,0.34285714285714286,1.0,,0.825,,,,0.5,0.0,0.0,0.0,1.0,0.0,0.8786207337881171,1.0,0.6219512195121951,,0.2711864406779661,1.0,,0.825,,,,0.6,0.0,0.0,0.0,1.0,0.0,0.856316675929947
GHA,2015,59.0,,0.04542968,49,0.825,0.427,,,,4,1,1,0,0,2,0.0,1.0,100,,imputed,imputed,observed,observed,imputed,missing,missing,missing,observed,observed,observed,observed,observed,observed,observed,missing,0.95457032,0.5287356321839081,,0.38571428571428573,1.0,,0.825,,,,0.5,0.0,0.5,0.0,0.0,0.5,0.852173385848928,1.0,0.42857142857142855,,0.3333333333333333,1.0,,0.825,,,,0.5,0.0,0.5,0.0,0.0,0.5,0.8142132363276462
GHA,2020,49.0,,0.04433171,51,0.825,0.431,,2.0,,4,1,1,0,0,2,0.0,1.0,100,,observed,imputed,observed,observed,observed,missing,carried_forward,missing,observed,observed,observed,observed,observed,observed,observed,missing,0.95566829,0.41379310344827586,,0.4142857142857143,1.0,,0.825,,1.0,,0.5,0.0,0.5,0.0,0.0,0.5,0.8576884676238021,1.0,0.2608695652173913,,0.3387096774193548,1.0,,0.8157894736842105,,0.0,,0.5,0.0,0.5,0.0,0.0,0.5,0.8719973944526846
GIN,2011,13.0,,0.03789551,26,,0.238,,,,1,1,1,0,0,2,0.0,1.0,100,,observed,imputed,observed,observed,imputed,missing,missing,missing,observed,observed,observed,observed,observed,observed,observed,missing,0.96210449,0.0,,0.05714285714285714,1.0,,,,,,0.0,0.0,0.5,0.0,0.0,0.5,0.8900173739868584,1.0,0.0,,0.03278688524590164,1.0,,,,,,0.0,0.0,1.0,0.0,0.0,0.5,0.8494097715089914
GIN,2014,52.0,,0.04787992,37,,0.243,,2.0,,1,1,1,0,0,2,0.0,1.0,100,,observed,imputed,observed,observed,imputed,missing,carried_forward,missing,observed,observed,observed,observed,observed,observed,observed,missing,0.95212008,0.4482758620689655,,0.21428571428571427,1.0,,,,1.0,,0.0,0.0,0.5,0.0,0.0,0.5,0.8398658783869142,1.0,0.4146341463414634,,0.11864406779661017,1.0,,,,0.0,,0.0,0.0,0.5,0.0,0.0,0.5,0.8020624253218338
GIN,2017,60.0,,0.03915127,37,,0.297,2.0,2.0,,1,1,1,0,0,2,0.0,1.0,100,,observed,imputed,observed,observed,imputed,carried_forward,carried_forward,missing,observed,observed,observed,observed,observed,observed,observed,missing,0.96084873,0.5402298850574713,,0.21428571428571427,1.0,,,1.0,1.0,,0.0,0.0,0.5,0.0,0.0,0.5,0.8837097161368119,1.0,0.4444444444444444,,0.15254237288135594,1.0,,,1.0,0.0,,0.0,0.0,1.0,0.0,0.0,0.5,0.8965377739290753
GMB,2011,53.0,,0.04369674,52,,0.407,,,,1,1,1,0,0,2,0.0,1.0,40,,observed,imputed,observed,observed,imputed,missing,missing,missing,observed,observed,observed,observed,observed,observed,observed,missing,0.95630326,0.45977011494252873,,0.42857142857142855,0.25,,,,,,0.0,0.0,0.5,0.0,0.0,0.5,0.8608779094797653,1.0,0.4819277108433735,,0.45901639344262296,0.25,,,,,,0.0,0.0,1.0,0.0,0.0,0.5,0.8095114823218933
GMB,2011,53.0,,0.04369674,52,,0.407,,,,1,1,1,0,0,2,0.0,1.0,40,,observed,imputed,observed,observed,imputed,missing,missing,missing,observed,observed,observed,observed,observed,observed,observed,missing,0.95630326,0.45977011494252873,,0.42857142857142855,0.25,,,,,,0.0,0.0,0.5,0.0,0.0,0.5,0.8608779094797653,1.0,0.4819277108433735,,0.45901639344262296,0.25,,,,,,0.0,0.0,1.0,0.0,0.0,0.5,0.8095114823218933
GMB,2011,53.0,,0.04369674,52,,0.407,,,,1,1,1,0,0,2,0.0,1.0,40,,observed,imputed,observed,observed,imputed,missing,missing,missing,observed,observed,observed,observed,observed,observed,observed,missing,0.95630326,0.45977011494252873,,0.42857142857142855,0.25,,,,,,0.0,0.0,0.5,0.0,0.0,0.5,0.8608779094797653,1.0,0.4819277108433735,,0.45901639344262296,0.25,,,,,,0.0,0.0,1.0,0.0,0.0,0.5,0.8095114823218933
GMB,2011,53.0,,0.04369674,52,,0.407,,,,1,1,1,0,0,2,0.0,1.0,40,,observed,imputed,observed,observed,imputed,missing,missing,missing,observed,observed,observed,observed,observed,observed,observed,missing,0.95630326,0.45977011494252873,,0.42857142857142855,0.25,,,,,,0.0,0.0,0.5,0.0,0.0,0.5,0.8608779094797653,1.0,0.4819277108433735,,0.45901639344262296,0.25,,,,,,0.0,0.0,1.0,0.0,0.0,0.5,0.8095114823218933
GMB,2011,53.0,,0.04369674,52,,0.193,,,,1,1,1,0,0,2,0.0,1.0,40,,observed,imputed,observed,observed,imputed,missing,missing,missing,observed,observed,observed,observed,observed,observed,observed,missing,0.95630326,0.45977011494252873,,0.42857142857142855,0.25,,,,,,0.0,0.0,0.5,0.0,0.0,0.5,0.8608779094797653,1.0,0.4819277108433735,,0.45901639344262296,0.25,,,,,,0.0,0.0,1.0,0.0,0.0,0.5,0.8095114823218933
GMB,2011,53.0,,0.04369674,52,,0.193,,,,1,1,1,0,0,2,0.0,1.0,40,,observed,imputed,observed,observed,imputed,missing,missing,missing,observed,observed,observed,observed,observed,observed,observed,missing,0.95630326,0.45977011494252873,,0.42857142857142855,0.25,,,,,,0.0,0.0,0.5,0.0,0.0,0.5,0.8608779094797653,1.0,0.4819277108433735,,0.45901639344262296,0.25,,,,,,0.0,0.0,1.0,0.0,0.0,0.5,0.8095114823218933
GMB,2011,53.0,,0.04369674,52,,0.193,,,,1,1,1,0,0,2,0.0,1.0,40,,observed,imputed,observed,observed,imputed,missing,missing,missing,observed,observed,observed,observed,observed,observed,observed,missing,0.95630326,0.45977011494252873,,0.42857142857142855,0.25,,,,,,0.0,0.0,0.5,0.0,0.0,0.5,0.8608779094797653,1.0,0.4819277108433735,,0.45901639344262296,0.25,,,,,,0.0,0.0,1.0,0.0,0.0,0.5,0.8095114823218933
GMB,2011,53.0,,0.04369674,52,,0.193,,,,1,1,1,0,0,2,0.0,1.0,40,,observed,imputed,observed,observed,imputed,missing,missing,missing,observed,observed,observed,observed,observed,observed,observed,missing,0.95630326,0.45977011494252873,,0.42857142857142855,0.25,,,,,,0.0,0.0,0.5,0.0,0.0,0.5,0.8608779094797653,1.0,0.4819277108433735,,0.45901639344262296,0.25,,,,,,0.0,0.0,1.0,0.0,0.0,0.5,0.8095114823218933
GMB,2014,33.0,,0.03052346,52,,0.411,,,,1,1,1,0,0,2,0.0,1.0,40,,observed,imputed,observed,observed,imputed,missing,missing,missing,observed,observed,observed,observed,observed,observed,observed,missing,0.96947654,0.22988505747126436,,0.42857142857142855,0.25,,,,,,0.0,0.0,0.5,0.0,0.0,0.5,0.9270470365445433,1.0,0.18292682926829268,,0.3728813559322034,0.25,,,,,,0.0,0.0,0.5,0.0,0.0,0.5,0.9241103172317273
GMB,2014,33.0,,0.03052346,52,,0.411,,,,1,1,1,0,0,2,0.0,1.0,40,,observed,imputed,observed,observed,imputed,missing,missing,missing,observed,observed,observed,observed,observed,observed,observed,missing,0.96947654,0.22988505747126436,,0.42857142857142855,0.25,,,,,,0.0,0.0,0.5,0.0,0.0,0.5,0.9270470365445433,1.0,0.18292682926829268,,0.3728813559322034,0.25,,,,,,0.0,0.0,0.5,0.0,0.0,0.5,0.9241103172317273
GMB,2014,33.0,,0.03052346,52,,0.411,,,,1,1,1,0,0,2,0.0,1.0,40,,observed,imputed,observed,observed,imputed,missing,missing,missing,observed,observed,observed,observed,observed,observed,observed,missing,0.96947654,0.22988505747126436,,0.42857142857142855,0.25,,,,,,0.0,0.0,0.5,0.0,0.0,0.5,0.9270470365445433,1.0,0.18292682926829268,,0.3728813559322034,0.25,,,,,,0.0,0.0,0.5,0.0,0.0,0.5,0.9241103172317273
GMB,2014,33.0,,0.03052346,52,,0.411,,,,1,1,1,0,0,2,0.0,1.0,40,,observed,imputed,observed,observed,imputed,missing,missing,missing,observed,observed,observed,observed,observed,observed,observed,missing,0.96947654,0.22988505747126436,,0.42857142857142855,0.25,,,,,,0.0,0.0,0.5,0.0,0.0,0.5,0.9270470365445433,1.0,0.18292682926829268,,0.3728813559322034,0.25,,,,,,0.0,0.0,0.5,0.0,0.0,0.5,0.9241103172317273
GMB,2014,33.0,,0.03052346,52,,0.171,,,,1,1,1,0,0,2,0.0,1.0,40,,observed,imputed,observed,observed,imputed,missing,missing,missing,observed,observed,observed,observed,observed,observed,observed,missing,0.96947654,0.22988505747126436,,0.42857142857142855,0.25,,,,,,0.0,0.0,0.5,0.0,0.0,0.5,0.9270470365445433,1.0,0.18292682926829268,,0.3728813559322034,0.25,,,,,,0.0,0.0,0.5,0.0,0.0,0.5,0.9241103172317273
GMB,2014,33.0,,0.03052346,52,,0.171,,,,1,1,1,0,0,2,0.0,1.0,40,,observed,imputed,observed,observed,imputed,missing,missing,missing,observed,observed,observed,observed,observed,observed,observed,missing,0.96947654,0.22988505747126436,,0.42857142857142855,0.25,,,,,,0.0,0.0,0.5,0.0,0.0,0.5,0.9270470365445433,1.0,0.18292682926829268,,0.3728813559322034,0.25,,,,,,0.0,0.0,0.5,0.0,0.0,0.5,0.9241103172317273
GMB,2014,33.0,,0.03052346,52,,0.171,,,,1,1,1,0,0,2,0.0,1.0,40,,observed,imputed,observed,observed,imputed,missing,missing,missing,observed,observed,observed,observed,observed,observed,observed,missing,0.96947654,0.22988505747126436,,0.42857142857142855,0.25,,,,,,0.0,0.0,0.5,0.0,0.0,0.5,0.9270470365445433,1.0,0.18292682926829268,,0.3728813559322034,0.25,,,,,,0.0,0.0,0.5,0.0,0.0,0.5,0.9241103172317273
GMB,2014,33.0,,0.03052346,52,,0.171,,,,1,1,1,0,0,2,0.0,1.0,40,,observed,imputed,observed,observed,imputed,missing,missing,missing,observed,observed,observed,observed,observed,observed,observed,missing,0.96947654,0.22988505747126436,,0.42857142857142855,0.25,,,,,,0.0,0.0,0.5,0.0,0.0,0.5,0.9270470365445433,1.0,0.18292682926829268,,0.3728813559322034,0.25,,,,,,0.0,0.0,0.5,0.0,0.0,0.5,0.9241103172317273
GNB,2020,35.0,,0.09029393,44,,0.185,2.0,2.0,,1,1,1,0,0,2,0.0,1.0,80,,observed,imputed,observed,observed,imputed,carried_forward,carried_forward,missing,observed,observed,observed,observed,observed,observed,observed,missing,0.90970607,0.25287356321839083,,0.3142857142857143,0.75,,,1.0,1.0,,0.0,0.0,0.5,0.0,0.0,0.5,0.626821138047625,1.0,0.057971014492753624,,0.22580645161290322,0.75,,,0.0,0.0,,0.0,0.0,0.5,0.0,0.0,0.5,0.5932859372908893
GRC,2014,,,0.07891411,74,,0.65,,,,1,1,1,0,0,2,0.0,1.0,40,,imputed,imputed,observed,observed,imputed,missing,missing,missing,observed,observed,observed,observed,observed,observed,observed,missing,0.92108589,,,0.7428571428571429,0.25,,,,,,0.0,0.0,0.5,0.0,0.0,0.5,0.6839817507085791,1.0,,,0.7457627118644068,0.25,,,,,,0.0,0.0,0.5,0.0,0.0,0.5,0.5838348912145849
GRC,2017,,,0.08135159,75,,0.634,,,,1,1,1,1,0,3,0.0,1.0,40,,imputed,imputed,observed,observed,imputed,missing,missing,missing,observed,observed,observed,observed,observed,observed,observed,missing,0.91864841,,,0.7571428571428571,0.25,,,,,,0.0,0.0,0.5,0.5,0.0,1.0,0.6717383364762958,1.0,,,0.7966101694915254,0.25,,,,,,0.0,0.0,1.0,1.0,0.0,1.0,0.601830453789963
GRD,2016,66.0,25.6,0.044391,77,0.925,0.256,2.0,,,7,1,1,1,0,3,0.0,1.0,100,,observed,imputed,observed,observed,imputed,carried_forward,missing,missing,observed,observed,observed,observed,observed,observed,observed,missing,0.955609,0.6091954022988506,0.159468438538206,0.7857142857142857,1.0,,0.925,1.0,,,1.0,0.0,0.5,0.5,0.0,1.0,0.8573906551166918,1.0,0.5277777777777778,0.13207547169811323,0.8181818181818182,1.0,,0.925,1.0,,,1.0,0.0,0.5,1.0,0.0,1.0,0.8509375125940316
GRD,2019,66.0,25.6,0.04931896,78,0.925,0.255,2.0,,,7,1,1,0,0,2,0.0,1.0,100,,imputed,observed,observed,observed,observed,carried_forward,missing,missing,observed,observed,observed,observed,observed,observed,observed,missing,0.95068104,0.6091954022988506,0.159468438538206,0.8,1.0,,0.925,1.0,,,1.0,0.0,0.5,0.0,0.0,0.5,0.8326376086916446,1.0,0.5147058823529411,0.13207547169811323,0.8333333333333334,1.0,,0.925,1.0,,,1.0,0.0,0.5,0.0,0.0,0.5,0.8105614133096085
GTM,2010,59.0,29.1,0.0612478,58,0.45,0.441,,,,1,1,0,0,1,1,0.0,1.0,100,,imputed,imputed,observed,observed,imputed,missing,missing,missing,observed,observed,observed,observed,observed,observed,observed,missing,0.9387522,0.5287356321839081,0.21760797342192692,0.5142857142857142,1.0,,0.45,,,,0.0,0.0,0.0,0.0,1.0,0.0,0.7727192793389398,1.0,0.42857142857142855,0.07465618860510806,0.5806451612903226,1.0,,0.45,,,,0.0,0.0,0.0,0.0,1.0,0.0,0.7136725445417798
GTM,2014,59.0,29.1,0.05888568,57,0.45,0.449,,,,1,1,1,1,0,3,0.0,1.0,100,,observed,imputed,observed,observed,imputed,missing,missing,missing,observed,observed,observed,observed,observed,observed,observed,missing,0.94111432,0.5287356321839081,0.21760797342192692,0.5,1.0,,0.45,,,,0.0,0.0,0.5,0.5,0.0,1.0,0.7845841617693023,1.0,0.5,0.09942638623326965,0.4576271186440678,1.0,,0.45,,,,0.0,0.0,0.5,1.0,0.0,1.0,0.7246716551494462
GTM,2021,45.0,29.1,0.06976804,59,0.45,0.472,2.0,,,1,2,0,2,0,3,0.0,1.0,100,,observed,observed,observed,observed,observed,carried_forward,missing,missing,observed,observed,observed,observed,observed,observed,observed,missing,0.93023196,0.367816091954023,0.21760797342192692,0.5285714285714286,1.0,,0.45,1.0,,,0.0,0.5,0.0,1.0,0.0,1.0,0.7299222809313749,1.0,0.3125,0.21869782971619367,0.47619047619047616,1.0,,0.45,1.0,,,0.0,0.5,0.0,1.0,0.0,1.0,0.7591128074944358
GUY,2014,79.0,30.0,0.03947554,70,0.6,0.299,2.0,,,1,1,1,0,0,2,0.0,1.0,20,,observed,imputed,observed,observed,imputed,carried_forward,missing,missing,observed,observed,observed,observed,observed,observed,observed,missing,0.96052446,0.7586206896551724,0.23255813953488372,0.6857142857142857,0.0,,0.6,1.0,,,0.0,0.0,0.5,0.0,0.0,0.5,0.8820809142869084,1.0,0.7439024390243902,0.11663479923518166,0.6779661016949152,0.0,,0.6,0.0,,,0.0,0.0,0.5,0.0,0.0,0.5,0.8611607012265787
GUY,2019,88.0,30.0,0.04903315,78,0.6,0.316,2.0,,,1,2,2,1,0,3,0.0,1.0,20,,observed,observed,observed,observed,observed,carried_forward,missing,missing,observed,observed,observed,observed,observed,observed,observed,missing,0.95096685,0.8620689655172413,0.23255813953488372,0.8,0.0,,0.6,1.0,,,0.0,0.5,1.0,0.5,0.0,1.0,0.8340732267158867,1.0,0.8382352941176471,0.20754716981132076,0.8333333333333334,0.0,,0.6,1.0,,,0.0,1.0,1.0,1.0,0.0,1.0,0.8125365135434752
HND,2013,52.0,26.3,0.0847723,61,,0.383,,,,1,1,1,0,0,2,0.0,1.0,80,,observed,imputed,observed,observed,imputed,missing,missing,missing,observed,observed,observed,observed,observed,observed,observed,missing,0.9152277,0.4482758620689655,0.17109634551495018,0.5571428571428572,0.75,,,,,,0.0,0.0,0.5,0.0,0.0,0.5,0.6545561772386757,1.0,0.42857142857142855,0.02156862745098042,0.4897959183673469,0.75,,,,,,0.0,0.0,0.5,0.0,0.0,0.5,0.5533626367730899
HND,2019,60.0,26.3,0.07282372,64,,0.394,2.0,,,1,1,1,0,0,2,0.0,1.0,80,,observed,observed,observed,observed,imputed,carried_forward,missing,missing,observed,observed,observed,observed,observed,observed,observed,missing,0.92717628,0.5402298850574713,0.17109634551495018,0.6,0.75,,,1.0,,,0.0,0.0,0.5,0.0,0.0,0.5,0.7145736602242085,1.0,0.4264705882352941,0.14408233276157806,0.6,0.75,,,1.0,,,0.0,0.0,0.5,0.0,0.0,0.5,0.6481309281167444
HRV,2011,95.0,,0.07641009,74,,0.561,,,,1,1,1,1,0,3,0.0,1.0,20,,observed,imputed,observed,observed,imputed,missing,missing,missing,observed,observed,observed,observed,observed,observed,observed,missing,0.92358991,0.9425287356321839,,0.7428571428571429,0.0,,,,,,0.0,0.0,0.5,0.5,0.0,1.0,0.6965593940557749,1.0,0.9879518072289156,,0.819672131147541,0.0,,,,,,0.0,0.0,1.0,1.0,0.0,1.0,0.5845235575923518
HRV,2012,86.5,,0.07652837,74,,0.554,,,2.0,1,1,1,0,0,2,0.0,1.0,20,,imputed,imputed,observed,observed,imputed,missing,missing,carried_forward,observed,observed,observed,observed,observed,observed,observed,missing,0.92347163,0.8448275862068966,,0.7428571428571429,0.0,,,,,1.0,0.0,0.0,0.5,0.0,0.0,0.5,0.6959652759356694,1.0,0.82,,0.7538461538461538,0.0,,,,,0.0,0.0,0.0,0.5,0.0,0.0,0.5,0.6116507891260382
HRV,2020,78.0,,0.07649492,76,,0.53,,,2.0,1,1,1,0,0,2,0.0,1.0,20,,observed,imputed,observed,observed,imputed,missing,missing,carried_forward,observed,observed,observed,observed,observed,observed,observed,missing,0.92350508,0.7471264367816092,,0.7714285714285715,0.0,,,,,1.0,0.0,0.0,0.5,0.0,0.0,0.5,0.6961332946295951,1.0,0.6811594202898551,,0.7419354838709677,0.0,,,,,0.0,0.0,0.0,0.5,0.0,0.0,0.5,0.6769620996801337
HTI,2013,45.0,30.4,0.0410524,39,,0.284,,,,1,1,0,1,0,3,0.0,1.0,80,,observed,imputed,observed,observed,imputed,missing,missing,missing,observed,observed,observed,observed,observed,observed,observed,missing,0.9589476,0.367816091954023,0.23920265780730893,0.24285714285714285,0.75,,,,,,0.0,0.0,0.0,0.5,0.0,1.0,0.874160377434783,1.0,0.34523809523809523,0.10196078431372547,0.04081632653061224,0.75,,,,,,0.0,0.0,0.0,1.0,0.0,1.0,0.8755494026487468
HTI,2021,54.0,30.4,0.03442162,44,,0.303,2.0,,,1,1,1,0,0,2,0.0,1.0,80,,observed,observed,observed,observed,imputed,carried_forward,missing,missing,observed,observed,observed,observed,observed,observed,observed,missing,0.96557838,0.47126436781609193,0.23920265780730893,0.3142857142857143,0.75,,,1.0,,,0.0,0.0,0.5,0.0,0.0,0.5,0.907466655321428,1.0,0.425,0.24040066777963268,0.23809523809523808,0.75,,,1.0,,,0.0,0.0,0.5,0.0,0.0,0.5,0.9437574087334925
HUN,2011,87.0,,0.07481309,79,,0.616,,,,1,1,1,0,0,2,0.0,1.0,20,,observed,imputed,observed,observed,imputed,missing,missing,missing,observed,observed,observed,observed,observed,observed,observed,missing,0.92518691,0.8505747126436781,,0.8142857142857143,0.0,,,,,,0.0,0.0,0.5,0.0,0.0,0.5,0.7045810937328825,1.0,0.891566265060241,,0.9016393442622951,0.0,,,,,,0.0,0.0,1.0,0.0,0.0,0.5,0.5955070158989167
IDN,2012,86.0,,0.02914271,54,0.0,0.632,,,,1,1,0,1,0,3,0.0,1.0,40,,observed,imputed,observed,observed,imputed,missing,missing,missing,observed,observed,observed,observed,observed,observed,observed,missing,0.97085729,0.8390804597701149,,0.45714285714285713,0.25,,0.0,,,,0.0,0.0,0.0,0.5,0.0,1.0,0.9339825167130881,1.0,0.8133333333333334,,0.4461538461538462,0.25,,0.0,,,,0.0,0.0,0.0,1.0,0.0,1.0,0.9539654745574191
IDN,2015,96.0,,0.02924285,59,0.0,0.63,2.0,,,1,1,1,0,0,2,0.0,1.0,40,,observed,imputed,observed,observed,imputed,carried_forward,missing,missing,observed,observed,observed,observed,observed,observed,observed,missing,0.97075715,0.9540229885057471,,0.5285714285714286,0.25,,0.0,1.0,,,0.0,0.0,0.5,0.0,0.0,0.5,0.9334795154571922,1.0,0.9571428571428572,,0.49206349206349204,0.25,,0.0,0.0,,,0.0,0.0,0.5,0.0,0.0,0.5,0.9246072181522423
IDN,2017,99.0,,0.02904172,63,0.0,0.637,2.0,,,1,1,1,1,0,3,0.0,1.0,40,,observed,imputed,observed,observed,imputed,carried_forward,missing,missing,observed,observed,observed,observed,observed,observed,observed,missing,0.97095828,0.9885057471264368,,0.5857142857142857,0.25,,0.0,1.0,,,0.0,0.0,0.5,0.5,0.0,1.0,0.9344897875023122,1.0,0.9861111111111112,,0.5932203389830508,0.25,,0.0,1.0,,,0.0,0.0,1.0,1.0,0.0,1.0,0.9671381482464344
IDN,2018,63.0,,0.02867578,63,0.0,0.633,2.0,,,1,1,1,0,0,2,0.0,1.0,40,,observed,imputed,observed,observed,observed,carried_forward,missing,missing,observed,observed,observed,observed,observed,observed,observed,missing,0.97132422,0.5747126436781609,,0.5857142857142857,0.25,,0.0,1.0,,,0.0,0.0,0.5,0.0,0.0,0.5,0.9363278969449176,1.0,0.5,,0.543859649122807,0.25,,0.0,0.0,,,0.0,0.0,0.5,0.0,0.0,0.5,0.975251965120085
IDN,2022,63.0,,0.02693949,68,0.0,0.642,2.0,2.0,,1,1,0,1,0,3,0.0,1.0,40,,imputed,imputed,observed,observed,imputed,carried_forward,carried_forward,missing,observed,observed,observed,observed,observed,observed,observed,missing,0.97306051,0.5747126436781609,,0.6571428571428571,0.25,,0.0,1.0,1.0,,0.0,0.0,0.0,0.5,0.0,1.0,0.9450492475600498,1.0,0.4393939393939394,,0.6129032258064516,0.25,,0.0,1.0,1.0,,0.0,0.0,0.0,1.0,0.0,1.0,0.9649253577434683
IND,2011,68.0,,0.03246342,54,0.25,0.688,,,,3,1,1,0,0,2,0.0,1.0,20,,observed,imputed,observed,observed,imputed,missing,missing,missing,observed,observed,observed,observed,observed,observed,observed,missing,0.96753658,0.632183908045977,,0.45714285714285713,0.0,,0.25,,,,0.3333333333333333,0.0,0.5,0.0,0.0,0.5,0.9173026555141097,1.0,0.6626506024096386,,0.4918032786885246,0.0,,0.25,,,,0.3333333333333333,0.0,1.0,0.0,0.0,0.5,0.8867692793565246
IND,2013,94.0,,0.03749442,57,0.25,0.686,,,,3,1,1,1,0,3,0.0,1.0,20,,observed,imputed,observed,observed,imputed,missing,missing,missing,observed,observed,observed,observed,observed,observed,observed,missing,0.96250558,0.9310344827586207,,0.5,0.0,,0.25,,,,0.3333333333333333,0.0,0.5,0.5,0.0,1.0,0.8920320411900463,1.0,0.9285714285714286,,0.40816326530612246,0.0,,0.25,,,,0.3333333333333333,0.0,0.5,1.0,0.0,1.0,0.90176936356472
IND,2015,84.5,,0.0359566,62,0.25,0.685,,,,3,1,0,1,0,3,0.0,1.0,20,,imputed,imputed,observed,observed,observed,missing,missing,missing,observed,observed,observed,observed,observed,observed,observed,missing,0.9640434,0.8218390804597702,,0.5714285714285714,0.0,,0.25,,,,0.3333333333333333,0.0,0.0,0.5,0.0,1.0,0.8997564808878861,1.0,0.7928571428571428,,0.5396825396825397,0.0,,0.25,,,,0.3333333333333333,0.0,0.0,1.0,0.0,1.0,0.8788195255975618
IND,2018,75.0,,0.02858494,63,0.925,0.698,,2.0,,3,1,1,1,0,3,0.0,1.0,20,,observed,imputed,observed,observed,observed,missing,carried_forward,missing,observed,observed,observed,observed,observed,observed,observed,missing,0.97141506,0.7126436781609196,,0.5857142857142857,0.0,,0.925,,1.0,,0.3333333333333333,0.0,0.5,0.5,0.0,1.0,0.9367841844832199,1.0,0.6621621621621622,,0.543859649122807,0.0,,0.925,,0.0,,0.3333333333333333,0.0,0.5,1.0,0.0,1.0,0.9758963761033342
IND,2020,80.0,,0.03341461,66,1.0,0.701,,2.0,,3,1,1,0,0,2,0.0,1.0,20,,observed,imputed,observed,observed,observed,missing,carried_forward,missing,observed,observed,observed,observed,observed,observed,observed,missing,0.96658539,0.7701149425287356,,0.6285714285714286,0.0,,1.0,,1.0,,0.3333333333333333,0.0,0.5,0.0,0.0,0.5,0.9125248468003538,1.0,0.7101449275362319,,0.5806451612903226,0.0,,1.0,,0.0,,0.3333333333333333,0.0,0.5,0.0,0.0,0.5,0.9381978706042075
IND,2022,80.0,,0.03305885,68,1.0,0.713,,2.0,,3,1,1,1,0,3,0.0,1.0,20,,imputed,imputed,observed,observed,imputed,missing,carried_forward,missing,observed,observed,observed,observed,observed,observed,observed,missing,0.96694115,0.7701149425287356,,0.6571428571428571,0.0,,1.0,,1.0,,0.3333333333333333,0.0,0.5,0.5,0.0,1.0,0.9143118223026258,1.0,0.696969696969697,,0.6129032258064516,0.0,,1.0,,1.0,,0.5,0.0,0.5,1.0,0.0,1.0,0.922144283078141
IND,2023,80.0,,0.03305885,69,1.0,,,2.0,,3,1,1,0,0,2,0.0,1.0,20,20.0,imputed,imputed,imputed,observed,imputed,missing,carried_forward,missing,observed,observed,observed,observed,observed,observed,observed,observed,0.96694115,0.7701149425287356,,0.6714285714285714,0.0,0.0,1.0,,1.0,,0.3333333333333333,0.0,0.5,0.0,0.0,0.5,0.9143118223026258,1.0,0.6923076923076923,,0.5833333333333334,0.0,0.0,1.0,,1.0,,0.3333333333333333,0.0,1.0,0.0,0.0,0.5,0.9422021245211403
IRL,2013,,,0.10287165,81,,0.655,,2.0,2.0,4,1,1,0,0,2,0.0,1.0,40,,imputed,imputed,observed,observed,imputed,missing,carried_forward,carried_forward,observed,observed,observed,observed,observed,observed,observed,missing,0.89712835,,,0.8428571428571429,0.25,,,,1.0,1.0,0.5,0.0,0.5,0.0,0.0,0.5,0.5636434971817816,1.0,,,0.8979591836734694,0.25,,,,0.0,0.0,0.5,0.0,0.5,0.0,0.0,0.5,0.4199823902274311
IRN,2011,66.0,39.5,0.0609788,73,,0.662,,,,1,1,0,1,0,3,0.0,1.0,20,,observed,imputed,observed,observed,imputed,missing,missing,missing,observed,observed,observed,observed,observed,observed,observed,missing,0.9390212,0.6091954022988506,0.3903654485049834,0.7285714285714285,0.0,,,,,,0.0,0.0,0.0,0.5,0.0,1.0,0.7740704610628857,1.0,0.6385542168674698,0.22899159663865543,0.8032786885245902,0.0,,,,,,0.0,0.0,0.0,1.0,0.0,1.0,0.6906531320015677
IRN,2012,91.0,39.5,0.06122351,76,,0.659,,,,1,1,1,1,0,3,0.0,1.0,20,,observed,imputed,observed,observed,imputed,missing,missing,missing,observed,observed,observed,observed,observed,observed,observed,missing,0.93877649,0.896551724137931,0.3903654485049834,0.7714285714285715,0.0,,,,,,0.0,0.0,0.5,0.5,0.0,1.0,0.7728412875325255,1.0,0.88,0.2982791586998088,0.7846153846153846,0.0,,,,,,0.0,0.0,0.5,1.0,0.0,1.0,0.7222133166179274
IRN,2014,84.0,39.5,0.06352396,77,,0.646,,,,1,1,1,1,0,3,0.0,1.0,20,,observed,imputed,observed,observed,imputed,missing,missing,missing,observed,observed,observed,observed,observed,observed,observed,missing,0.93647604,0.8160919540229885,0.3903654485049834,0.7857142857142857,0.0,,,,,,0.0,0.0,0.5,0.5,0.0,1.0,0.7612861723025928,1.0,0.8048780487804879,0.2982791586998088,0.7966101694915254,0.0,,,,,,0.0,0.0,0.5,1.0,0.0,1.0,0.6920560010305867
IRN,2016,84.0,39.5,0.07992026,78,,0.644,,,,1,1,1,1,0,3,0.0,1.0,20,,imputed,imputed,observed,observed,imputed,missing,missing,missing,observed,observed,observed,observed,observed,observed,observed,missing,0.92007974,0.8160919540229885,0.3903654485049834,0.8,0.0,,,,,,0.0,0.0,0.5,0.5,0.0,1.0,0.6789278789927861,1.0,0.7777777777777778,0.3704974271012007,0.8333333333333334,0.0,,,,,,0.0,0.0,0.5,1.0,0.0,1.0,0.606174924504704
IRN,2019,84.0,39.5,0.06273989,80,,0.607,,,,1,1,1,1,0,3,0.0,1.0,20,,imputed,observed,observed,observed,imputed,missing,missing,missing,observed,observed,observed,observed,observed,observed,observed,missing,0.93726011,0.8160919540229885,0.3903654485049834,0.8285714285714286,0.0,,,,,,0.0,0.0,0.5,0.5,0.0,1.0,0.7652245405341708,1.0,0.7794117647058824,0.3704974271012007,0.8666666666666667,0.0,,,,,,0.0,0.0,0.5,1.0,0.0,1.0,0.717815596222369
IRQ,2013,93.0,,0.02808685,69,,0.554,,,,1,1,1,0,0,2,0.0,1.0,60,,observed,imputed,observed,observed,imputed,missing,missing,missing,observed,observed,observed,observed,observed,observed,observed,missing,0.97191315,0.9195402298850575,,0.6714285714285714,0.5,,,,,,0.0,0.0,0.5,0.0,0.0,0.5,0.9392860807838903,1.0,0.9166666666666666,,0.6530612244897959,0.5,,,,,,0.0,0.0,0.5,0.0,0.0,0.5,0.9710969364331131
IRQ,2016,91.0,,0.04589492,67,,0.534,,2.0,,1,1,1,0,0,2,0.0,1.0,60,,imputed,imputed,observed,observed,imputed,missing,carried_forward,missing,observed,observed,observed,observed,observed,observed,observed,missing,0.95410508,0.896551724137931,,0.6428571428571429,0.5,,,,1.0,,0.0,0.0,0.5,0.0,0.0,0.5,0.8498364944539518,1.0,0.875,,0.6666666666666666,0.5,,,,0.0,,0.0,0.0,0.5,0.0,0.0,0.5,0.8405769435453293
IRQ,2017,89.0,,0.0404065,67,,0.531,,2.0,,1,1,1,0,0,2,0.0,1.0,60,,observed,imputed,observed,observed,imputed,missing,carried_forward,missing,observed,observed,observed,observed,observed,observed,observed,missing,0.9595935,0.8735632183908046,,0.6428571428571429,0.5,,,,1.0,,0.0,0.0,0.5,0.0,0.0,0.5,0.8774047204663695,1.0,0.8472222222222222,,0.6610169491525424,0.5,,,,0.0,,0.0,0.0,1.0,0.0,0.0,0.5,0.8877718340153915
ISL,2021,76.0,48.5,0.0978697,90,,0.54,,2.0,,4,1,1,0,0,2,0.0,1.0,20,,observed,observed,observed,observed,imputed,missing,carried_forward,missing,observed,observed,observed,observed,observed,observed,observed,missing,0.9021303,0.7241379310344828,0.5398671096345514,0.9714285714285714,0.0,,,,1.0,,0.5,0.0,0.5,0.0,0.0,0.5,0.5887681939256196,1.0,0.7,0.5425709515859766,0.9682539682539683,0.0,,,,0.0,,0.5,0.0,0.5,0.0,0.0,0.5,0.6123137878241117
ISR,2018,91.0,,0.07227994,85,,0.697,,,,4,1,1,0,0,2,0.0,1.0,20,,observed,imputed,observed,observed,imputed,missing,missing,missing,observed,observed,observed,observed,observed,observed,observed,missing,0.92772006,0.896551724137931,,0.9,0.0,,,,,,0.5,0.0,0.5,0.0,0.0,0.5,0.7173050564987343,1.0,0.8783783783783784,,0.9298245614035088,0.0,,,,,,0.5,0.0,0.5,0.0,0.0,0.5,0.6659278830049301
ITA,2017,,,0.08677739,83,,0.781,,,,1,1,1,0,0,2,0.0,1.0,20,,imputed,imputed,observed,observed,imputed,missing,missing,missing,observed,observed,observed,observed,observed,observed,observed,missing,0.91322261,,,0.8714285714285714,0.0,,,,,,0.0,0.0,0.5,0.0,0.0,0.5,0.6444846494956754,1.0,,,0.9322033898305084,0.0,,,,,,0.0,0.0,1.0,0.0,0.0,0.5,0.5639392013631859
JAM,2010,79.0,,0.05295193,67,0.575,0.403,,,,4,1,1,0,0,2,0.0,1.0,40,,imputed,imputed,observed,observed,imputed,missing,missing,missing,observed,observed,observed,observed,observed,observed,observed,missing,0.94704807,0.7586206896551724,,0.6428571428571429,0.25,,0.575,,,,0.5,0.0,0.5,0.0,0.0,0.5,0.8143892716372039,1.0,0.7142857142857143,,0.7258064516129032,0.25,,0.575,,,,0.5,0.0,0.5,0.0,0.0,0.5,0.7724520278282986
JAM,2012,79.0,,0.04885129,73,0.575,0.409,,,,4,1,1,1,0,3,0.0,1.0,40,,observed,imputed,observed,observed,imputed,missing,missing,missing,observed,observed,observed,observed,observed,observed,observed,missing,0.95114871,0.7586206896551724,,0.7285714285714285,0.25,,0.575,,,,0.5,0.0,0.5,0.5,0.0,1.0,0.8349867059289603,1.0,0.72,,0.7384615384615385,0.25,,0.575,,,,0.5,0.0,0.5,1.0,0.0,1.0,0.8115904108145231
JAM,2016,83.0,,0.05701022,75,0.575,0.391,,,,4,1,1,0,0,2,0.0,1.0,40,,observed,imputed,observed,observed,observed,missing,missing,missing,observed,observed,observed,observed,observed,observed,observed,missing,0.94298978,0.8045977011494253,,0.7571428571428571,0.25,,0.575,,,,0.5,0.0,0.5,0.0,0.0,0.5,0.7940045605648121,1.0,0.7638888888888888,,0.7878787878787878,0.25,,0.575,,,,0.5,0.0,0.5,0.0,0.0,0.5,0.7640031675818187
JOR,2010,,,0.08170257,76,0.0,0.475,,,,4,1,1,0,0,2,0.0,1.0,20,,imputed,imputed,observed,observed,imputed,missing,missing,missing,observed,observed,observed,observed,observed,observed,observed,missing,0.91829743,,,0.7714285714285715,0.0,,0.0,,,,0.5,0.0,0.5,0.0,0.0,0.5,0.6699753708202711,1.0,,,0.8709677419354839,0.0,,0.0,,,,0.5,0.0,0.5,0.0,0.0,0.5,0.5687424996707061
JOR,2015,,,0.07460956,75,0.0,0.473,,,,4,1,1,0,0,2,0.0,1.0,20,,imputed,imputed,observed,observed,observed,missing,missing,missing,observed,observed,observed,observed,observed,observed,observed,missing,0.92539044,,,0.7571428571428571,0.0,,0.0,,,,0.5,0.0,0.5,0.0,0.0,0.5,0.7056034209309302,1.0,,,0.746031746031746,0.0,,0.0,,,,0.5,0.0,0.5,0.0,0.0,0.5,0.6152068130586124
JPN,2010,99.0,58.8,0.09063006,81,1.0,0.861,,,,1,1,1,1,0,3,0.0,1.0,20,,imputed,imputed,observed,observed,imputed,missing,missing,missing,observed,observed,observed,observed,observed,observed,observed,missing,0.90936994,0.9885057471264368,0.7109634551495015,0.8428571428571429,0.0,,1.0,,,,0.0,0.0,0.5,0.5,0.0,1.0,0.6251327636503387,1.0,1.0,0.6581532416502947,0.9516129032258065,0.0,,1.0,,,,0.0,0.0,0.5,1.0,0.0,1.0,0.5054877416711762
JPN,2013,99.0,58.8,0.10674387,82,1.0,0.853,,,,1,2,1,1,0,3,0.0,1.0,20,,observed,imputed,observed,observed,imputed,missing,missing,missing,observed,observed,observed,observed,observed,observed,observed,missing,0.89325613,0.9885057471264368,0.7109634551495015,0.8571428571428571,0.0,,1.0,,,,0.0,0.5,0.5,0.5,0.0,1.0,0.5441934120698906,1.0,0.9880952380952381,0.6588235294117646,0.9183673469387755,0.0,,1.0,,,,0.0,1.0,0.5,1.0,0.0,1.0,0.39144668821166645
JPN,2016,100.0,58.8,0.10658916,83,1.0,0.841,,,,1,1,0,0,1,1,0.0,1.0,20,,observed,imputed,observed,observed,observed,missing,missing,missing,observed,observed,observed,observed,observed,observed,observed,missing,0.89341084,1.0,0.7109634551495015,0.8714285714285714,0.0,,1.0,,,,0.0,0.0,0.0,0.0,1.0,0.0,0.5449705173654731,1.0,1.0,0.7015437392795882,0.9090909090909091,0.0,,1.0,,,,0.0,0.0,0.0,0.0,1.0,0.0,0.42245173450594053
JPN,2017,100.0,58.8,0.10656271,83,1.0,0.838,,,,1,2,1,0,1,2,0.0,1.0,20,,observed,imputed,observed,observed,observed,missing,missing,missing,observed,observed,observed,observed,observed,observed,observed,missing,0.89343729,1.0,0.7109634551495015,0.8714285714285714,0.0,,1.0,,,,0.0,0.5,0.5,0.0,1.0,0.5,0.5451033751966939,1.0,1.0,0.7015437392795882,0.9322033898305084,0.0,,1.0,,,,0.0,1.0,1.0,0.0,1.0,0.5,0.4257677695992852
JPN,2018,97.5,58.8,0.10739882,84,1.0,0.839,,,,1,1,0,0,1,1,0.0,1.0,20,,imputed,imputed,observed,observed,observed,missing,missing,missing,observed,observed,observed,observed,observed,observed,observed,missing,0.89260118,0.9712643678160919,0.7109634551495015,0.8857142857142857,0.0,,1.0,,,,0.0,0.0,0.0,0.0,1.0,0.0,0.5409036110658066,1.0,0.9662162162162162,0.6673040152963671,0.9122807017543859,0.0,,1.0,,,,0.0,0.0,0.0,0.0,1.0,0.0,0.4167976321088627
JPN,2019,95.0,58.8,0.10969984,84,1.0,0.84,,,,1,1,1,1,0,3,0.0,1.0,20,,observed,observed,observed,observed,observed,missing,missing,missing,observed,observed,observed,observed,observed,observed,observed,missing,0.89030016,0.9425287356321839,0.7109634551495015,0.8857142857142857,0.0,,1.0,,,,0.0,0.0,0.5,0.5,0.0,1.0,0.5293456327370537,1.0,0.9411764705882353,0.7015437392795882,0.9333333333333333,0.0,,1.0,,,,0.0,0.0,0.5,1.0,0.0,1.0,0.393297181095704
JPN,2021,98.0,60.5,0.11189969,85,1.0,0.835,,,,1,1,1,0,0,2,0.0,1.0,20,,observed,observed,observed,observed,observed,missing,missing,missing,observed,observed,observed,observed,observed,observed,observed,missing,0.88810031,0.9770114942528736,0.739202657807309,0.9,0.0,,1.0,,,,0.0,0.0,0.5,0.0,0.0,0.5,0.5182958293339945,1.0,0.975,0.7429048414023371,0.8888888888888888,0.0,,1.0,,,,0.0,0.0,0.5,0.0,0.0,0.5,0.5390231431438878
JPN,2022,98.0,60.5,0.11421837,85,1.0,0.835,,,,1,1,1,1,0,3,0.0,1.0,20,,imputed,imputed,observed,observed,observed,missing,missing,missing,observed,observed,observed,observed,observed,observed,observed,missing,0.88578163,0.9770114942528736,0.739202657807309,0.9,0.0,,1.0,,,,0.0,0.0,0.5,0.5,0.0,1.0,0.5066491451716173,1.0,0.9696969696969697,0.7429048414023371,0.8870967741935484,0.0,,1.0,,,,0.0,0.0,0.5,1.0,0.0,1.0,0.3547497377462574
KAZ,2011,83.0,,0.02602367,81,0.85,0.588,,,,1,1,1,1,0,3,0.0,1.0,100,,observed,imputed,observed,observed,imputed,missing,missing,missing,observed,observed,observed,observed,observed,observed,observed,missing,0.97397633,0.8045977011494253,,0.8428571428571429,1.0,,0.85,,,,0.0,0.0,0.5,0.5,0.0,1.0,0.9496493934575376,1.0,0.8433734939759037,,0.9344262295081968,1.0,,0.85,,,,0.0,0.0,1.0,1.0,0.0,1.0,0.9310590261503277
KAZ,2013,82.0,,0.02662867,82,0.85,0.605,,,,1,1,1,0,0,2,0.0,1.0,100,,observed,imputed,observed,observed,imputed,missing,missing,missing,observed,observed,observed,observed,observed,observed,observed,missing,0.97337133,0.7931034482758621,,0.8571428571428571,1.0,,0.85,,,,0.0,0.0,0.5,0.0,0.0,0.5,0.9466104903237555,1.0,0.7857142857142857,,0.9183673469387755,1.0,,0.85,,,,0.0,0.0,0.5,0.0,0.0,0.5,0.9818427592338185
KAZ,2015,78.0,,0.03040511,82,0.85,0.6,,,,1,1,1,0,0,2,0.0,1.0,100,,observed,imputed,observed,observed,imputed,missing,missing,missing,observed,observed,observed,observed,observed,observed,observed,missing,0.96959489,0.7471264367816092,,0.8571428571428571,1.0,,0.85,,,,0.0,0.0,0.5,0.0,0.0,0.5,0.9276415062732755,1.0,0.7,,0.8571428571428571,1.0,,0.85,,,,0.0,0.0,0.5,0.0,0.0,0.5,0.9166806192248765
KAZ,2018,71.0,,0.02817861,82,0.85,0.571,,,,1,1,0,1,0,3,0.0,1.0,100,,observed,imputed,observed,observed,observed,missing,missing,missing,observed,observed,observed,observed,observed,observed,observed,missing,0.97182139,0.6666666666666666,,0.8571428571428571,1.0,,0.85,,,,0.0,0.0,0.0,0.5,0.0,1.0,0.9388251721036327,1.0,0.6081081081081081,,0.8771929824561403,1.0,,0.85,,,,0.0,0.0,0.0,1.0,0.0,1.0,0.9787788454430911
KAZ,2023,71.0,,0.02817861,83,0.85,,2.0,,,1,1,1,0,0,2,0.0,1.0,100,100.0,imputed,imputed,imputed,observed,imputed,carried_forward,missing,missing,observed,observed,observed,observed,observed,observed,observed,observed,0.97182139,0.6666666666666666,,0.8714285714285714,1.0,1.0,0.85,1.0,,,0.0,0.0,0.5,0.0,0.0,0.5,0.9388251721036327,1.0,0.5538461538461539,,0.875,1.0,1.0,0.85,1.0,,,0.0,0.0,1.0,0.0,0.0,0.5,0.9770625005803827
KEN,2012,66.0,43.1,0.05018058,54,0.9,0.416,,,,1,1,1,0,0,2,0.0,1.0,100,,observed,imputed,observed,observed,imputed,missing,missing,missing,observed,observed,observed,observed,observed,observed,observed,missing,0.94981942,0.6091954022988506,0.45016611295681064,0.45714285714285713,1.0,,0.9,,,,0.0,0.0,0.5,0.0,0.0,0.5,0.8283097083311001,1.0,0.5466666666666666,0.367112810707457,0.4461538461538462,1.0,,0.9,,,,0.0,0.0,0.5,0.0,0.0,0.5,0.8019876008463367
KEN,2014,53.5,43.1,0.04912673,53,0.9,0.433,,2.0,,1,1,1,1,0,3,0.0,1.0,100,,imputed,imputed,observed,observed,imputed,missing,carried_forward,missing,observed,observed,observed,observed,observed,observed,observed,missing,0.95087327,0.46551724137931033,0.45016611295681064,0.44285714285714284,1.0,,0.9,,1.0,,0.0,0.0,0.5,0.5,0.0,1.0,0.8336031762113255,1.0,0.4329268292682927,0.367112810707457,0.3898305084745763,1.0,,0.9,,0.0,,0.0,0.0,0.5,1.0,0.0,1.0,0.7932950538582877
KEN,2019,41.0,43.1,0.04368747,52,0.9,0.45,,2.0,,1,1,1,0,0,2,0.0,1.0,100,,observed,observed,observed,observed,observed,missing,carried_forward,missing,observed,observed,observed,observed,observed,observed,observed,missing,0.95631253,0.3218390804597701,0.45016611295681064,0.42857142857142855,1.0,,0.9,,1.0,,0.0,0.0,0.5,0.0,0.0,0.5,0.8609244725079477,1.0,0.14705882352941177,0.4322469982847342,0.4,1.0,,0.9,,0.0,,0.0,0.0,0.5,0.0,0.0,0.5,0.8494780265002463
KGZ,2017,,,0.06185863,74,0.825,0.331,,,,1,1,1,0,0,2,0.0,1.0,100,,imputed,imputed,observed,observed,observed,missing,missing,missing,observed,observed,observed,observed,observed,observed,observed,missing,0.93814137,,,0.7428571428571429,1.0,,0.825,,,,0.0,0.0,0.5,0.0,0.0,0.5,0.7696510922295045,1.0,,,0.7796610169491526,1.0,,0.825,,,,0.0,0.0,1.0,0.0,0.0,0.5,0.7379601798958054
KGZ,2023,,,0.06185863,74,0.825,,2.0,,,1,1,1,1,0,3,0.0,1.0,100,100.0,imputed,imputed,imputed,observed,imputed,carried_forward,missing,missing,observed,observed,observed,observed,observed,observed,observed,observed,0.93814137,,,0.7428571428571429,1.0,1.0,0.825,1.0,,,0.0,0.0,0.5,0.5,0.0,1.0,0.7696510922295045,1.0,,,0.6875,1.0,1.0,0.825,1.0,,,0.0,0.0,1.0,1.0,0.0,1.0,0.7364804466480326
KHM,2012,49.0,,0.05724695,49,,0.346,,,,1,1,1,0,0,2,0.0,1.0,80,,observed,imputed,observed,observed,imputed,missing,missing,missing,observed,observed,observed,observed,observed,observed,observed,missing,0.94275305,0.41379310344827586,,0.38571428571428573,0.75,,,,,,0.0,0.0,0.5,0.0,0.0,0.5,0.7928154704179354,1.0,0.32,,0.36923076923076925,0.75,,,,,,0.0,0.0,0.5,0.0,0.0,0.5,0.7509400429207587
KOR,2013,100.0,,0.06311044,85,1.0,0.762,,,,1,1,1,0,0,2,0.0,1.0,20,,observed,imputed,observed,observed,imputed,missing,missing,missing,observed,observed,observed,observed,observed,observed,observed,missing,0.93688956,1.0,,0.9,0.0,,1.0,,,,0.0,0.0,0.5,0.0,0.0,0.5,0.7633632751519841,1.0,1.0,,0.9795918367346939,0.0,,1.0,,,,0.0,0.0,0.5,0.0,0.0,0.5,0.7129962273405721
KOR,2014,100.0,,0.0650226,86,1.0,0.766,,,,1,1,1,0,0,2,0.0,1.0,20,,observed,imputed,observed,observed,imputed,missing,missing,missing,observed,observed,observed,observed,observed,observed,observed,missing,0.9349774,1.0,,0.9142857142857143,0.0,,1.0,,,,0.0,0.0,0.5,0.0,0.0,0.5,0.7537585329762929,1.0,1.0,,0.9491525423728814,0.0,,1.0,,,,0.0,0.0,0.5,0.0,0.0,0.5,0.6815178006872078
KOR,2020,98.0,,0.08355494,87,1.0,0.773,,,,1,1,1,0,0,2,0.0,1.0,20,,observed,imputed,observed,observed,observed,missing,missing,missing,observed,observed,observed,observed,observed,observed,observed,missing,0.91644506,0.9770114942528736,,0.9285714285714286,0.0,,1.0,,,,0.0,0.0,0.5,0.0,0.0,0.5,0.6606709526418844,1.0,0.9710144927536232,,0.9193548387096774,0.0,,1.0,,,,0.0,0.0,0.5,0.0,0.0,0.5,0.6341506675562849
KWT,2014,85.0,,0.02915999,83,,0.637,,,,1,1,1,0,0,2,0.0,1.0,20,,observed,imputed,observed,observed,imputed,missing,missing,missing,observed,observed,observed,observed,observed,observed,observed,missing,0.97084001,0.8275862068965517,,0.8714285714285714,0.0,,,,,,0.0,0.0,0.5,0.0,0.0,0.5,0.9338957196120108,1.0,0.8170731707317073,,0.8983050847457628,0.0,,,,,,0.0,0.0,0.5,0.0,0.0,0.5,0.9336980234334743
LAO,2019,35.0,32.8,0.02603122,58,,0.366,,,,1,1,0,1,0,3,0.0,1.0,80,,observed,observed,observed,observed,imputed,missing,missing,missing,observed,observed,observed,observed,observed,observed,observed,missing,0.97396878,0.25287356321839083,0.2790697674418604,0.5142857142857142,0.75,,,,,,0.0,0.0,0.0,0.5,0.0,1.0,0.9496114699556203,1.0,0.058823529411764705,0.25557461406518006,0.5,0.75,,,,,,0.0,0.0,0.0,1.0,0.0,1.0,0.9714921740255346
LBN,2011,51.0,,0.08177444,66,,0.499,,,,4,1,1,1,0,3,0.0,1.0,20,,observed,imputed,observed,observed,imputed,missing,missing,missing,observed,observed,observed,observed,observed,observed,observed,missing,0.91822556,0.4367816091954023,,0.6285714285714286,0.0,,,,,,0.5,0.0,0.5,0.5,0.0,1.0,0.6696143692198995,1.0,0.4578313253012048,,0.6885245901639344,0.0,,,,,,0.5,0.0,1.0,1.0,0.0,1.0,0.5476299354465635
LBN,2012,57.0,,0.07004201,67,,0.498,,,,4,1,1,0,0,2,0.0,1.0,20,,observed,imputed,observed,observed,imputed,missing,missing,missing,observed,observed,observed,observed,observed,observed,observed,missing,0.92995799,0.5057471264367817,,0.6428571428571429,0.0,,,,,,0.5,0.0,0.5,0.0,0.0,0.5,0.7285461349949085,1.0,0.4266666666666667,,0.6461538461538462,0.0,,,,,,0.5,0.0,0.5,0.0,0.0,0.5,0.6585083465177618
LBN,2022,57.0,,0.05735002,68,,0.421,2.0,,2.0,4,1,1,1,0,3,0.0,1.0,20,,imputed,imputed,observed,observed,imputed,carried_forward,missing,carried_forward,observed,observed,observed,observed,observed,observed,observed,missing,0.94264998,0.5057471264367817,,0.6571428571428571,0.0,,,1.0,,1.0,0.5,0.0,0.5,0.5,0.0,1.0,0.7922977518295076,1.0,0.3484848484848485,,0.6129032258064516,0.0,,,1.0,,1.0,0.75,0.0,0.5,1.0,0.0,1.0,0.7523222171303693
LBR,2012,,,0.08154446,38,,0.197,,,,1,1,1,0,0,2,0.0,1.0,100,,imputed,imputed,observed,observed,imputed,missing,missing,missing,observed,observed,observed,observed,observed,observed,observed,missing,0.91845554,,,0.22857142857142856,1.0,,,,,,0.0,0.0,0.5,0.0,0.0,0.5,0.6707695542491674,1.0,,,0.2,1.0,,,,,,0.0,0.0,0.5,0.0,0.0,0.5,0.5754144832384447
LBR,2013,,,0.07081458,37,,0.2,,,,1,1,1,1,0,3,0.0,1.0,100,,imputed,imputed,observed,observed,imputed,missing,missing,missing,observed,observed,observed,observed,observed,observed,observed,missing,0.92918542,,,0.21428571428571427,1.0,,,,,,0.0,0.0,0.5,0.5,0.0,1.0,0.7246655310377745,1.0,,,0.0,1.0,,,,,,0.0,0.0,0.5,1.0,0.0,1.0,0.656221807672337
LBR,2014,,,0.08762839,36,,0.196,,,,1,1,1,0,0,2,0.0,1.0,100,,imputed,imputed,observed,observed,imputed,missing,missing,missing,observed,observed,observed,observed,observed,observed,observed,missing,0.91237161,,,0.2,1.0,,,,,,0.0,0.0,0.5,0.0,0.0,0.5,0.6402100931868344,1.0,,,0.1016949152542373,1.0,,,,,,0.0,0.0,0.5,0.0,0.0,0.5,0.5225574473399387
LBY,2010,64.0,25.3,0.03280644,69,,0.542,,,,1,2,2,0,0,2,0.0,1.0,100,,imputed,imputed,observed,observed,imputed,missing,missing,missing,observed,observed,observed,observed,observed,observed,observed,missing,0.96719356,0.5862068965517241,0.15448504983388706,0.6714285714285714,1.0,,,,,,0.0,0.5,1.0,0.0,0.0,0.5,0.9155796727819611,1.0,0.5,0.0,0.7580645161290323,1.0,,,,,,0.0,1.0,1.0,0.0,0.0,0.5,0.9151907029466085
LBY,2016,64.0,25.3,0.06171787,71,,0.47,1.0,,,1,1,1,0,0,2,0.0,1.0,100,,observed,imputed,observed,observed,imputed,carried_forward,missing,missing,observed,observed,observed,observed,observed,observed,observed,missing,0.93828213,0.5862068965517241,0.15448504983388706,0.7,1.0,,,0.0,,,0.0,0.0,0.5,0.0,0.0,0.5,0.7703581269486969,1.0,0.5,0.12692967409948544,0.7272727272727273,1.0,,,0.0,,,0.0,0.0,0.5,0.0,0.0,0.5,0.7315719658675497
LBY,2021,45.0,25.3,0.06213843,69,,0.485,1.0,,,1,1,1,1,0,3,0.0,1.0,100,,observed,observed,observed,observed,imputed,carried_forward,missing,missing,observed,observed,observed,observed,observed,observed,observed,missing,0.93786157,0.367816091954023,0.15448504983388706,0.6714285714285714,1.0,,,0.0,,,0.0,0.0,0.5,0.5,0.0,1.0,0.7682456623173853,1.0,0.3125,0.15525876460767946,0.6349206349206349,1.0,,,0.0,,,0.0,0.0,0.5,0.5,0.0,1.0,0.7989687899690268
LCA,2023,,,,75,,,,,,7,1,1,0,0,2,0.0,1.0,80,80.0,imputed,imputed,imputed,observed,imputed,missing,missing,missing,observed,observed,observed,observed,observed,observed,observed,observed,,,,0.7571428571428571,0.75,0.75,,,,,1.0,0.0,0.5,0.0,0.0,0.5,,1.0,,,0.7083333333333334,0.75,0.75,,,,,1.0,0.0,1.0,0.0,0.0,0.5,
LKA,2010,71.0,34.1,0.03741452,67,0.05,0.468,,,,6,1,1,1,0,3,0.0,1.0,80,,imputed,imputed,observed,observed,imputed,missing,missing,missing,observed,observed,observed,observed,observed,observed,observed,missing,0.96258548,0.6666666666666666,0.30066445182724255,0.6428571428571429,0.75,,0.05,,,,0.8333333333333334,0.0,0.5,0.5,0.0,1.0,0.8924333773229212,1.0,0.6,0.17288801571709234,0.7258064516129032,0.75,,0.05,,,,0.8333333333333334,0.0,0.5,1.0,0.0,1.0,0.8825406540255257
LKA,2014,71.0,34.1,0.03467861,69,0.05,0.481,,,,6,1,0,1,0,3,0.0,1.0,80,,observed,imputed,observed,observed,imputed,missing,missing,missing,observed,observed,observed,observed,observed,observed,observed,missing,0.96532139,0.6666666666666666,0.30066445182724255,0.6714285714285714,0.75,,0.05,,,,0.8333333333333334,0.0,0.0,0.5,0.0,1.0,0.9061757995919227,1.0,0.6463414634146342,0.19502868068833656,0.6610169491525424,0.75,,0.05,,,,1.0,0.0,0.0,1.0,0.0,1.0,0.8948919571473894
LKA,2016,79.0,34.1,0.03617884,70,0.05,0.477,,2.0,2.0,6,1,0,0,1,1,0.0,1.0,80,,observed,imputed,observed,observed,observed,missing,carried_forward,carried_forward,observed,observed,observed,observed,observed,observed,observed,missing,0.96382116,0.7586206896551724,0.30066445182724255,0.6857142857142857,0.75,,0.05,,1.0,1.0,0.8333333333333334,0.0,0.0,0.0,1.0,0.0,0.8986401737268086,1.0,0.7083333333333334,0.27787307032590053,0.7121212121212122,0.75,,0.05,,0.0,0.0,0.8333333333333334,0.0,0.0,0.0,1.0,0.0,0.9075114332274372
LKA,2017,76.0,34.1,0.03330934,70,0.3416666666666667,0.479,,2.0,2.0,6,1,1,0,0,2,0.0,1.0,80,,observed,imputed,observed,observed,imputed,missing,carried_forward,carried_forward,observed,observed,observed,observed,observed,observed,observed,missing,0.96669066,0.7241379310344828,0.30066445182724255,0.6857142857142857,0.75,,0.3416666666666667,,1.0,1.0,0.8333333333333334,0.0,0.5,0.0,0.0,0.5,0.9130536159456322,1.0,0.6666666666666666,0.27787307032590053,0.711864406779661,0.75,,0.3416666666666667,,0.0,1.0,0.8333333333333334,0.0,1.0,0.0,0.0,0.5,0.9373350838722293
LKA,2018,46.0,34.1,0.03641888,68,0.6333333333333334,0.477,,2.0,2.0,6,1,0,0,1,1,0.0,1.0,80,,observed,imputed,observed,observed,imputed,missing,carried_forward,carried_forward,observed,observed,observed,observed,observed,observed,observed,missing,0.96358112,0.3793103448275862,0.30066445182724255,0.6571428571428571,0.75,,0.6333333333333334,,1.0,1.0,0.8333333333333334,0.0,0.0,0.0,1.0,0.0,0.8974344575148531,1.0,0.2702702702702703,0.19502868068833656,0.631578947368421,0.75,,0.6333333333333334,,0.0,0.0,0.8333333333333334,0.0,0.0,0.0,1.0,0.0,0.9203230936494305
LKA,2020,62.0,34.1,0.04061347,71,0.925,0.472,,2.0,2.0,6,2,1,1,1,3,0.0,1.0,80,,observed,imputed,observed,observed,observed,missing,carried_forward,carried_forward,observed,observed,observed,observed,observed,observed,observed,missing,0.95938653,0.5632183908045977,0.30066445182724255,0.7,0.75,,0.925,,1.0,1.0,0.8333333333333334,0.5,0.5,0.5,1.0,1.0,0.8763651142157928,1.0,0.4492753623188406,0.1955896452540748,0.6612903225806451,0.75,,0.9210526315789475,,0.0,0.0,0.8333333333333334,1.0,0.5,0.5,1.0,1.0,0.8945445231265666
LKA,2021,64.0,34.1,0.04028302,72,0.925,0.472,,2.0,2.0,6,1,1,0,0,2,0.0,1.0,80,,observed,observed,observed,observed,imputed,missing,carried_forward,carried_forward,observed,observed,observed,observed,observed,observed,observed,missing,0.95971698,0.5862068965517241,0.30066445182724255,0.7142857142857143,0.75,,0.925,,1.0,1.0,0.8333333333333334,0.0,0.5,0.0,0.0,0.5,0.8780249580844847,1.0,0.55,0.3021702838063439,0.6825396825396826,0.75,,0.925,,0.0,1.0,0.8333333333333334,0.0,0.5,0.0,0.0,0.5,0.9131383003286643
LSO,2012,,,0.10043895,49,,0.275,,,,1,1,1,0,0,2,0.0,1.0,80,,imputed,imputed,observed,observed,imputed,missing,missing,missing,observed,observed,observed,observed,observed,observed,observed,missing,0.89956105,,,0.38571428571428573,0.75,,,,,,0.0,0.0,0.5,0.0,0.0,0.5,0.5758629015678177,1.0,,,0.36923076923076925,0.75,,,,,,0.0,0.0,0.5,0.0,0.0,0.5,0.438920417296631
LSO,2023,,,0.10043895,55,,,2.0,,,1,1,1,0,0,2,0.0,1.0,80,80.0,imputed,imputed,imputed,observed,imputed,carried_forward,missing,missing,observed,observed,observed,observed,observed,observed,observed,observed,0.89956105,,,0.4714285714285714,0.75,0.75,,1.0,,,0.0,0.0,0.5,0.0,0.0,0.5,0.5758629015678177,1.0,,,0.2916666666666667,0.75,0.75,,1.0,,,0.0,0.0,1.0,0.0,0.0,0.5,0.46089472469871906
LTU,2012,84.0,,0.06275935,73,,0.536,,,,1,1,1,0,0,2,0.0,1.0,80,,observed,imputed,observed,observed,imputed,missing,missing,missing,observed,observed,observed,observed,observed,observed,observed,missing,0.93724065,0.8160919540229885,,0.7285714285714285,0.75,,,,,,0.0,0.0,0.5,0.0,0.0,0.5,0.7651267933358512,1.0,0.7866666666666666,,0.7384615384615385,0.75,,,,,,0.0,0.0,0.5,0.0,0.0,0.5,0.7111183864961793
LTU,2014,82.0,,0.06193326,74,,0.538,,,1.0,1,1,0,1,0,3,0.0,1.0,80,,observed,imputed,observed,observed,imputed,missing,missing,carried_forward,observed,observed,observed,observed,observed,observed,observed,missing,0.93806674,0.7931034482758621,,0.7428571428571429,0.75,,,,,0.0,0.0,0.0,0.0,0.5,0.0,1.0,0.7692762272032664,1.0,0.7804878048780488,,0.7457627118644068,0.75,,,,,0.0,0.0,0.0,0.0,1.0,0.0,1.0,0.7032415527883227
LVA,2015,90.0,,0.05652118,76,,0.505,,,,1,1,1,0,0,2,0.0,1.0,60,,observed,imputed,observed,observed,imputed,missing,missing,missing,observed,observed,observed,observed,observed,observed,observed,missing,0.94347882,0.8850574712643678,,0.7714285714285715,0.5,,,,,,0.0,0.0,0.5,0.0,0.0,0.5,0.7964609988929856,1.0,0.8714285714285714,,0.7619047619047619,0.5,,,,,,0.0,0.0,0.5,0.0,0.0,0.5,0.7385693425320419
MAR,2010,97.0,,0.05418611,63,0.75,0.527,,,,1,1,1,0,0,2,0.0,1.0,20,,imputed,imputed,observed,observed,imputed,missing,missing,missing,observed,observed,observed,observed,observed,observed,observed,missing,0.94581389,0.9655172413793104,,0.5857142857142857,0.0,,0.75,,,,0.0,0.0,0.5,0.0,0.0,0.5,0.808190009703896,1.0,0.9714285714285714,,0.6612903225806451,0.0,,0.75,,,,0.0,0.0,0.5,0.0,0.0,0.5,0.7637073798670173
MAR,2013,97.0,,0.05255405,65,0.75,0.511,,,2.0,1,1,1,1,0,3,0.0,1.0,20,,observed,imputed,observed,observed,imputed,missing,missing,carried_forward,observed,observed,observed,observed,observed,observed,observed,missing,0.94744595,0.9655172413793104,,0.6142857142857143,0.0,,0.75,,,1.0,0.0,0.0,0.5,0.5,0.0,1.0,0.8163878150733512,1.0,0.9642857142857143,,0.5714285714285714,0.0,,0.75,,,0.0,0.0,0.0,0.5,1.0,0.0,1.0,0.790789844284392
MAR,2022,97.0,,0.05680491,65,0.75,0.512,2.0,,2.0,1,1,1,0,0,2,0.0,1.0,20,,imputed,imputed,observed,observed,observed,carried_forward,missing,carried_forward,observed,observed,observed,observed,observed,observed,observed,missing,0.94319509,0.9655172413793104,,0.6142857142857143,0.0,,0.75,1.0,,1.0,0.0,0.0,0.5,0.0,0.0,0.5,0.7950358286679473,1.0,0.9545454545454546,,0.5645161290322581,0.0,,0.75,1.0,,1.0,0.0,0.0,0.5,0.0,0.0,0.5,0.7561331371629899
MCO,2021,77.0,33.3,0.03672521,85,,,,,,4,1,1,0,0,2,0.0,1.0,20,,observed,observed,observed,observed,imputed,missing,missing,missing,observed,observed,observed,observed,observed,observed,observed,missing,0.96327479,0.735632183908046,0.28737541528239197,0.9,0.0,,,,,,0.5,0.0,0.5,0.0,0.0,0.5,0.8958957679330825,1.0,0.7125,0.28881469115191977,0.8888888888888888,0.0,,,,,,0.5,0.0,0.5,0.0,0.0,0.5,0.9317237867438183
MDA,2012,74.0,,0.09139621,70,,0.368,,,,1,1,0,1,0,3,0.0,1.0,60,,observed,imputed,observed,observed,imputed,missing,missing,missing,observed,observed,observed,observed,observed,observed,observed,missing,0.90860379,0.7011494252873564,,0.6857142857142857,0.5,,,,,,0.0,0.0,0.0,0.5,0.0,1.0,0.6212844072272853,1.0,0.6533333333333333,,0.6923076923076923,0.5,,,,,,0.0,0.0,0.0,1.0,0.0,1.0,0.5042453003633178
MDA,2022,74.0,,0.06965054,71,,0.394,,,2.0,1,1,1,0,0,2,0.0,1.0,60,,imputed,imputed,observed,observed,imputed,missing,missing,carried_forward,observed,observed,observed,observed,observed,observed,observed,missing,0.93034946,0.7011494252873564,,0.7,0.5,,,,,1.0,0.0,0.0,0.5,0.0,0.0,0.5,0.7305124811267789,1.0,0.6060606060606061,,0.6612903225806451,0.5,,,,,1.0,0.0,0.0,0.5,0.0,0.0,0.5,0.6663280176483398
MDG,2018,26.0,,0.04221604,32,,0.308,,2.0,,1,1,1,0,0,2,0.0,1.0,80,,observed,imputed,observed,observed,imputed,missing,carried_forward,missing,observed,observed,observed,observed,observed,observed,observed,missing,0.95778396,0.14942528735632185,,0.14285714285714285,0.75,,,,1.0,,0.0,0.0,0.5,0.0,0.0,0.5,0.8683154365379327,1.0,0.0,,0.0,0.75,,,,0.0,,0.0,0.0,0.5,0.0,0.0,0.5,0.879198549663841
MDG,2020,36.0,,0.03723161,33,,0.304,2.0,2.0,,1,1,1,0,0,2,0.0,1.0,80,,observed,imputed,observed,observed,imputed,carried_forward,carried_forward,missing,observed,observed,observed,observed,observed,observed,observed,missing,0.96276839,0.26436781609195403,,0.15714285714285714,0.75,,,1.0,1.0,,0.0,0.0,0.5,0.0,0.0,0.5,0.8933521306654009,1.0,0.07246376811594203,,0.04838709677419355,0.75,,,0.0,0.0,,0.0,0.0,0.5,0.0,0.0,0.5,0.9150518686924947
MDV,2010,58.0,30.8,0.0848759,67,0.0,0.274,,,,1,1,0,0,1,1,0.0,1.0,60,,imputed,imputed,observed,observed,imputed,missing,missing,missing,observed,observed,observed,observed,observed,observed,observed,missing,0.9151241,0.5172413793103449,0.24584717607973422,0.6428571428571429,0.5,,0.0,,,,0.0,0.0,0.0,0.0,1.0,0.0,0.654035796470643,1.0,0.4142857142857143,0.1080550098231827,0.7258064516129032,0.5,,0.0,,,,0.0,0.0,0.0,0.0,1.0,0.0,0.5462582155995228
MDV,2012,58.0,30.8,0.08673048,67,0.0,0.274,,,,1,1,1,0,0,2,0.0,1.0,60,,observed,imputed,observed,observed,imputed,missing,missing,missing,observed,observed,observed,observed,observed,observed,observed,missing,0.9132695200000001,0.5172413793103449,0.24584717607973422,0.6428571428571429,0.5,,0.0,,,,0.0,0.0,0.5,0.0,0.0,0.5,0.6447202775056022,1.0,0.44,0.13193116634799237,0.6461538461538462,0.5,,0.0,,,,0.0,0.0,0.5,0.0,0.0,0.5,0.5379506006009376
MDV,2016,61.0,30.8,0.10305446,66,0.0,0.322,2.0,,,1,1,1,1,0,3,0.0,1.0,60,,observed,imputed,observed,observed,imputed,carried_forward,missing,missing,observed,observed,observed,observed,observed,observed,observed,missing,0.89694554,0.5517241379310345,0.24584717607973422,0.6285714285714286,0.5,,0.0,1.0,,,0.0,0.0,0.5,0.5,0.0,1.0,0.5627252461373409,1.0,0.4583333333333333,0.22126929674099488,0.6515151515151515,0.5,,0.0,1.0,,,0.0,0.0,0.5,1.0,0.0,1.0,0.4468024336232131
MDV,2017,63.0,30.8,0.09269178,68,0.0,0.334,2.0,,,1,1,1,0,0,2,0.0,1.0,60,,observed,imputed,observed,observed,observed,carried_forward,missing,missing,observed,observed,observed,observed,observed,observed,observed,missing,0.90730822,0.5747126436781609,0.24584717607973422,0.6571428571428571,0.5,,0.0,1.0,,,0.0,0.0,0.5,0.0,0.0,0.5,0.6147767845280551,1.0,0.4861111111111111,0.22126929674099488,0.6779661016949152,0.5,,0.0,1.0,,,0.0,0.0,1.0,0.0,0.0,0.5,0.5226358646311996
MDV,2018,43.0,30.8,0.07436278,67,0.0,0.33,2.0,,,1,1,0,1,0,3,0.0,1.0,60,,observed,imputed,observed,observed,imputed,carried_forward,missing,missing,observed,observed,observed,observed,observed,observed,observed,missing,0.92563722,0.3448275862068966,0.24584717607973422,0.6428571428571429,0.5,,0.0,1.0,,,0.0,0.0,0.0,0.5,0.0,1.0,0.7068429920306902,1.0,0.22972972972972974,0.13193116634799237,0.6140350877192983,0.5,,0.0,0.0,,,0.0,0.0,0.0,1.0,0.0,1.0,0.6511523989411916
MDV,2019,51.0,30.8,0.07658456,68,0.0,0.337,2.0,,,1,1,1,1,0,3,0.0,1.0,60,,observed,observed,observed,observed,imputed,carried_forward,missing,missing,observed,observed,observed,observed,observed,observed,observed,missing,0.92341544,0.4367816091954023,0.24584717607973422,0.6571428571428571,0.5,,0.0,1.0,,,0.0,0.0,0.5,0.5,0.0,1.0,0.6956830346677566,1.0,0.29411764705882354,0.22126929674099488,0.6666666666666666,0.5,,0.0,1.0,,,0.0,0.0,0.5,1.0,0.0,1.0,0.6221415086998804
MDV,2022,51.0,30.8,0.09652762,69,0.0,0.326,2.0,,,1,1,1,0,0,2,0.0,1.0,60,,imputed,imputed,observed,observed,imputed,carried_forward,missing,missing,observed,observed,observed,observed,observed,observed,observed,missing,0.90347238,0.4367816091954023,0.24584717607973422,0.6714285714285714,0.5,,0.0,1.0,,,0.0,0.0,0.5,0.0,0.0,0.5,0.5955094354426216,1.0,0.25757575757575757,0.24707846410684473,0.6290322580645161,0.5,,0.0,1.0,,,0.0,0.0,0.5,0.0,0.0,0.5,0.4784275891286954
MEX,2011,66.0,55.1,0.0530093,73,0.9,0.698,,,,1,1,1,0,0,2,0.0,1.0,80,,observed,imputed,observed,observed,imputed,missing,missing,missing,observed,observed,observed,observed,observed,observed,observed,missing,0.9469907,0.6091954022988506,0.6495016611295681,0.7285714285714285,0.75,,0.9,,,,0.0,0.0,0.5,0.0,0.0,0.5,0.8141011032524349,1.0,0.6385542168674698,0.5567226890756303,0.8032786885245902,0.75,,0.9,,,,0.0,0.0,1.0,0.0,0.0,0.5,0.7454638214030529
MEX,2015,96.0,55.1,0.05527386,77,0.9,0.7,,,,1,1,1,1,0,3,0.0,1.0,80,,observed,imputed,observed,observed,observed,missing,missing,missing,observed,observed,observed,observed,observed,observed,observed,missing,0.94472614,0.9540229885057471,0.6495016611295681,0.7857142857142857,0.75,,0.9,,,,0.0,0.0,0.5,0.5,0.0,1.0,0.8027262627885708,1.0,0.9571428571428572,0.6453781512605044,0.7777777777777778,0.75,,0.9,,,,0.0,0.0,0.5,1.0,0.0,1.0,0.7470760496148647
MEX,2016,97.0,55.1,0.0538499,78,0.9,0.689,,,,1,1,1,0,0,2,0.0,1.0,80,,observed,imputed,observed,observed,observed,missing,missing,missing,observed,observed,observed,observed,observed,observed,observed,missing,0.9461501,0.9655172413793104,0.6495016611295681,0.8,0.75,,0.9,,,,0.0,0.0,0.5,0.0,0.0,0.5,0.8098787859396129,1.0,0.9583333333333334,0.6380789022298456,0.8333333333333334,0.75,,0.9,,,,0.0,0.0,0.5,0.0,0.0,0.5,0.7857747469051839
MEX,2019,83.0,55.1,0.05296858,78,0.925,0.691,2.0,,,1,1,0,1,0,3,0.0,1.0,80,,observed,observed,observed,observed,observed,carried_forward,missing,missing,observed,observed,observed,observed,observed,observed,observed,missing,0.94703142,0.8045977011494253,0.6495016611295681,0.8,0.75,,0.925,1.0,,,0.0,0.0,0.0,0.5,0.0,1.0,0.8143056390137697,1.0,0.7647058823529411,0.6380789022298456,0.8333333333333334,0.75,,0.925,1.0,,,0.0,0.0,0.0,1.0,0.0,1.0,0.7853405836832017
MLI,2020,50.0,29.0,0.03475979,42,,0.338,,,,1,2,2,2,0,3,0.0,1.0,80,,observed,imputed,observed,observed,imputed,missing,missing,missing,observed,observed,observed,observed,observed,observed,observed,missing,0.96524021,0.42528735632183906,0.2159468438538206,0.2857142857142857,0.75,,,,,,0.0,0.5,1.0,1.0,0.0,1.0,0.9057680340441538,1.0,0.2753623188405797,0.0977948226270374,0.1935483870967742,0.75,,,,,,0.0,1.0,1.0,1.0,0.0,1.0,0.9300407999069067
MLI,2021,44.0,29.0,0.03466497,42,,0.342,2.0,,,1,1,1,0,0,2,0.0,1.0,80,,observed,observed,observed,observed,imputed,carried_forward,missing,missing,observed,observed,observed,observed,observed,observed,observed,missing,0.96533503,0.3563218390804598,0.2159468438538206,0.2857142857142857,0.75,,,1.0,,,0.0,0.0,0.5,0.0,0.0,0.5,0.9062443130443937,1.0,0.3,0.21702838063439064,0.20634920634920634,0.75,,,1.0,,,0.0,0.0,0.5,0.0,0.0,0.5,0.9424861834237859
MLT,2015,79.0,,0.08897596,82,,0.443,,,,4,2,2,1,0,3,0.0,1.0,20,,imputed,imputed,observed,observed,imputed,missing,missing,missing,observed,observed,observed,observed,observed,observed,observed,missing,0.91102404,0.7586206896551724,,0.8571428571428571,0.0,,,,,,0.5,0.5,1.0,0.5,0.0,1.0,0.6334412755075108,1.0,0.7142857142857143,,0.8571428571428571,0.0,,,,,,0.5,1.0,1.0,1.0,0.0,1.0,0.5172281414790084
MLT,2017,79.0,,0.08730927,82,,0.448,,,,4,1,1,0,0,2,0.0,1.0,20,,observed,imputed,observed,observed,imputed,missing,missing,missing,observed,observed,observed,observed,observed,observed,observed,missing,0.91269073,0.7586206896551724,,0.8571428571428571,0.0,,,,,,0.5,0.0,0.5,0.0,0.0,0.5,0.6418130266877478,1.0,0.7083333333333334,,0.9152542372881356,0.0,,,,,,0.5,0.0,1.0,0.0,0.0,0.5,0.5602247999217844
MLT,2023,79.0,,0.08730927,82,,,,,2.0,4,1,0,1,0,3,0.0,1.0,20,20.0,imputed,imputed,imputed,observed,imputed,missing,missing,carried_forward,observed,observed,observed,observed,observed,observed,observed,observed,0.91269073,0.7586206896551724,,0.8571428571428571,0.0,0.0,,,,1.0,0.5,0.0,0.0,0.5,0.0,1.0,0.6418130266877478,1.0,0.676923076923077,,0.8541666666666666,0.0,0.0,,,,1.0,0.5,0.0,0.0,1.0,0.0,1.0,0.5546822397261598
MMR,2010,93.0,37.8,0.02083684,47,,0.388,,,,1,1,0,1,0,3,0.0,1.0,100,,imputed,imputed,observed,observed,imputed,missing,missing,missing,observed,observed,observed,observed,observed,observed,observed,missing,0.97916316,0.9195402298850575,0.362126245847176,0.35714285714285715,1.0,,,,,,0.0,0.0,0.0,0.5,0.0,1.0,0.9757027388152166,1.0,0.9142857142857143,0.24557956777996062,0.4032258064516129,1.0,,,,,,0.0,0.0,0.0,1.0,0.0,1.0,1.0
MMR,2011,93.0,37.8,0.02065515,49,,0.407,,,,1,1,1,0,0,2,0.0,1.0,100,,observed,imputed,observed,observed,imputed,missing,missing,missing,observed,observed,observed,observed,observed,observed,observed,missing,0.97934485,0.9195402298850575,0.362126245847176,0.38571428571428573,1.0,,,,,,0.0,0.0,0.5,0.0,0.0,0.5,0.9766153641216249,1.0,0.963855421686747,0.19327731092436964,0.4098360655737705,1.0,,,,,,0.0,0.0,1.0,0.0,0.0,0.5,0.9679813277082256
MMR,2014,84.0,37.8,0.0439346,51,,0.426,,,,1,1,1,1,0,3,0.0,1.0,100,,observed,imputed,observed,observed,imputed,missing,missing,missing,observed,observed,observed,observed,observed,observed,observed,missing,0.9560654,0.8160919540229885,0.362126245847176,0.4142857142857143,1.0,,,,,,0.0,0.0,0.5,0.5,0.0,1.0,0.859683143365052,1.0,0.8048780487804879,0.265774378585086,0.3559322033898305,1.0,,,,,,0.0,0.0,0.5,1.0,0.0,1.0,0.8298052939085117
MMR,2019,64.0,37.8,0.04079033,54,,0.432,,,,1,1,1,0,0,2,0.0,1.0,100,,observed,observed,observed,observed,imputed,missing,missing,missing,observed,observed,observed,observed,observed,observed,observed,missing,0.95920967,0.5862068965517241,0.362126245847176,0.45714285714285713,1.0,,,,,,0.0,0.0,0.5,0.0,0.0,0.5,0.8754767499046513,1.0,0.4852941176470588,0.3413379073756432,0.43333333333333335,1.0,,,,,,0.0,0.0,0.5,0.0,0.0,0.5,0.8694988161561138
MNE,2015,56.0,,0.09021888,69,,0.348,,,,1,1,1,0,0,2,0.0,1.0,40,,observed,imputed,observed,observed,imputed,missing,missing,missing,observed,observed,observed,observed,observed,observed,observed,missing,0.90978112,0.4942528735632184,,0.6714285714285714,0.25,,,,,,0.0,0.0,0.5,0.0,0.0,0.5,0.6271981127256253,1.0,0.38571428571428573,,0.6507936507936508,0.25,,,,,,0.0,0.0,0.5,0.0,0.0,0.5,0.5087514423421526
MNG,2010,84.0,40.9,0.03739456,67,1.0,0.344,,,,1,1,1,0,0,2,0.0,1.0,80,,imputed,imputed,observed,observed,imputed,missing,missing,missing,observed,observed,observed,observed,observed,observed,observed,missing,0.96260544,0.8160919540229885,0.4136212624584717,0.6428571428571429,0.75,,1.0,,,,0.0,0.0,0.5,0.0,0.0,0.5,0.8925336360114342,1.0,0.7857142857142857,0.3064833005893909,0.7258064516129032,0.75,,1.0,,,,0.0,0.0,0.5,0.0,0.0,0.5,0.8826820784314532
MNG,2019,84.0,40.9,0.0449498,71,1.0,0.383,,2.0,,1,1,1,0,0,2,0.0,1.0,80,,observed,observed,observed,observed,observed,missing,carried_forward,missing,observed,observed,observed,observed,observed,observed,observed,missing,0.9550502,0.8160919540229885,0.4136212624584717,0.7,0.75,,1.0,,1.0,,0.0,0.0,0.5,0.0,0.0,0.5,0.8545838136767616,1.0,0.7794117647058824,0.39451114922813035,0.7166666666666667,0.75,,1.0,,0.0,,0.0,0.0,0.5,0.0,0.0,0.5,0.8407546498576631
MNG,2020,85.0,40.95,0.04666249,71,1.0,0.376,,2.0,,1,2,1,0,1,2,0.0,1.0,80,,observed,imputed,observed,observed,observed,missing,carried_forward,missing,observed,observed,observed,observed,observed,observed,observed,missing,0.95333751,0.8275862068965517,0.41445182724252494,0.7,0.75,,1.0,,1.0,,0.0,0.5,0.5,0.0,1.0,0.5,0.8459810053987495,1.0,0.782608695652174,0.32694151486097794,0.6612903225806451,0.75,,1.0,,0.0,,0.0,1.0,0.5,0.0,1.0,0.5,0.857863719227172
MNG,2021,78.0,41.0,0.07210427,71,1.0,0.38,,2.0,,1,3,0,2,1,3,0.0,1.0,80,,observed,observed,observed,observed,observed,missing,carried_forward,missing,observed,observed,observed,observed,observed,observed,observed,missing,0.92789573,0.7471264367816092,0.4152823920265781,0.7,0.75,,1.0,,1.0,,0.0,1.0,0.0,1.0,1.0,1.0,0.7181874434632165,1.0,0.725,0.4173622704507512,0.6666666666666666,0.75,,1.0,,0.0,,0.0,1.0,0.0,1.0,1.0,1.0,0.7469086788513452
MNG,2022,78.0,41.0,0.08851702,71,1.0,0.379,,2.0,,1,1,0,0,1,1,0.0,1.0,80,,imputed,imputed,observed,observed,imputed,missing,carried_forward,missing,observed,observed,observed,observed,observed,observed,observed,missing,0.9114829799999999,0.7471264367816092,0.4152823920265781,0.7,0.75,,1.0,,1.0,,0.0,0.0,0.0,0.0,1.0,0.0,0.6357465221260525,1.0,0.6666666666666666,0.4173622704507512,0.6612903225806451,0.75,,1.0,,1.0,,0.0,0.0,0.0,0.0,1.0,0.0,0.5344305170025366
MOZ,2010,69.0,,0.05292497,33,0.675,0.329,,,,1,1,1,0,0,2,0.0,1.0,100,,imputed,imputed,observed,observed,imputed,missing,missing,missing,observed,observed,observed,observed,observed,observed,observed,missing,0.94707503,0.6436781609195402,,0.15714285714285714,1.0,,0.675,,,,0.0,0.0,0.5,0.0,0.0,0.5,0.8145246911884217,1.0,0.5714285714285714,,0.1774193548387097,1.0,,0.675,,,,0.0,0.0,0.5,0.0,0.0,0.5,0.7726430499717755
MOZ,2017,69.0,,0.07805322,46,0.675,0.33,,,,1,1,1,0,0,2,0.0,1.0,100,,observed,imputed,observed,observed,observed,missing,missing,missing,observed,observed,observed,observed,observed,observed,observed,missing,0.92194678,0.6436781609195402,,0.34285714285714286,1.0,,0.675,,,,0.0,0.0,0.5,0.0,0.0,0.5,0.6883059842934415,1.0,0.5694444444444444,,0.3050847457627119,1.0,,0.675,,,,0.0,0.0,1.0,0.0,0.0,0.5,0.6248647289690905
MRT,2012,25.0,,0.02649193,29,,0.284,,,,7,1,1,0,0,2,0.0,1.0,80,,observed,imputed,observed,observed,imputed,missing,missing,missing,observed,observed,observed,observed,observed,observed,observed,missing,0.97350807,0.13793103448275862,,0.1,0.75,,,,,,1.0,0.0,0.5,0.0,0.0,0.5,0.9472973326617941,1.0,0.0,,0.06153846153846154,0.75,,,,,,1.0,0.0,0.5,0.0,0.0,0.5,0.973114747182255
MRT,2018,26.0,,0.02883626,41,,0.29,,2.0,,7,1,1,0,0,2,0.0,1.0,80,,observed,imputed,observed,observed,imputed,missing,carried_forward,missing,observed,observed,observed,observed,observed,observed,observed,missing,0.97116374,0.14942528735632185,,0.2714285714285714,0.75,,,,1.0,,1.0,0.0,0.5,0.0,0.0,0.5,0.9355218090525059,1.0,0.0,,0.15789473684210525,0.75,,,,0.0,,1.0,0.0,0.5,0.0,0.0,0.5,0.9741135340919949
MUS,2017,71.0,,0.05598573,76,0.0,0.415,,,,2,1,1,1,0,3,0.0,1.0,100,,observed,imputed,observed,observed,observed,missing,missing,missing,observed,observed,observed,observed,observed,observed,observed,missing,0.94401427,0.6666666666666666,,0.7714285714285715,1.0,,0.0,,,,0.16666666666666666,0.0,0.5,0.5,0.0,1.0,0.7991505537408925,1.0,0.5972222222222222,,0.8135593220338984,1.0,,0.0,,,,0.16666666666666666,0.0,1.0,1.0,0.0,1.0,0.7789737698506922
MUS,2023,71.0,,0.05598573,75,0.0,,2.0,,,2,1,1,0,0,2,0.0,1.0,100,100.0,imputed,imputed,imputed,observed,imputed,carried_forward,missing,missing,observed,observed,observed,observed,observed,observed,observed,observed,0.94401427,0.6666666666666666,,0.7571428571428571,1.0,1.0,0.0,1.0,,,0.16666666666666666,0.0,0.5,0.0,0.0,0.5,0.7991505537408925,1.0,0.5538461538461539,,0.7083333333333334,1.0,1.0,0.0,1.0,,,0.16666666666666666,0.0,1.0,0.0,0.0,0.5,0.7784315602322678
MWI,2017,56.0,,0.07584389,52,0.825,0.245,,,,1,1,1,0,0,2,1.0,0.0,100,,observed,imputed,observed,observed,observed,missing,missing,missing,observed,observed,observed,observed,observed,observed,observed,missing,0.92415611,0.4942528735632184,,0.42857142857142855,1.0,,0.825,,,,0.0,0.0,0.5,0.0,0.0,0.5,0.699403405550564,0.0,0.3888888888888889,,0.4067796610169492,1.0,,0.825,,,,0.0,0.0,1.0,0.0,0.0,0.5,0.640293657555484
MWI,2023,56.0,,0.07584389,52,0.825,,2.0,2.0,,1,1,1,0,0,2,0.0,1.0,100,100.0,imputed,imputed,imputed,observed,imputed,carried_forward,carried_forward,missing,observed,observed,observed,observed,observed,observed,observed,observed,0.92415611,0.4942528735632184,,0.42857142857142855,1.0,1.0,0.825,1.0,1.0,,0.0,0.0,0.5,0.0,0.0,0.5,0.699403405550564,1.0,0.3230769230769231,,0.22916666666666666,1.0,1.0,0.825,1.0,1.0,,0.0,0.0,1.0,0.0,0.0,0.5,0.6365813796172548
MYS,2012,100.0,56.4,0.03457864,78,0.2,0.656,2.0,,,3,1,1,0,0,2,0.0,1.0,20,,observed,imputed,observed,observed,imputed,carried_forward,missing,missing,observed,observed,observed,observed,observed,observed,observed,missing,0.96542136,1.0,0.6710963455149501,0.8,0.0,,0.2,1.0,,,0.3333333333333333,0.0,0.5,0.0,0.0,0.5,0.9066779469411531,1.0,1.0,0.6214149139579349,0.8153846153846154,0.0,,0.2,0.0,,,0.3333333333333333,0.0,0.5,0.0,0.0,0.5,0.9146962385063226
MYS,2016,100.0,56.4,0.03700853,80,0.2,0.643,2.0,,,3,1,0,1,0,3,0.0,1.0,20,,observed,imputed,observed,observed,observed,carried_forward,missing,missing,observed,observed,observed,observed,observed,observed,observed,missing,0.96299147,1.0,0.6710963455149501,0.8285714285714286,0.0,,0.2,1.0,,,0.3333333333333333,0.0,0.0,0.5,0.0,1.0,0.8944726571300023,1.0,1.0,0.660377358490566,0.8636363636363636,0.0,,0.2,1.0,,,0.3333333333333333,0.0,0.0,1.0,0.0,1.0,0.9017956634165312
MYS,2021,85.0,56.4,0.04373824,79,0.7,0.647,2.0,,,3,1,1,0,0,2,0.0,1.0,20,,observed,observed,observed,observed,observed,carried_forward,missing,missing,observed,observed,observed,observed,observed,observed,observed,missing,0.95626176,0.8275862068965517,0.6710963455149501,0.8142857142857143,0.0,,0.7,1.0,,,0.3333333333333333,0.0,0.5,0.0,0.0,0.5,0.8606694557937289,1.0,0.8125,0.6744574290484139,0.7936507936507936,0.0,,0.7,1.0,,,0.3333333333333333,0.0,0.5,0.0,0.0,0.5,0.8950887292803592
MYS,2022,85.0,56.4,0.03905919,80,0.7,0.648,2.0,,,3,1,0,1,0,3,0.0,1.0,20,,imputed,imputed,observed,observed,imputed,carried_forward,missing,missing,observed,observed,observed,observed,observed,observed,observed,missing,0.96094081,0.8275862068965517,0.6710963455149501,0.8285714285714286,0.0,,0.7,1.0,,,0.3333333333333333,0.0,0.0,0.5,0.0,1.0,0.8841722321707929,1.0,0.7727272727272727,0.6744574290484139,0.8064516129032258,0.0,,0.7,1.0,,,0.5,0.0,0.0,1.0,0.0,1.0,0.8801952894648627
NAM,2013,61.0,30.3,0.09064487,58,0.925,0.416,,,,1,2,2,0,0,2,0.0,1.0,80,,imputed,imputed,observed,observed,imputed,missing,missing,missing,observed,observed,observed,observed,observed,observed,observed,missing,0.90935513,0.5517241379310345,0.23754152823920266,0.5142857142857142,0.75,,0.925,,,,0.0,0.5,1.0,0.0,0.0,0.5,0.6250583733108157,1.0,0.5357142857142857,0.10000000000000003,0.42857142857142855,0.75,,0.925,,,,0.0,1.0,1.0,0.0,0.0,0.5,0.5100856774095417
NAM,2021,61.0,30.3,0.09337664,61,0.925,0.396,2.0,,,1,1,1,0,0,2,0.0,1.0,80,,observed,observed,observed,observed,observed,carried_forward,missing,missing,observed,observed,observed,observed,observed,observed,observed,missing,0.90662336,0.5517241379310345,0.23754152823920266,0.5571428571428572,0.75,,0.925,1.0,,,0.0,0.0,0.5,0.0,0.0,0.5,0.6113367461806135,1.0,0.5125,0.2387312186978297,0.5079365079365079,0.75,,0.925,1.0,,,0.0,0.0,0.5,0.0,0.0,0.5,0.6357848853792006
NER,2019,39.0,29.7,0.05666421,35,,0.306,,2.0,,1,1,1,0,0,2,0.0,1.0,40,,observed,observed,observed,observed,imputed,missing,carried_forward,missing,observed,observed,observed,observed,observed,observed,observed,missing,0.94333579,0.2988505747126437,0.22757475083056475,0.18571428571428572,0.25,,,,1.0,,0.0,0.0,0.5,0.0,0.0,0.5,0.7957425620083162,1.0,0.11764705882352941,0.20240137221269297,0.11666666666666667,0.25,,,,0.0,,0.0,0.0,0.5,0.0,0.0,0.5,0.7598018003051414
NGA,2011,38.0,,0.03320779,40,,0.512,,,,1,2,1,1,0,3,0.0,1.0,100,,observed,imputed,observed,observed,imputed,missing,missing,missing,observed,observed,observed,observed,observed,observed,observed,missing,0.96679221,0.28735632183908044,,0.2571428571428571,1.0,,,,,,0.0,0.5,0.5,0.5,0.0,1.0,0.9135636996038728,1.0,0.30120481927710846,,0.26229508196721313,1.0,,,,,,0.0,1.0,1.0,1.0,0.0,1.0,0.8816498323561129
NGA,2018,52.0,,0.03090693,46,,0.493,2.0,2.0,,1,1,1,0,0,2,0.0,1.0,100,,observed,imputed,observed,observed,imputed,carried_forward,carried_forward,missing,observed,observed,observed,observed,observed,observed,observed,missing,0.96909307,0.4482758620689655,,0.34285714285714286,1.0,,,1.0,1.0,,0.0,0.0,0.5,0.0,0.0,0.5,0.9251208742557638,1.0,0.35135135135135137,,0.24561403508771928,1.0,,,0.0,0.0,,0.0,0.0,0.5,0.0,0.0,0.5,0.9594243829395955
NGA,2022,52.0,,0.04270904,47,,0.495,2.0,2.0,,1,1,1,1,0,3,0.0,1.0,100,,imputed,imputed,observed,observed,imputed,carried_forward,carried_forward,missing,observed,observed,observed,observed,observed,observed,observed,missing,0.95729096,0.4482758620689655,,0.35714285714285715,1.0,,,1.0,1.0,,0.0,0.0,0.5,0.5,0.0,1.0,0.8658391072074294,1.0,0.2727272727272727,,0.27419354838709675,1.0,,,1.0,1.0,,0.0,0.0,0.5,1.0,0.0,1.0,0.854678813008625
NIC,2012,76.0,,0.07488369,68,,0.333,,,,1,1,1,0,0,2,0.0,1.0,20,,observed,imputed,observed,observed,imputed,missing,missing,missing,observed,observed,observed,observed,observed,observed,observed,missing,0.9251163099999999,0.7241379310344828,,0.6571428571428571,0.0,,,,,,0.0,0.0,0.5,0.0,0.0,0.5,0.7042264713176013,1.0,0.68,,0.6615384615384615,0.0,,,,,,0.0,0.0,0.5,0.0,0.0,0.5,0.6235319809641443
NIC,2020,83.0,,0.08589961,71,,0.345,,,,1,1,1,0,0,2,0.0,1.0,20,,observed,imputed,observed,observed,imputed,missing,missing,missing,observed,observed,observed,observed,observed,observed,observed,missing,0.91410039,0.8045977011494253,,0.7,0.0,,,,,,0.0,0.0,0.5,0.0,0.0,0.5,0.6488937212192641,1.0,0.7536231884057971,,0.6612903225806451,0.0,,,,,,0.0,0.0,0.5,0.0,0.0,0.5,0.6199327644118423
NLD,2012,85.0,67.7,0.10538987,82,,0.755,,,,1,1,1,1,0,3,0.0,1.0,40,,observed,imputed,observed,observed,imputed,missing,missing,missing,observed,observed,observed,observed,observed,observed,observed,missing,0.89461013,0.8275862068965517,0.8588039867109635,0.8571428571428571,0.25,,,,,,0.0,0.0,0.5,0.5,0.0,1.0,0.5509945275130989,1.0,0.8,0.8374760994263862,0.8769230769230769,0.25,,,,,,0.0,0.0,0.5,1.0,0.0,1.0,0.4031549004209365
NLD,2016,94.0,67.7,0.10056795,84,,0.742,,,,1,2,2,0,0,2,0.0,1.0,40,,observed,imputed,observed,observed,imputed,missing,missing,missing,observed,observed,observed,observed,observed,observed,observed,missing,0.89943205,0.9310344827586207,0.8588039867109635,0.8857142857142857,0.25,,,,,,0.0,0.5,1.0,0.0,0.0,0.5,0.5752149370979702,1.0,0.9166666666666666,0.8542024013722127,0.9242424242424242,0.25,,,,,,0.0,1.0,1.0,0.0,0.0,0.5,0.4639321071067023
NLD,2019,90.0,67.7,0.10140396,85,,0.748,,,,1,1,1,1,0,3,0.0,1.0,40,,observed,observed,observed,observed,imputed,missing,missing,missing,observed,observed,observed,observed,observed,observed,observed,missing,0.89859604,0.8850574712643678,0.8588039867109635,0.9,0.25,,,,,,0.0,0.0,0.5,0.5,0.0,1.0,0.5710156752651219,1.0,0.8676470588235294,0.8542024013722127,0.95,0.25,,,,,,0.0,0.0,0.5,1.0,0.0,1.0,0.45062615673730944
NOR,2010,99.0,,0.08858115,84,0.975,0.739,,,,4,2,2,1,0,3,0.0,1.0,80,,imputed,imputed,observed,observed,imputed,missing,missing,missing,observed,observed,observed,observed,observed,observed,observed,missing,0.91141885,0.9885057471264368,,0.8857142857142857,0.75,,0.975,,,,0.5,0.5,1.0,0.5,0.0,1.0,0.6354243983938719,1.0,1.0,,1.0,0.75,,0.975,,,,0.5,1.0,1.0,1.0,0.0,1.0,0.5200050703058557
NOR,2017,99.0,,0.10229836,87,0.975,0.721,,,,4,1,1,0,0,2,0.0,1.0,80,,observed,imputed,observed,observed,observed,missing,missing,missing,observed,observed,observed,observed,observed,observed,observed,missing,0.89770164,0.9885057471264368,,0.9285714285714286,0.75,,0.975,,,,0.5,0.0,0.5,0.0,0.0,0.5,0.5665231216075103,1.0,0.9861111111111112,,1.0,0.75,,0.975,,,,0.5,0.0,1.0,0.0,0.0,0.5,0.4555479978211375
NOR,2020,94.0,,0.11424164,88,0.975,0.713,2.0,,,4,1,1,1,0,3,0.0,1.0,80,,observed,imputed,observed,observed,imputed,carried_forward,missing,missing,observed,observed,observed,observed,observed,observed,observed,missing,0.88575836,0.9310344827586207,,0.9428571428571428,0.75,,0.975,1.0,,,0.5,0.0,0.5,0.5,0.0,1.0,0.5065322604180253,1.0,0.9130434782608695,,0.9354838709677419,0.75,,0.9736842105263158,0.0,,,0.5,0.0,0.5,0.5,0.0,1.0,0.4480688187577087
NPL,2010,61.0,,0.04361315,37,0.05,0.359,,,,1,1,1,1,0,3,0.0,1.0,100,,imputed,imputed,observed,observed,imputed,missing,missing,missing,observed,observed,observed,observed,observed,observed,observed,missing,0.95638685,0.5517241379310345,,0.21428571428571427,1.0,,0.05,,,,0.0,0.0,0.5,0.5,0.0,1.0,0.8612977804102661,1.0,0.45714285714285713,,0.24193548387096775,1.0,,0.05,,,,0.0,0.0,0.5,1.0,0.0,1.0,0.8386209363245114
NPL,2013,61.0,,0.0463013,43,0.05,0.37,,,,1,1,0,1,0,3,0.0,1.0,100,,observed,imputed,observed,observed,imputed,missing,missing,missing,observed,observed,observed,observed,observed,observed,observed,missing,0.9536987,0.5517241379310345,,0.3,1.0,,0.05,,,,0.0,0.0,0.0,0.5,0.0,1.0,0.8477952556845195,1.0,0.5357142857142857,,0.12244897959183673,1.0,,0.05,,,,0.0,0.0,0.0,1.0,0.0,1.0,0.8368684789640006
NPL,2014,66.0,,0.05075494,45,0.05,0.371,,,,1,2,2,1,0,3,0.0,1.0,100,,observed,imputed,observed,observed,imputed,missing,missing,missing,observed,observed,observed,observed,observed,observed,observed,missing,0.94924506,0.6091954022988506,,0.32857142857142857,1.0,,0.05,,,,0.0,0.5,1.0,0.5,0.0,1.0,0.8254247093163577,1.0,0.5853658536585366,,0.2542372881355932,1.0,,0.05,,,,0.0,1.0,1.0,1.0,0.0,1.0,0.7818457376909005
NPL,2015,72.0,,0.05466156,46,0.05,0.37,,,,1,1,1,1,0,3,0.0,1.0,100,,observed,imputed,observed,observed,observed,missing,missing,missing,observed,observed,observed,observed,observed,observed,observed,missing,0.94533844,0.6781609195402298,,0.34285714285714286,1.0,,0.05,,,,0.0,0.0,0.5,0.5,0.0,1.0,0.8058018336791739,1.0,0.6142857142857143,,0.2857142857142857,1.0,,0.05,,,,0.0,0.0,0.5,1.0,0.0,1.0,0.751251928095778
NPL,2020,39.0,,0.05208097,51,0.05,0.389,,,,1,1,1,0,0,2,0.0,1.0,100,,observed,imputed,observed,observed,imputed,missing,missing,missing,observed,observed,observed,observed,observed,observed,observed,missing,0.94791903,0.2988505747126437,,0.4142857142857143,1.0,,0.05,,,,0.0,0.0,0.5,0.0,0.0,0.5,0.8187640866345574,1.0,0.11594202898550725,,0.3387096774193548,1.0,,0.0,,,,0.0,0.0,0.5,0.0,0.0,0.5,0.8250064626281206
NZL,2014,99.0,,0.09401684,89,0.875,0.657,,,,4,1,0,0,1,1,0.0,1.0,20,,observed,imputed,observed,observed,imputed,missing,missing,missing,observed,observed,observed,observed,observed,observed,observed,missing,0.90598316,0.9885057471264368,,0.9571428571428572,0.0,,0.875,,,,0.5,0.0,0.0,0.0,1.0,0.0,0.6081210341372296,1.0,0.9878048780487805,,1.0,0.0,,0.875,,,,0.6,0.0,0.0,0.0,1.0,0.0,0.47763487355059703
NZL,2015,98.0,,0.09283443,89,0.875,0.653,,,,4,1,1,0,0,2,0.0,1.0,20,,observed,imputed,observed,observed,observed,missing,missing,missing,observed,observed,observed,observed,observed,observed,observed,missing,0.90716557,0.9770114942528736,,0.9571428571428572,0.0,,0.875,,,,0.5,0.0,0.5,0.0,0.0,0.5,0.6140602563759325,1.0,0.9857142857142858,,0.9682539682539683,0.0,,0.875,,,,0.5,0.0,0.5,0.0,0.0,0.5,0.49091342346128924
NZL,2018,90.0,,0.09038105,89,0.875,0.654,,,,4,1,1,1,0,3,0.0,1.0,20,,observed,imputed,observed,observed,observed,missing,missing,missing,observed,observed,observed,observed,observed,observed,observed,missing,0.90961895,0.8850574712643678,,0.9571428571428572,0.0,,0.875,,,,0.5,0.0,0.5,0.5,0.0,1.0,0.6263835359963603,1.0,0.8648648648648649,,1.0,0.0,,0.875,,,,0.5,0.0,0.5,1.0,0.0,1.0,0.5375201981414806
NZL,2023,90.0,,0.09038105,89,0.875,,,,2.0,4,1,1,1,0,3,0.0,1.0,20,20.0,imputed,imputed,imputed,observed,imputed,missing,missing,carried_forward,observed,observed,observed,observed,observed,observed,observed,observed,0.90961895,0.8850574712643678,,0.9571428571428572,0.0,0.0,0.875,,,1.0,0.5,0.0,0.5,0.5,0.0,1.0,0.6263835359963603,1.0,0.8461538461538461,,1.0,0.0,0.0,0.875,,,1.0,0.5,0.0,1.0,1.0,0.0,1.0,0.5327399979570544
OMN,2012,92.0,39.1,0.02277028,75,,0.567,,,,1,1,0,0,1,1,0.0,1.0,100,,observed,imputed,observed,observed,imputed,missing,missing,missing,observed,observed,observed,observed,observed,observed,observed,missing,0.97722972,0.9080459770114943,0.38372093023255816,0.7571428571428571,1.0,,,,,,0.0,0.0,0.0,0.0,1.0,0.0,0.9659911076169025,1.0,0.8933333333333333,0.29063097514340347,0.7692307692307693,1.0,,,,,,0.0,0.0,0.0,0.0,1.0,0.0,1.0
OMN,2013,86.0,39.1,0.02505401,74,,0.569,,,,1,1,0,1,0,3,0.0,1.0,100,,observed,imputed,observed,observed,imputed,missing,missing,missing,observed,observed,observed,observed,observed,observed,observed,missing,0.97494599,0.8390804597701149,0.38372093023255816,0.7428571428571429,1.0,,,,,,0.0,0.0,0.0,0.5,0.0,1.0,0.9545199766190311,1.0,0.8333333333333334,0.27254901960784317,0.7551020408163265,1.0,,,,,,0.0,0.0,0.0,1.0,0.0,1.0,0.9934469626458524
OMN,2015,94.0,39.1,0.04078262,75,,0.569,,,2.0,1,1,1,0,0,2,0.0,1.0,100,,observed,imputed,observed,observed,imputed,missing,missing,carried_forward,observed,observed,observed,observed,observed,observed,observed,missing,0.95921738,0.9310344827586207,0.38372093023255816,0.7571428571428571,1.0,,,,,1.0,0.0,0.0,0.5,0.0,0.0,0.5,0.8755154770834306,1.0,0.9285714285714286,0.37647058823529417,0.746031746031746,1.0,,,,,0.0,0.0,0.0,0.5,0.0,0.0,0.5,0.8459061284614248
OMN,2016,95.0,39.1,0.04175808,75,,0.569,,,2.0,1,1,0,1,0,3,0.0,1.0,100,,observed,imputed,observed,observed,imputed,missing,missing,carried_forward,observed,observed,observed,observed,observed,observed,observed,missing,0.95824192,0.9425287356321839,0.38372093023255816,0.7571428571428571,1.0,,,,,1.0,0.0,0.0,0.0,0.5,0.0,1.0,0.8706157606356961,1.0,0.9305555555555556,0.36363636363636365,0.7878787878787878,1.0,,,,,0.0,0.0,0.0,0.0,1.0,0.0,1.0,0.8690758108144881
OMN,2020,79.0,39.1,0.05119229,73,,0.574,,,2.0,1,2,2,0,0,2,0.0,1.0,100,,observed,imputed,observed,observed,imputed,missing,missing,carried_forward,observed,observed,observed,observed,observed,observed,observed,missing,0.94880771,0.7586206896551724,0.38372093023255816,0.7285714285714285,1.0,,,,,1.0,0.0,0.5,1.0,0.0,0.0,0.5,0.8232279088443583,1.0,0.6956521739130435,0.2914669223394055,0.6935483870967742,1.0,,,,,0.0,0.0,1.0,1.0,0.0,0.0,0.5,0.8303953515405913
OMN,2021,75.0,39.1,0.04370282,73,,0.574,2.0,,2.0,1,1,1,0,0,2,0.0,1.0,100,,observed,observed,observed,observed,imputed,carried_forward,missing,carried_forward,observed,observed,observed,observed,observed,observed,observed,missing,0.95629718,0.7126436781609196,0.38372093023255816,0.7285714285714285,1.0,,,1.0,,1.0,0.0,0.0,0.5,0.0,0.0,0.5,0.8608473697590158,1.0,0.6875,0.38564273789649417,0.6984126984126984,1.0,,,1.0,,1.0,0.0,0.0,0.5,0.0,0.0,0.5,0.8952737582529083
PAK,2013,42.0,,0.02416478,47,0.425,0.535,,,,1,1,1,1,0,3,0.0,1.0,100,,observed,imputed,observed,observed,imputed,missing,missing,missing,observed,observed,observed,observed,observed,observed,observed,missing,0.97583522,0.3333333333333333,,0.35714285714285715,1.0,,0.425,,,,0.0,0.0,0.5,0.5,0.0,1.0,0.9589865614680444,1.0,0.30952380952380953,,0.20408163265306123,1.0,,0.425,,,,0.0,0.0,0.5,1.0,0.0,1.0,1.0
PAK,2015,46.5,,0.02494933,49,0.425,0.541,,,,1,1,1,0,0,2,0.0,1.0,100,,imputed,imputed,observed,observed,observed,missing,missing,missing,observed,observed,observed,observed,observed,observed,observed,missing,0.97505067,0.3850574712643678,,0.38571428571428573,1.0,,0.425,,,,0.0,0.0,0.5,0.0,0.0,0.5,0.955045782205881,1.0,0.25,,0.3333333333333333,1.0,,0.425,,,,0.0,0.0,0.5,0.0,0.0,0.5,0.9538889718275171
PAK,2018,51.0,,0.02828449,53,0.425,0.547,,,2.0,1,1,0,0,1,1,0.0,1.0,100,,observed,imputed,observed,observed,observed,missing,missing,carried_forward,observed,observed,observed,observed,observed,observed,observed,missing,0.97171551,0.4367816091954023,,0.44285714285714284,1.0,,0.425,,,1.0,0.0,0.0,0.0,0.0,1.0,0.0,0.9382933389403189,1.0,0.33783783783783783,,0.3684210526315789,1.0,,0.425,,,0.0,0.0,0.0,0.0,0.0,1.0,0.0,0.9780277420205197
PAN,2012,78.0,53.5,0.06504507,78,,0.463,,,,1,1,1,0,0,2,0.0,1.0,80,,observed,imputed,observed,observed,imputed,missing,missing,missing,observed,observed,observed,observed,observed,observed,observed,missing,0.93495493,0.7471264367816092,0.622923588039867,0.8,0.75,,,,,,0.0,0.0,0.5,0.0,0.0,0.5,0.7536456666070102,1.0,0.7066666666666667,0.5659655831739961,0.8153846153846154,0.75,,,,,,0.0,0.0,0.5,0.0,0.0,0.5,0.6946063125315193
PAN,2016,71.0,53.5,0.07093781,79,,0.492,,2.0,,1,1,0,1,0,3,0.0,1.0,80,,observed,imputed,observed,observed,imputed,missing,carried_forward,missing,observed,observed,observed,observed,observed,observed,observed,missing,0.92906219,0.6666666666666666,0.622923588039867,0.8142857142857143,0.75,,,,1.0,,0.0,0.0,0.0,0.5,0.0,1.0,0.7240465491647563,1.0,0.5972222222222222,0.6106346483704974,0.8484848484848485,0.75,,,,0.0,,0.0,0.0,0.0,1.0,0.0,1.0,0.6680554058145589
PAN,2021,76.0,53.5,0.09135711,83,,0.492,1.0,2.0,,1,1,1,0,0,2,0.0,1.0,80,,observed,observed,observed,observed,imputed,carried_forward,carried_forward,missing,observed,observed,observed,observed,observed,observed,observed,missing,0.90864289,0.7241379310344828,0.622923588039867,0.8714285714285714,0.75,,,0.0,1.0,,0.0,0.0,0.5,0.0,0.0,0.5,0.621480805760394,1.0,0.7,0.6260434056761268,0.8571428571428571,0.75,,,0.0,0.0,,0.0,0.0,0.5,0.0,0.0,0.5,0.6463346188894206
PER,2013,75.0,54.9,0.04723461,69,1.0,0.545,,,,1,1,1,1,0,3,0.0,1.0,60,,observed,imputed,observed,observed,imputed,missing,missing,missing,observed,observed,observed,observed,observed,observed,observed,missing,0.95276539,0.7126436781609196,0.6461794019933554,0.6714285714285714,0.5,,1.0,,,,0.0,0.0,0.5,0.5,0.0,1.0,0.8431072578600729,1.0,0.7023809523809523,0.5823529411764706,0.6530612244897959,0.5,,1.0,,,,0.0,0.0,0.5,1.0,0.0,1.0,0.8299906011449892
PER,2015,89.0,54.9,0.04921474,71,1.0,0.56,,,,1,1,1,0,0,2,0.0,1.0,60,,observed,imputed,observed,observed,imputed,missing,missing,missing,observed,observed,observed,observed,observed,observed,observed,missing,0.95078526,0.8735632183908046,0.6461794019933554,0.7,0.5,,1.0,,,,0.0,0.0,0.5,0.0,0.0,0.5,0.8331611037075168,1.0,0.8571428571428571,0.6420168067226891,0.6825396825396826,0.5,,1.0,,,,0.0,0.0,0.5,0.0,0.0,0.5,0.7883991736084475
PER,2021,39.0,54.9,0.06679214,68,1.0,0.571,,2.0,,1,1,1,0,0,2,0.0,1.0,60,,observed,observed,observed,observed,observed,missing,carried_forward,missing,observed,observed,observed,observed,observed,observed,observed,missing,0.93320786,0.2988505747126437,0.6461794019933554,0.6571428571428571,0.5,,1.0,,1.0,,0.0,0.0,0.5,0.0,0.0,0.5,0.7448701682633131,1.0,0.2375,0.6494156928213689,0.6190476190476191,0.5,,1.0,,0.0,,0.0,0.0,0.5,0.0,0.0,0.5,0.7746584799791546
PHL,2011,74.0,45.7,0.04025186,63,0.45,0.553,,,,1,1,0,1,0,3,0.0,1.0,100,,observed,imputed,observed,observed,imputed,missing,missing,missing,observed,observed,observed,observed,observed,observed,observed,missing,0.95974814,0.7011494252873564,0.49335548172757476,0.5857142857142857,1.0,,0.45,,,,0.0,0.0,0.0,0.5,0.0,1.0,0.878181474153325,1.0,0.7349397590361446,0.3592436974789916,0.639344262295082,1.0,,0.45,,,,0.0,0.0,0.0,1.0,0.0,1.0,0.8332038404002405
PHL,2012,75.0,45.7,0.04177092,64,0.45,0.563,,,,1,1,1,1,0,3,0.0,1.0,100,,observed,imputed,observed,observed,imputed,missing,missing,missing,observed,observed,observed,observed,observed,observed,observed,missing,0.95822908,0.7126436781609196,0.49335548172757476,0.6,1.0,,0.45,,,,0.0,0.0,0.5,0.5,0.0,1.0,0.8705512655675345,1.0,0.6666666666666666,0.41682600382409185,0.6,1.0,,0.45,,,,0.0,0.0,0.5,1.0,0.0,1.0,0.8627391049402938
PHL,2015,84.0,45.7,0.03898275,66,0.45,0.569,,,,1,1,1,0,0,2,0.0,1.0,100,,observed,imputed,observed,observed,imputed,missing,missing,missing,observed,observed,observed,observed,observed,observed,observed,missing,0.96101725,0.8160919540229885,0.49335548172757476,0.6285714285714286,1.0,,0.45,,,,0.0,0.0,0.5,0.0,0.0,0.5,0.8845561887915309,1.0,0.7857142857142857,0.4873949579831933,0.6031746031746031,1.0,,0.45,,,,0.0,0.0,0.5,0.0,0.0,0.5,0.8581812197588957
PHL,2017,81.0,45.7,0.03960428,68,0.45,0.578,,,,1,1,1,0,0,2,0.0,1.0,100,,observed,imputed,observed,observed,imputed,missing,missing,missing,observed,observed,observed,observed,observed,observed,observed,missing,0.96039572,0.7816091954022989,0.49335548172757476,0.6571428571428571,1.0,,0.45,,,,0.0,0.0,0.5,0.0,0.0,0.5,0.8814342557919608,1.0,0.7361111111111112,0.476843910806175,0.6779661016949152,1.0,,0.45,,,,0.0,0.0,1.0,0.0,0.0,0.5,0.8933741637219431
PHL,2018,70.5,45.7,0.03953819,67,0.45,0.575,,,,1,1,0,1,0,3,0.0,1.0,100,,imputed,imputed,observed,observed,observed,missing,missing,missing,observed,observed,observed,observed,observed,observed,observed,missing,0.96046181,0.6609195402298851,0.49335548172757476,0.6428571428571429,1.0,,0.45,,,,0.0,0.0,0.0,0.5,0.0,1.0,0.8817662245656991,1.0,0.6013513513513513,0.41682600382409185,0.6140350877192983,1.0,,0.45,,,,0.0,0.0,0.0,1.0,0.0,1.0,0.8981949824191575
PHL,2021,60.0,45.7,0.05975006,68,1.0,0.58,,,,1,1,1,0,0,2,0.0,1.0,100,,observed,observed,observed,observed,observed,missing,missing,missing,observed,observed,observed,observed,observed,observed,observed,missing,0.94024994,0.5402298850574713,0.49335548172757476,0.6571428571428571,1.0,,1.0,,,,0.0,0.0,0.5,0.0,0.0,0.5,0.7802423979828914,1.0,0.5,0.4958263772954925,0.6190476190476191,1.0,,1.0,,,,0.0,0.0,0.5,0.0,0.0,0.5,0.8114452904536956
PHL,2023,60.0,45.7,0.05975006,69,1.0,,2.0,,,1,1,1,0,0,2,0.0,1.0,100,100.0,imputed,imputed,imputed,observed,imputed,carried_forward,missing,missing,observed,observed,observed,observed,observed,observed,observed,observed,0.94024994,0.5402298850574713,0.49335548172757476,0.6714285714285714,1.0,1.0,1.0,1.0,,,0.0,0.0,0.5,0.0,0.0,0.5,0.7802423979828914,1.0,0.38461538461538464,0.4124513618677043,0.5833333333333334,1.0,1.0,1.0,1.0,,,0.0,0.0,1.0,0.0,0.0,0.5,0.7515423172009636
PNG,2011,47.0,,0.02293978,27,0.0,0.321,,,,1,1,1,0,0,2,0.0,1.0,100,,observed,imputed,observed,observed,imputed,missing,missing,missing,observed,observed,observed,observed,observed,observed,observed,missing,0.97706022,0.39080459770114945,,0.07142857142857142,1.0,,0.0,,,,0.0,0.0,0.5,0.0,0.0,0.5,0.9651397124414052,1.0,0.40963855421686746,,0.04918032786885246,1.0,,0.0,,,,0.0,0.0,1.0,0.0,0.0,0.5,0.9522686549775253
PNG,2015,47.0,,0.01818817,28,0.0,0.345,,,,1,1,1,1,0,3,0.0,1.0,100,,imputed,imputed,observed,observed,observed,missing,missing,missing,observed,observed,observed,observed,observed,observed,observed,missing,0.98181183,0.39080459770114945,,0.08571428571428572,1.0,,0.0,,,,0.0,0.0,0.5,0.5,0.0,1.0,0.9890069562753075,1.0,0.2571428571428571,,0.0,1.0,,0.0,,,,0.0,0.0,0.5,1.0,0.0,1.0,1.0
POL,2022,,,0.06396265,83,0.875,0.693,,1.0,,1,1,1,1,0,3,0.0,1.0,20,,imputed,imputed,observed,observed,observed,missing,carried_forward,missing,observed,observed,observed,observed,observed,observed,observed,missing,0.93603735,,,0.8714285714285714,0.0,,0.875,,0.0,,0.0,0.0,0.5,0.5,0.0,1.0,0.7590826410368757,1.0,,,0.8548387096774194,0.0,,0.875,,0.0,,0.0,0.0,0.5,1.0,0.0,1.0,0.7060926412001768
POL,2023,,,0.06396265,82,0.875,,,1.0,,1,1,1,1,0,3,0.0,1.0,20,20.0,imputed,imputed,imputed,observed,imputed,missing,carried_forward,missing,observed,observed,observed,observed,observed,observed,observed,observed,0.93603735,,,0.8571428571428571,0.0,0.0,0.875,,0.0,,0.0,0.0,0.5,0.5,0.0,1.0,0.7590826410368757,1.0,,,0.8541666666666666,0.0,0.0,0.875,,0.0,,0.0,0.0,1.0,1.0,0.0,1.0,0.7214510775112346
PRK,2011,39.0,,,73,,,,,,1,1,0,1,0,3,0.0,1.0,20,,observed,imputed,imputed,observed,imputed,missing,missing,missing,observed,observed,observed,observed,observed,observed,observed,missing,,0.2988505747126437,,0.7285714285714285,0.0,,,,,,0.0,0.0,0.0,0.5,0.0,1.0,,1.0,0.3132530120481928,,0.8032786885245902,0.0,,,,,,0.0,0.0,0.0,1.0,0.0,1.0,
PRK,2013,64.0,,,77,,,,,,1,1,1,0,0,2,0.0,1.0,20,,observed,imputed,imputed,observed,imputed,missing,missing,missing,observed,observed,observed,observed,observed,observed,observed,missing,,0.5862068965517241,,0.7857142857142857,0.0,,,,,,0.0,0.0,0.5,0.0,0.0,0.5,,1.0,0.5714285714285714,,0.8163265306122449,0.0,,,,,,0.0,0.0,0.5,0.0,0.0,0.5,
PRK,2017,67.0,,,80,,,1.0,,,1,1,0,1,0,3,0.0,1.0,20,,observed,imputed,imputed,observed,imputed,carried_forward,missing,missing,observed,observed,observed,observed,observed,observed,observed,missing,,0.6206896551724138,,0.8285714285714286,0.0,,,0.0,,,0.0,0.0,0.0,0.5,0.0,1.0,,1.0,0.5416666666666666,,0.8813559322033898,0.0,,,0.0,,,0.0,0.0,0.0,1.0,0.0,1.0,
PRK,2023,67.0,,,77,,,1.0,,,1,1,1,0,0,2,0.0,1.0,20,20.0,imputed,imputed,imputed,observed,imputed,carried_forward,missing,missing,observed,observed,observed,observed,observed,observed,observed,observed,,0.6206896551724138,,0.7857142857142857,0.0,0.0,,0.0,,,0.0,0.0,0.5,0.0,0.0,0.5,,1.0,0.49230769230769234,,0.75,0.0,0.0,,0.0,,,0.0,0.0,1.0,0.0,0.0,0.5,
PRT,2021,85.0,54.7,0.11123676,83,0.9,0.651,2.0,,,1,1,1,0,0,2,0.0,1.0,60,,observed,observed,observed,observed,observed,carried_forward,missing,missing,observed,observed,observed,observed,observed,observed,observed,missing,0.88876324,0.8275862068965517,0.6428571428571429,0.8714285714285714,0.5,,0.9,1.0,,,0.0,0.0,0.5,0.0,0.0,0.5,0.5216257137215616,1.0,0.8125,0.6460767946577629,0.8571428571428571,0.5,,0.9,1.0,,,0.0,0.0,0.5,0.0,0.0,0.5,0.5424861938714974
PRY,2011,83.0,39.8,0.05822258,70,,0.429,,,,1,1,1,0,0,2,0.0,1.0,20,,observed,imputed,observed,observed,imputed,missing,missing,missing,observed,observed,observed,observed,observed,observed,observed,missing,0.94177742,0.8045977011494253,0.39534883720930225,0.6857142857142857,0.0,,,,,,0.0,0.0,0.5,0.0,0.0,0.5,0.7879149000635355,1.0,0.8433734939759037,0.23529411764705874,0.7540983606557377,0.0,,,,,,0.0,0.0,1.0,0.0,0.0,0.5,0.7096091917722135
PRY,2012,60.0,39.8,0.06531446,69,,0.434,,,,1,1,0,1,0,3,0.0,1.0,20,,observed,imputed,observed,observed,imputed,missing,missing,missing,observed,observed,observed,observed,observed,observed,observed,missing,0.93468554,0.5402298850574713,0.39534883720930225,0.6714285714285714,0.0,,,,,,0.0,0.0,0.0,0.5,0.0,1.0,0.7522925259207137,1.0,0.4666666666666667,0.3040152963671128,0.676923076923077,0.0,,,,,,0.0,0.0,0.0,1.0,0.0,1.0,0.6926602353193768
PRY,2019,65.0,39.8,0.07160819,77,,0.452,2.0,2.0,,1,1,1,1,0,3,0.0,1.0,20,,observed,observed,observed,observed,imputed,carried_forward,carried_forward,missing,observed,observed,observed,observed,observed,observed,observed,missing,0.92839181,0.5977011494252874,0.39534883720930225,0.7857142857142857,0.0,,,1.0,1.0,,0.0,0.0,0.5,0.5,0.0,1.0,0.7206792435733103,1.0,0.5,0.3756432246998284,0.8166666666666667,0.0,,,1.0,0.0,,0.0,0.0,0.5,1.0,0.0,1.0,0.6565308916844003
PRY,2021,56.0,40.3,0.0803277,79,,0.446,2.0,2.0,,1,2,2,1,0,3,0.0,1.0,20,,observed,observed,observed,observed,imputed,carried_forward,carried_forward,missing,observed,observed,observed,observed,observed,observed,observed,missing,0.9196723,0.4942528735632184,0.4036544850498338,0.8142857142857143,0.0,,,1.0,1.0,,0.0,0.5,1.0,0.5,0.0,1.0,0.6768813158641442,1.0,0.45,0.40567612687813015,0.7936507936507936,0.0,,,1.0,0.0,,0.0,0.5,1.0,0.5,0.0,1.0,0.703950666323703
QAT,2011,84.0,48.7,0.01599962,82,1.0,0.623,,,,1,1,1,0,0,2,0.0,1.0,60,,observed,imputed,observed,observed,imputed,missing,missing,missing,observed,observed,observed,observed,observed,observed,observed,missing,0.98400038,0.8160919540229885,0.5431893687707642,0.8571428571428571,0.5,,1.0,,,,0.0,0.0,0.5,0.0,0.0,0.5,1.0,1.0,0.8554216867469879,0.4222689075630252,0.9508196721311475,0.5,,1.0,,,,0.0,0.0,1.0,0.0,0.0,0.5,1.0
QAT,2017,76.0,48.7,0.03212371,80,1.0,0.641,,,,1,1,1,1,0,3,0.0,1.0,60,,observed,imputed,observed,observed,observed,missing,missing,missing,observed,observed,observed,observed,observed,observed,observed,missing,0.96787629,0.7241379310344828,0.5431893687707642,0.8285714285714286,0.5,,1.0,,,,0.0,0.0,0.5,0.5,0.0,1.0,0.9190090121811794,1.0,0.6666666666666666,0.5283018867924528,0.8813559322033898,0.5,,1.0,,,,0.0,0.0,1.0,1.0,0.0,1.0,0.9456149699009732
QAT,2021,92.0,48.7,0.02892793,84,1.0,0.646,,,,1,1,0,1,0,3,0.0,1.0,60,,observed,observed,observed,observed,observed,missing,missing,missing,observed,observed,observed,observed,observed,observed,observed,missing,0.97107207,0.9080459770114943,0.5431893687707642,0.8857142857142857,0.5,,1.0,,,,0.0,0.0,0.0,0.5,0.0,1.0,0.9350613524404826,1.0,0.9,0.5459098497495827,0.873015873015873,0.5,,1.0,,,,0.0,0.0,0.0,0.5,0.0,1.0,0.9724556531209295
QAT,2023,92.0,48.7,0.02892793,84,1.0,,,,,1,1,1,0,0,2,0.0,1.0,60,60.0,imputed,imputed,imputed,observed,imputed,missing,missing,missing,observed,observed,observed,observed,observed,observed,observed,observed,0.97107207,0.9080459770114943,0.5431893687707642,0.8857142857142857,0.5,0.5,1.0,,,,0.0,0.0,0.5,0.0,0.0,0.5,0.9350613524404826,1.0,0.8769230769230769,0.4708171206225681,0.8958333333333334,0.5,0.5,1.0,,,,0.0,0.0,1.0,0.0,0.0,0.5,0.9717099816492003
ROU,2018,72.0,45.5,0.05518009,76,0.0,0.61,,,,1,1,1,0,0,2,0.0,1.0,20,,observed,imputed,observed,observed,imputed,missing,missing,missing,observed,observed,observed,observed,observed,observed,observed,missing,0.94481991,0.6781609195402298,0.4900332225913621,0.7714285714285715,0.0,,0.0,,,,0.0,0.0,0.5,0.0,0.0,0.5,0.803197267659405,1.0,0.6216216216216216,0.4130019120458891,0.7719298245614035,0.0,,0.0,,,,0.0,0.0,0.5,0.0,0.0,0.5,0.787232717350021
ROU,2019,67.0,45.5,0.05714215,76,0.0,0.619,,,,1,1,1,0,0,2,0.0,1.0,20,,observed,observed,observed,observed,observed,missing,missing,missing,observed,observed,observed,observed,observed,observed,observed,missing,0.94285785,0.6206896551724138,0.4900332225913621,0.7714285714285715,0.0,,0.0,,,,0.0,0.0,0.5,0.0,0.0,0.5,0.793341878762432,1.0,0.5294117647058824,0.4734133790737564,0.8,0.0,,0.0,,,,0.0,0.0,0.5,0.0,0.0,0.5,0.7564989788301262
RUS,2010,96.0,47.1,0.04971118,75,0.725,0.768,,,,1,1,1,0,0,2,0.0,1.0,40,,imputed,imputed,observed,observed,imputed,missing,missing,missing,observed,observed,observed,observed,observed,observed,observed,missing,0.95028882,0.9540229885057471,0.5166112956810631,0.7571428571428571,0.25,,0.725,,,,0.0,0.0,0.5,0.0,0.0,0.5,0.8306674953244845,1.0,0.9571428571428572,0.42829076620825146,0.8548387096774194,0.25,,0.725,,,,0.0,0.0,0.5,0.0,0.0,0.5,0.7954140089659957
RUS,2011,96.0,47.1,0.04794915,75,0.725,0.776,,,,1,1,1,0,0,2,0.0,1.0,40,,observed,imputed,observed,observed,imputed,missing,missing,missing,observed,observed,observed,observed,observed,observed,observed,missing,0.95205085,0.9540229885057471,0.5166112956810631,0.7571428571428571,0.25,,0.725,,,,0.0,0.0,0.5,0.0,0.0,0.5,0.8395181374547624,1.0,1.0,0.38865546218487396,0.8360655737704918,0.25,,0.725,,,,0.0,0.0,1.0,0.0,0.0,0.5,0.7802652907518112
RUS,2012,91.0,47.1,0.04936376,75,0.725,0.783,,,,1,1,1,0,0,2,0.0,1.0,40,,imputed,imputed,observed,observed,imputed,missing,missing,missing,observed,observed,observed,observed,observed,observed,observed,missing,0.95063624,0.896551724137931,0.5166112956810631,0.7571428571428571,0.25,,0.725,,,,0.0,0.0,0.5,0.0,0.0,0.5,0.8324125791703333,1.0,0.88,0.4435946462715105,0.7692307692307693,0.25,,0.725,,,,0.0,0.0,0.5,0.0,0.0,0.5,0.807888320206457
RUS,2013,86.0,47.1,0.05081049,76,0.725,0.785,,,,1,1,1,0,0,2,0.0,1.0,40,,imputed,imputed,observed,observed,imputed,missing,missing,missing,observed,observed,observed,observed,observed,observed,observed,missing,0.94918951,0.8390804597701149,0.5166112956810631,0.7714285714285715,0.25,,0.725,,,,0.0,0.0,0.5,0.0,0.0,0.5,0.8251456827558921,1.0,0.8333333333333334,0.4294117647058824,0.7959183673469388,0.25,,0.725,,,,0.0,0.0,0.5,0.0,0.0,0.5,0.803638729060207
RUS,2014,81.0,47.1,0.05182096,76,0.725,0.781,,,,1,2,2,0,0,2,0.0,1.0,40,,observed,imputed,observed,observed,imputed,missing,missing,missing,observed,observed,observed,observed,observed,observed,observed,missing,0.94817904,0.7816091954022989,0.5166112956810631,0.7714285714285715,0.25,,0.725,,,,0.0,0.5,1.0,0.0,0.0,0.5,0.8200701117648296,1.0,0.7682926829268293,0.4435946462715105,0.7796610169491526,0.25,,0.725,,,,0.0,1.0,1.0,0.0,0.0,0.5,0.774349653020767
RUS,2015,81.0,47.1,0.05296044,76,0.725,0.757,,,,1,1,1,0,0,2,0.0,1.0,40,,observed,imputed,observed,observed,observed,missing,missing,missing,observed,observed,observed,observed,observed,observed,observed,missing,0.94703956,0.7816091954022989,0.5166112956810631,0.7714285714285715,0.25,,0.725,,,,0.0,0.0,0.5,0.0,0.0,0.5,0.8143465260741154,1.0,0.7428571428571429,0.5109243697478992,0.7619047619047619,0.25,,0.725,,,,0.0,0.0,0.5,0.0,0.0,0.5,0.7628535456059055
RUS,2016,98.0,47.1,0.05289702,78,0.75,0.746,,,,1,1,1,0,0,2,0.0,1.0,40,,observed,imputed,observed,observed,observed,missing,missing,missing,observed,observed,observed,observed,observed,observed,observed,missing,0.94710298,0.9770114942528736,0.5166112956810631,0.8,0.25,,0.75,,,,0.0,0.0,0.5,0.0,0.0,0.5,0.8146650834902222,1.0,0.9722222222222222,0.5008576329331046,0.8333333333333334,0.25,,0.75,,,,0.0,0.0,0.5,0.0,0.0,0.5,0.7923391778823157
RUS,2017,99.0,47.1,0.05358898,78,0.775,0.748,,,,1,1,0,1,0,3,0.0,1.0,40,,imputed,imputed,observed,observed,observed,missing,missing,missing,observed,observed,observed,observed,observed,observed,observed,missing,0.94641102,0.9885057471264368,0.5166112956810631,0.8,0.25,,0.775,,,,0.0,0.0,0.0,0.5,0.0,1.0,0.8111893819820368,1.0,0.9861111111111112,0.5008576329331046,0.847457627118644,0.25,,0.775,,,,0.0,0.0,0.0,1.0,0.0,1.0,0.7957115521600066
RUS,2018,100.0,47.1,0.05355208,79,0.8,0.751,,,,1,1,1,0,0,2,0.0,1.0,40,,observed,imputed,observed,observed,observed,missing,missing,missing,observed,observed,observed,observed,observed,observed,observed,missing,0.94644792,1.0,0.5166112956810631,0.8142857142857143,0.25,,0.8,,,,0.0,0.0,0.5,0.0,0.0,0.5,0.8113747299582956,1.0,1.0,0.4435946462715105,0.8245614035087719,0.25,,0.8,,,,0.0,0.0,0.5,0.0,0.0,0.5,0.7987816773328368
RUS,2019,99.0,47.1,0.05648491,79,0.825,0.756,,,,1,1,1,0,0,2,0.0,1.0,40,,observed,observed,observed,observed,observed,missing,missing,missing,observed,observed,observed,observed,observed,observed,observed,missing,0.94351509,0.9885057471264368,0.5166112956810631,0.8142857142857143,0.25,,0.825,,,,0.0,0.0,0.5,0.0,0.0,0.5,0.7966431823916007,1.0,1.0,0.5008576329331046,0.85,0.25,,0.825,,,,0.0,0.0,0.5,0.0,0.0,0.5,0.7610408593721167
RUS,2020,100.0,48.1,0.0804076,80,0.825,0.751,2.0,,,1,2,2,0,0,2,0.0,1.0,40,,observed,imputed,observed,observed,observed,carried_forward,missing,missing,observed,observed,observed,observed,observed,observed,observed,missing,0.9195924,1.0,0.5332225913621262,0.8285714285714286,0.25,,0.825,1.0,,,0.0,0.5,1.0,0.0,0.0,0.5,0.6764799797312694,1.0,1.0,0.4640460210930009,0.8064516129032258,0.25,,0.8157894736842105,0.0,,,0.0,1.0,1.0,0.0,0.0,0.5,0.6532359014197403
RUS,2021,100.0,49.1,0.06975843,80,0.85,0.755,2.0,,,1,1,1,0,0,2,0.0,1.0,40,,observed,observed,observed,observed,observed,carried_forward,missing,missing,observed,observed,observed,observed,observed,observed,observed,missing,0.93024157,1.0,0.5498338870431894,0.8285714285714286,0.25,,0.85,1.0,,,0.0,0.0,0.5,0.0,0.0,0.5,0.7299705517728884,1.0,1.0,0.5525876460767947,0.8095238095238095,0.25,,0.85,1.0,,,0.0,0.0,0.5,0.0,0.0,0.5,0.7591630087487045
RWA,2010,35.0,33.1,0.08081929,44,,0.276,,,,1,1,0,1,0,3,0.0,1.0,80,,imputed,imputed,observed,observed,imputed,missing,missing,missing,observed,observed,observed,observed,observed,observed,observed,missing,0.91918071,0.25287356321839083,0.28405315614617943,0.3142857142857143,0.75,,,,,,0.0,0.0,0.0,0.5,0.0,1.0,0.6744120689359856,1.0,0.08571428571428572,0.15324165029469547,0.3548387096774194,0.75,,,,,,0.0,0.0,0.0,1.0,0.0,1.0,0.575000883902537
RWA,2013,35.0,33.1,0.06773981,50,,0.286,,,,1,1,1,0,0,2,0.0,1.0,80,,observed,imputed,observed,observed,imputed,missing,missing,missing,observed,observed,observed,observed,observed,observed,observed,missing,0.93226019,0.25287356321839083,0.28405315614617943,0.4,0.75,,,,,,0.0,0.0,0.5,0.0,0.0,0.5,0.7401100404405176,1.0,0.2261904761904762,0.15490196078431376,0.2653061224489796,0.75,,,,,,0.0,0.0,0.5,0.0,0.0,0.5,0.6788808302710048
RWA,2017,66.0,33.1,0.06366531,56,,0.289,,2.0,,1,1,1,0,0,2,0.0,1.0,80,,observed,imputed,observed,observed,imputed,missing,carried_forward,missing,observed,observed,observed,observed,observed,observed,observed,missing,0.93633469,0.6091954022988506,0.28405315614617943,0.4857142857142857,0.75,,,,1.0,,0.0,0.0,0.5,0.0,0.0,0.5,0.760576174024973,1.0,0.5277777777777778,0.26072041166380794,0.4745762711864407,0.75,,,,0.0,,0.0,0.0,1.0,0.0,0.0,0.5,0.725343170803246
RWA,2021,67.0,33.1,0.07303784,55,,0.304,,2.0,,1,1,1,0,0,2,0.0,1.0,80,,observed,observed,observed,observed,imputed,missing,carried_forward,missing,observed,observed,observed,observed,observed,observed,observed,missing,0.92696216,0.6206896551724138,0.28405315614617943,0.4714285714285714,0.75,,,,1.0,,0.0,0.0,0.5,0.0,0.0,0.5,0.7134981396638691,1.0,0.5875,0.2854757929883138,0.4126984126984127,0.75,,,,0.0,,0.0,0.0,0.5,0.0,0.0,0.5,0.7420318437891591
RWA,2022,67.0,33.1,0.07879212,58,,0.306,,2.0,,1,1,0,0,1,1,0.0,1.0,80,,imputed,imputed,observed,observed,imputed,missing,carried_forward,missing,observed,observed,observed,observed,observed,observed,observed,missing,0.92120788,0.6206896551724138,0.28405315614617943,0.5142857142857142,0.75,,,,1.0,,0.0,0.0,0.0,0.0,1.0,0.0,0.6845945040859182,1.0,0.5,0.2854757929883138,0.45161290322580644,0.75,,,,1.0,,0.0,0.0,0.0,0.0,1.0,0.0,0.6024182923602278
SAU,2013,100.0,,0.04422935,82,,0.743,,,,1,1,1,0,0,2,0.0,1.0,100,,observed,imputed,observed,observed,imputed,missing,missing,missing,observed,observed,observed,observed,observed,observed,observed,missing,0.95577065,1.0,,0.8571428571428571,1.0,,,,,,0.0,0.0,0.5,0.0,0.0,0.5,0.8582026198961562,1.0,1.0,,0.9183673469387755,1.0,,,,,,0.0,0.0,0.5,0.0,0.0,0.5,0.8521373809870172
SAU,2022,100.0,,0.04624624,82,,0.739,2.0,,2.0,1,1,1,0,0,2,0.0,1.0,100,,imputed,imputed,observed,observed,imputed,carried_forward,missing,carried_forward,observed,observed,observed,observed,observed,observed,observed,missing,0.95375376,1.0,,0.8571428571428571,1.0,,,1.0,,1.0,0.0,0.0,0.5,0.0,0.0,0.5,0.8480718209845955,1.0,1.0,,0.8387096774193549,1.0,,,1.0,,1.0,0.0,0.0,0.5,0.0,0.0,0.5,0.8299498842797717
SAU,2023,100.0,,0.04624624,83,,,2.0,,2.0,1,1,0,1,0,3,0.0,1.0,100,100.0,imputed,imputed,imputed,observed,imputed,carried_forward,missing,carried_forward,observed,observed,observed,observed,observed,observed,observed,observed,0.95375376,1.0,,0.8714285714285714,1.0,1.0,,1.0,,1.0,0.0,0.0,0.0,0.5,0.0,1.0,0.8480718209845955,1.0,1.0,,0.875,1.0,1.0,,1.0,,1.0,0.0,0.0,0.0,1.0,0.0,1.0,0.8480023772464375
SDN,2015,65.0,,0.05811126,45,0.225,0.411,,,,1,1,1,1,0,3,0.0,1.0,20,,imputed,imputed,observed,observed,observed,missing,missing,missing,observed,observed,observed,observed,observed,observed,observed,missing,0.94188874,0.5977011494252874,,0.32857142857142857,0.0,,0.225,,,,0.0,0.0,0.5,0.5,0.0,1.0,0.7884740582401516,1.0,0.5142857142857142,,0.2698412698412698,0.0,,0.225,,,,0.0,0.0,0.5,1.0,0.0,1.0,0.7277250164583351
SDN,2018,65.0,,0.04463583,47,0.2,0.361,,2.0,,1,1,1,0,0,2,1.0,0.0,20,,observed,imputed,observed,observed,observed,missing,carried_forward,missing,observed,observed,observed,observed,observed,observed,observed,missing,0.95536417,0.5977011494252874,,0.35714285714285715,0.0,,0.2,,1.0,,0.0,0.0,0.5,0.0,0.0,0.5,0.856160878828685,0.0,0.527027027027027,,0.2631578947368421,0.0,,0.2,,0.0,,0.0,0.0,0.5,0.0,0.0,0.5,0.8620327718880177
SDN,2020,53.0,,0.03009654,47,0.2,0.338,,2.0,,1,2,0,1,1,3,0.0,1.0,20,,observed,imputed,observed,observed,imputed,missing,carried_forward,missing,observed,observed,observed,observed,observed,observed,observed,missing,0.96990346,0.45977011494252873,,0.35714285714285715,0.0,,0.2,,1.0,,0.0,0.5,0.0,0.5,1.0,1.0,0.9291914473311125,1.0,0.3188405797101449,,0.27419354838709675,0.0,,0.15789473684210528,,0.0,,0.0,1.0,0.0,0.5,1.0,1.0,0.9583183983912651
SDN,2022,53.0,,0.04618744,48,0.2,0.342,,2.0,,1,1,0,0,1,1,0.0,1.0,20,,imputed,imputed,observed,observed,imputed,missing,carried_forward,missing,observed,observed,observed,observed,observed,observed,observed,missing,0.95381256,0.45977011494252873,,0.37142857142857144,0.0,,0.2,,1.0,,0.0,0.0,0.0,0.0,1.0,0.0,0.848367172231317,1.0,0.2878787878787879,,0.2903225806451613,0.0,,0.2,,1.0,,0.0,0.0,0.0,0.0,1.0,0.0,0.8303609611228275
SDN,2023,53.0,,0.04618744,48,0.2,,,2.0,,1,1,0,0,1,1,0.0,1.0,20,20.0,imputed,imputed,imputed,observed,imputed,missing,carried_forward,missing,observed,observed,observed,observed,observed,observed,observed,observed,0.95381256,0.45977011494252873,,0.37142857142857144,0.0,0.0,0.2,,1.0,,0.0,0.0,0.0,0.0,1.0,0.0,0.848367172231317,1.0,0.27692307692307694,,0.14583333333333334,0.0,0.0,0.2,,1.0,,0.0,0.0,0.0,0.0,1.0,0.0,0.848422395547235
SEN,2011,30.0,35.9,0.04214167,40,,0.373,,,,1,1,1,0,0,2,0.0,1.0,60,,observed,imputed,observed,observed,imputed,missing,missing,missing,observed,observed,observed,observed,observed,observed,observed,missing,0.95785833,0.19540229885057472,0.3305647840531561,0.2571428571428571,0.5,,,,,,0.0,0.0,0.5,0.0,0.0,0.5,0.8686889955892706,1.0,0.20481927710843373,0.15336134453781505,0.26229508196721313,0.5,,,,,,0.0,0.0,1.0,0.0,0.0,0.5,0.8202065646692888
SEN,2015,42.0,35.9,0.04377896,42,,0.366,,,,1,1,0,1,0,3,0.0,1.0,60,,imputed,imputed,observed,observed,imputed,missing,missing,missing,observed,observed,observed,observed,observed,observed,observed,missing,0.95622104,0.3333333333333333,0.3305647840531561,0.2857142857142857,0.5,,,,,,0.0,0.0,0.0,0.5,0.0,1.0,0.860464920032394,1.0,0.18571428571428572,0.32268907563025206,0.2222222222222222,0.5,,,,,,0.0,0.0,0.0,1.0,0.0,1.0,0.8254711264566892
SEN,2019,54.0,35.9,0.0449531,50,,0.382,2.0,,,1,1,0,1,0,3,1.0,0.0,60,,observed,observed,observed,observed,imputed,carried_forward,missing,missing,observed,observed,observed,observed,observed,observed,observed,missing,0.9550469,0.47126436781609193,0.3305647840531561,0.4,0.5,,,1.0,,,0.0,0.0,0.0,0.5,0.0,1.0,0.8545672378414868,0.0,0.3382352941176471,0.30874785591766724,0.36666666666666664,0.5,,,1.0,,,0.0,0.0,0.0,1.0,0.0,1.0,0.8407318450895598
SEN,2022,54.0,35.9,0.04063584,49,,0.394,2.0,,,1,1,1,0,0,2,0.0,1.0,60,,imputed,imputed,observed,observed,imputed,carried_forward,missing,missing,observed,observed,observed,observed,observed,observed,observed,missing,0.95936416,0.47126436781609193,0.3305647840531561,0.38571428571428573,0.5,,,1.0,,,0.0,0.0,0.5,0.0,0.0,0.5,0.8762527501445488,1.0,0.30303030303030304,0.33222036727879795,0.3064516129032258,0.5,,,1.0,,,0.0,0.0,0.5,0.0,0.0,0.5,0.8691727672777244
SGP,2019,92.0,55.8,0.04352992,88,,0.689,,,,4,1,1,0,0,2,0.0,1.0,20,,observed,observed,observed,observed,imputed,missing,missing,missing,observed,observed,observed,observed,observed,observed,observed,missing,0.95647008,0.9080459770114943,0.6611295681063122,0.9428571428571428,0.0,,,,,,0.5,0.0,0.5,0.0,0.0,0.5,0.8617158430678274,1.0,0.8970588235294118,0.6500857632933104,1.0,0.0,,,,,,0.5,0.0,0.5,0.0,0.0,0.5,0.8505667814138096
SGP,2021,94.0,57.4,0.05166908,88,,0.691,,,,4,1,1,0,0,2,0.0,1.0,20,,observed,observed,observed,observed,imputed,missing,missing,missing,observed,observed,observed,observed,observed,observed,observed,missing,0.94833092,0.9310344827586207,0.6877076411960132,0.9428571428571428,0.0,,,,,,0.5,0.0,0.5,0.0,0.0,0.5,0.8208330020259185,1.0,0.925,0.691151919866444,0.9365079365079365,0.0,,,,,,0.5,0.0,0.5,0.0,0.0,0.5,0.8536591647221731
SLB,2012,32.0,,0.04877603,42,,0.199,,,,4,1,0,1,0,3,0.0,1.0,100,,observed,imputed,observed,observed,imputed,missing,missing,missing,observed,observed,observed,observed,observed,observed,observed,missing,0.95122397,0.21839080459770116,,0.2857142857142857,1.0,,,,,,0.5,0.0,0.0,0.5,0.0,1.0,0.8353647354328422,1.0,0.09333333333333334,,0.26153846153846155,1.0,,,,,,0.5,0.0,0.0,1.0,0.0,1.0,0.8121340901307038
SLB,2013,48.0,,0.04581572,44,,0.204,,,,4,1,1,1,0,3,0.0,1.0,100,,observed,imputed,observed,observed,imputed,missing,missing,missing,observed,observed,observed,observed,observed,observed,observed,missing,0.95418428,0.40229885057471265,,0.3142857142857143,1.0,,,,,,0.5,0.0,0.5,0.5,0.0,1.0,0.8502343145005558,1.0,0.38095238095238093,,0.14285714285714285,1.0,,,,,,0.5,0.0,0.5,1.0,0.0,1.0,0.84044688261483
SLE,2010,58.0,34.1,0.09126884,31,,0.207,,,,1,1,1,1,0,3,0.0,1.0,80,,imputed,imputed,observed,observed,imputed,missing,missing,missing,observed,observed,observed,observed,observed,observed,observed,missing,0.90873116,0.5172413793103449,0.30066445182724255,0.12857142857142856,0.75,,,,,,0.0,0.0,0.5,0.5,0.0,1.0,0.621924184239103,1.0,0.4142857142857143,0.17288801571709234,0.14516129032258066,0.75,,,,,,0.0,0.0,0.5,1.0,0.0,1.0,0.500961735558042
SLE,2011,58.0,34.1,0.10767538,36,,0.22,,,,1,1,1,0,0,2,0.0,1.0,80,,observed,imputed,observed,observed,imputed,missing,missing,missing,observed,observed,observed,observed,observed,observed,observed,missing,0.89232462,0.5172413793103449,0.30066445182724255,0.2,0.75,,,,,,0.0,0.0,0.5,0.0,0.0,0.5,0.5395144556101392,1.0,0.5421686746987951,0.11554621848739495,0.19672131147540983,0.75,,,,,,0.0,0.0,1.0,0.0,0.0,0.5,0.36949474785054
SLE,2019,40.0,34.1,0.09129927,42,,0.21,,,,1,1,0,0,1,1,0.0,1.0,80,,observed,observed,observed,observed,imputed,missing,missing,missing,observed,observed,observed,observed,observed,observed,observed,missing,0.90870073,0.3103448275862069,0.30066445182724255,0.2857142857142857,0.75,,,,,,0.0,0.0,0.0,0.0,1.0,0.0,0.6217713349459442,1.0,0.1323529411764706,0.27787307032590053,0.23333333333333334,0.75,,,,,,0.0,0.0,0.0,0.0,1.0,0.0,0.5204549786194927
SLE,2020,49.0,34.1,0.09325887,41,,0.213,,,,1,2,1,0,1,2,0.0,1.0,80,,observed,imputed,observed,observed,imputed,missing,missing,missing,observed,observed,observed,observed,observed,observed,observed,missing,0.90674113,0.41379310344827586,0.30066445182724255,0.2714285714285714,0.75,,,,,,0.0,0.5,0.5,0.0,1.0,0.5,0.611928302580722,1.0,0.2608695652173913,0.1955896452540748,0.1774193548387097,0.75,,,,,,0.0,1.0,0.5,0.0,1.0,0.5,0.5753067633563557
SLV,2010,75.0,,0.08904162,75,,,,,,1,1,0,1,0,3,0.0,1.0,60,,imputed,imputed,observed,observed,imputed,missing,missing,missing,observed,observed,observed,observed,observed,observed,observed,missing,0.91095838,0.7126436781609196,,0.7571428571428571,0.5,,,,,,0.0,0.0,0.0,0.5,0.0,1.0,0.6331114666153382,1.0,0.6571428571428571,,0.8548387096774194,0.5,,,,,,0.0,0.0,0.0,1.0,0.0,1.0,0.5167424602759316
SLV,2018,75.0,,0.08322752,78,,,,,,1,1,1,1,0,3,0.0,1.0,60,,observed,imputed,observed,observed,imputed,missing,missing,missing,observed,observed,observed,observed,observed,observed,observed,missing,0.91677248,0.7126436781609196,,0.8,0.5,,,,,,0.0,0.0,0.5,0.5,0.0,1.0,0.6623155768800049,1.0,0.6621621621621622,,0.8070175438596491,0.5,,,,,,0.0,0.0,0.5,1.0,0.0,1.0,0.5882667118028655
SLV,2022,75.0,,0.09840797,79,,,2.0,,,1,1,1,0,0,2,0.0,1.0,60,,imputed,imputed,observed,observed,imputed,carried_forward,missing,missing,observed,observed,observed,observed,observed,observed,observed,missing,0.90159203,0.7126436781609196,,0.8142857142857143,0.5,,,1.0,,,0.0,0.0,0.5,0.0,0.0,0.5,0.5860644742730228,1.0,0.6212121212121212,,0.7903225806451613,0.5,,,1.0,,,0.0,0.0,0.5,0.0,0.0,0.5,0.46528186902937996
SLV,2023,75.0,,0.09840797,79,,,2.0,,,1,1,1,1,0,3,0.0,1.0,60,60.0,imputed,imputed,imputed,observed,imputed,carried_forward,missing,missing,observed,observed,observed,observed,observed,observed,observed,observed,0.90159203,0.7126436781609196,,0.8142857142857143,0.5,0.5,,1.0,,,0.0,0.0,0.5,0.5,0.0,1.0,0.5860644742730228,1.0,0.6153846153846154,,0.7916666666666666,0.5,0.5,,1.0,,,0.0,0.0,1.0,1.0,0.0,1.0,0.47540235681697574
SMR,2015,33.0,,0.08433153,77,,,,,,4,1,0,1,0,3,0.0,1.0,20,,imputed,imputed,observed,observed,imputed,missing,missing,missing,observed,observed,observed,observed,observed,observed,observed,missing,0.91566847,0.22988505747126436,,0.7857142857142857,0.0,,,,,,0.5,0.0,0.0,0.5,0.0,1.0,0.6567701563035966,1.0,0.05714285714285714,,0.7777777777777778,0.0,,,,,,0.5,0.0,0.0,1.0,0.0,1.0,0.5489030970450829
SMR,2020,33.0,,0.08481474,74,,,,,,4,1,0,1,0,3,0.0,1.0,20,,observed,imputed,observed,observed,imputed,missing,missing,missing,observed,observed,observed,observed,observed,observed,observed,missing,0.91518526,0.22988505747126436,,0.7428571428571429,0.0,,,,,,0.5,0.0,0.0,0.5,0.0,1.0,0.6543430019510763,1.0,0.028985507246376812,,0.7096774193548387,0.0,,,,,,0.5,0.0,0.0,0.5,0.0,1.0,0.6265113347796601
SOM,2016,28.0,17.9,0.02275338,26,0.75,0.193,,2.0,,1,1,1,0,0,2,0.0,1.0,40,,imputed,imputed,observed,observed,imputed,missing,carried_forward,missing,observed,observed,observed,observed,observed,observed,observed,missing,0.97724662,0.1724137931034483,0.03156146179401991,0.05714285714285714,0.25,,0.75,,1.0,,0.0,0.0,0.5,0.0,0.0,0.5,0.9660759959854329,1.0,0.0,0.0,0.045454545454545456,0.25,,0.75,,0.0,,0.0,0.0,0.5,0.0,0.0,0.5,1.0
SOM,2017,28.0,17.9,0.0243361,28,0.75,0.195,,2.0,,1,1,0,1,0,3,0.0,1.0,40,,observed,imputed,observed,observed,observed,missing,carried_forward,missing,observed,observed,observed,observed,observed,observed,observed,missing,0.9756639,0.1724137931034483,0.03156146179401991,0.08571428571428572,0.25,,0.75,,1.0,,0.0,0.0,0.0,0.5,0.0,1.0,0.9581260244682436,1.0,0.0,0.0,0.0,0.25,,0.75,,0.0,,0.0,0.0,0.0,1.0,0.0,1.0,1.0
SOM,2019,31.0,17.9,0.02190595,28,0.75,0.207,,2.0,,1,1,1,0,0,2,0.0,1.0,40,,imputed,observed,observed,observed,imputed,missing,carried_forward,missing,observed,observed,observed,observed,observed,observed,observed,missing,0.97809405,0.20689655172413793,0.03156146179401991,0.08571428571428572,0.25,,0.75,,1.0,,0.0,0.0,0.5,0.0,0.0,0.5,0.9703326202542946,1.0,0.0,0.0,0.0,0.25,,0.75,,0.0,,0.0,0.0,0.5,0.0,0.0,0.5,1.0
SOM,2021,34.0,16.0,0.0256882,29,0.75,0.222,2.0,2.0,,1,1,1,0,0,2,0.0,1.0,40,,observed,observed,observed,observed,imputed,carried_forward,carried_forward,missing,observed,observed,observed,observed,observed,observed,observed,missing,0.9743118,0.2413793103448276,0.0,0.1,0.25,,0.75,1.0,1.0,,0.0,0.0,0.5,0.0,0.0,0.5,0.9513344526877688,1.0,0.175,0.0,0.0,0.25,,0.75,1.0,0.0,,0.0,0.0,0.5,0.0,0.0,0.5,0.9893795354822043
SOM,2022,34.0,16.0,0.02621832,30,0.75,0.222,2.0,2.0,,1,1,1,0,0,2,0.0,1.0,40,,imputed,imputed,observed,observed,imputed,carried_forward,carried_forward,missing,observed,observed,observed,observed,observed,observed,observed,missing,0.97378168,0.2413793103448276,0.0,0.11428571428571428,0.25,,0.75,1.0,1.0,,0.0,0.0,0.5,0.0,0.0,0.5,0.9486716703253217,1.0,0.0,0.0,0.0,0.25,,0.75,1.0,1.0,,0.0,0.0,0.5,0.0,0.0,0.5,0.9699671313303126
SRB,2023,,,,73,,,,,1.0,1,1,1,0,0,2,0.0,1.0,20,20.0,imputed,imputed,imputed,observed,imputed,missing,missing,carried_forward,observed,observed,observed,observed,observed,observed,observed,observed,,,,0.7285714285714285,0.0,0.0,,,,0.0,0.0,0.0,0.5,0.0,0.0,0.5,,1.0,,,0.6666666666666666,0.0,0.0,,,,0.0,0.0,0.0,1.0,0.0,0.0,0.5,
SSD,2015,49.0,,,31,,0.297,,,,1,1,1,0,0,2,0.0,1.0,100,,observed,imputed,imputed,observed,imputed,missing,missing,missing,observed,observed,observed,observed,observed,observed,observed,missing,,0.41379310344827586,,0.12857142857142856,1.0,,,,,,0.0,0.0,0.5,0.0,0.0,0.5,,1.0,0.2857142857142857,,0.047619047619047616,1.0,,,,,,0.0,0.0,0.5,0.0,0.0,0.5,
STP,2013,16.0,,0.08940609,51,,0.124,,,,1,1,1,0,0,2,0.0,1.0,40,,observed,imputed,observed,observed,imputed,missing,missing,missing,observed,observed,observed,observed,observed,observed,observed,missing,0.91059391,0.034482758620689655,,0.4142857142857143,0.25,,,,,,0.0,0.0,0.5,0.0,0.0,0.5,0.6312807409539012,1.0,0.0,,0.2857142857142857,0.25,,,,,,0.0,0.0,0.5,0.0,0.0,0.5,0.5192146672249678
SUR,2013,61.0,,0.04487381,73,,0.34,,,,1,1,1,0,0,2,0.0,1.0,80,,observed,imputed,observed,observed,imputed,missing,missing,missing,observed,observed,observed,observed,observed,observed,observed,missing,0.95512619,0.5517241379310345,,0.7285714285714285,0.75,,,,,,0.0,0.0,0.5,0.0,0.0,0.5,0.8549655099563256,1.0,0.5357142857142857,,0.7346938775510204,0.75,,,,,,0.0,0.0,0.5,0.0,0.0,0.5,0.8473881367495819
SUR,2017,71.0,,0.05322859,75,,0.302,,,,1,1,0,1,0,3,0.0,1.0,80,,observed,imputed,observed,observed,imputed,missing,missing,missing,observed,observed,observed,observed,observed,observed,observed,missing,0.94677141,0.6666666666666666,,0.7571428571428571,0.75,,,,,,0.0,0.0,0.0,0.5,0.0,1.0,0.8129996138834976,1.0,0.5972222222222222,,0.7966101694915254,0.75,,,,,,0.0,0.0,0.0,1.0,0.0,1.0,0.7982283475564615
SVK,2017,95.0,,0.06756991,82,0.375,0.57,,,1.0,1,1,1,1,0,3,0.0,1.0,20,,observed,imputed,observed,observed,observed,missing,missing,carried_forward,observed,observed,observed,observed,observed,observed,observed,missing,0.93243009,0.9425287356321839,,0.8571428571428571,0.0,,0.375,,,0.0,0.0,0.0,0.5,0.5,0.0,1.0,0.7409634448081696,1.0,0.9305555555555556,,0.9152542372881356,0.0,,0.375,,,0.0,0.0,0.0,1.0,1.0,0.0,1.0,0.6980752685168371
SVK,2022,95.0,,0.0773064,80,0.375,0.584,,,1.0,1,1,1,0,0,2,0.0,1.0,20,,imputed,imputed,observed,observed,imputed,missing,missing,carried_forward,observed,observed,observed,observed,observed,observed,observed,missing,0.9226936,0.9425287356321839,,0.8285714285714286,0.0,,0.375,,,0.0,0.0,0.0,0.5,0.0,0.0,0.5,0.6920572465056256,1.0,0.9242424242424242,,0.8064516129032258,0.0,,0.375,,,0.0,0.0,0.0,0.5,0.0,0.0,0.5,0.6128051135722126
SVN,2021,78.0,67.8,0.09480554,83,0.65,0.561,2.0,,,1,1,1,0,0,2,0.0,1.0,80,,observed,observed,observed,observed,observed,carried_forward,missing,missing,observed,observed,observed,observed,observed,observed,observed,missing,0.90519446,0.7471264367816092,0.8604651162790696,0.8714285714285714,0.75,,0.65,1.0,,,0.0,0.0,0.5,0.0,0.0,0.5,0.6041594095064627,1.0,0.725,0.8647746243739565,0.8571428571428571,0.75,,0.65,1.0,,,0.0,0.0,0.5,0.0,0.0,0.5,0.62832051782202
SWE,2015,92.0,,0.10804184,83,,0.737,,,,4,1,1,0,0,2,0.0,1.0,20,,observed,imputed,observed,observed,imputed,missing,missing,missing,observed,observed,observed,observed,observed,observed,observed,missing,0.8919581599999999,0.9080459770114943,,0.8714285714285714,0.0,,,,,,0.5,0.0,0.5,0.0,0.0,0.5,0.5376737342177326,1.0,0.9,,0.873015873015873,0.0,,,,,,0.5,0.0,0.5,0.0,0.0,0.5,0.38719907400934667
SWE,2023,92.0,,0.10804184,85,,,1.0,,,4,1,1,0,0,2,0.0,1.0,20,20.0,imputed,imputed,imputed,observed,imputed,carried_forward,missing,missing,observed,observed,observed,observed,observed,observed,observed,observed,0.8919581599999999,0.9080459770114943,,0.9,0.0,0.0,,0.0,,,0.5,0.0,0.5,0.0,0.0,0.5,0.5376737342177326,1.0,0.8769230769230769,,0.9166666666666666,0.0,0.0,,0.0,,,0.5,0.0,1.0,0.0,0.0,0.5,0.40658600124719707
SWZ,2017,75.0,,0.06981037,70,0.525,0.302,,2.0,,1,1,1,0,0,2,0.0,1.0,80,,observed,imputed,observed,observed,observed,missing,carried_forward,missing,observed,observed,observed,observed,observed,observed,observed,missing,0.93018963,0.7126436781609196,,0.6857142857142857,0.75,,0.525,,1.0,,0.0,0.0,0.5,0.0,0.0,0.5,0.729709658171618,1.0,0.6527777777777778,,0.711864406779661,0.75,,0.525,,0.0,,0.0,0.0,1.0,0.0,0.0,0.5,0.6824289425534588
SYC,2010,,,0.05351682,67,,0.269,,,,1,1,1,0,0,2,0.0,1.0,60,,imputed,imputed,observed,observed,imputed,missing,missing,missing,observed,observed,observed,observed,observed,observed,observed,missing,0.94648318,,,0.6428571428571429,0.5,,,,,,0.0,0.0,0.5,0.0,0.0,0.5,0.8115518402467207,1.0,,,0.7258064516129032,0.5,,,,,,0.0,0.0,0.5,0.0,0.0,0.5,0.7684495612619561
SYR,2015,58.0,16.7,0.03479053,71,,0.363,,,,1,1,1,0,0,2,0.0,1.0,40,,imputed,imputed,observed,observed,imputed,missing,missing,missing,observed,observed,observed,observed,observed,observed,observed,missing,0.96520947,0.5172413793103449,0.011627906976744174,0.7,0.25,,,,,,0.0,0.0,0.5,0.0,0.0,0.5,0.9056136276270753,1.0,0.4142857142857143,0.0,0.6825396825396826,0.25,,,,,,0.0,0.0,0.5,0.0,0.0,0.5,0.8867721086781408
SYR,2021,58.0,16.7,0.04706135,72,,0.346,2.0,,,1,1,1,0,0,2,0.0,1.0,40,,observed,observed,observed,observed,imputed,carried_forward,missing,missing,observed,observed,observed,observed,observed,observed,observed,missing,0.95293865,0.5172413793103449,0.011627906976744174,0.7142857142857143,0.25,,,1.0,,,0.0,0.0,0.5,0.0,0.0,0.5,0.8439775394418233,1.0,0.475,0.011686143572621021,0.6825396825396826,0.25,,,1.0,,,0.0,0.0,0.5,0.0,0.0,0.5,0.8777292818222144
TCD,2010,40.0,,0.0304079,22,,0.294,,,,4,1,1,0,0,2,0.0,1.0,80,,imputed,imputed,observed,observed,imputed,missing,missing,missing,observed,observed,observed,observed,observed,observed,observed,missing,0.9695921,0.3103448275862069,,0.0,0.75,,,,,,0.5,0.0,0.5,0.0,0.0,0.5,0.9276274921579972,1.0,0.15714285714285714,,0.0,0.75,,,,,,0.5,0.0,0.5,0.0,0.0,0.5,0.9321852968640691
TCD,2012,40.0,,0.02958965,25,,0.297,,,,4,2,2,0,0,2,0.0,1.0,80,,imputed,imputed,observed,observed,imputed,missing,missing,missing,observed,observed,observed,observed,observed,observed,observed,missing,0.97041035,0.3103448275862069,,0.04285714285714286,0.75,,,,,,0.5,0.5,1.0,0.0,0.0,0.5,0.9317375458591829,1.0,0.2,,0.0,0.75,,,,,,0.5,1.0,1.0,0.0,0.0,0.5,0.9507367736063992
TCD,2016,40.0,,0.03604028,23,,0.271,,2.0,,4,1,0,1,0,3,0.0,1.0,80,,observed,imputed,observed,observed,imputed,missing,carried_forward,missing,observed,observed,observed,observed,observed,observed,observed,missing,0.96395972,0.3103448275862069,,0.014285714285714285,0.75,,,,1.0,,0.5,0.0,0.0,0.5,0.0,1.0,0.8993361578891506,1.0,0.16666666666666666,,0.0,0.75,,,,0.0,,0.5,0.0,0.0,1.0,0.0,1.0,0.9084659789794641
TGO,2012,64.0,,0.04643665,36,0.45,0.26,,,,1,1,1,1,0,3,0.0,1.0,40,,imputed,imputed,observed,observed,imputed,missing,missing,missing,observed,observed,observed,observed,observed,observed,observed,missing,0.95356335,0.5862068965517241,,0.2,0.25,,0.45,,,,0.0,0.0,0.5,0.5,0.0,1.0,0.8471153952892181,1.0,0.52,,0.16923076923076924,0.25,,0.45,,,,0.0,0.0,0.5,1.0,0.0,1.0,0.8290338047026748
TGO,2017,64.0,,0.06502105,40,0.45,0.271,,,,1,1,1,0,0,2,0.0,1.0,40,,observed,imputed,observed,observed,observed,missing,missing,missing,observed,observed,observed,observed,observed,observed,observed,missing,0.93497895,0.5862068965517241,,0.2571428571428571,0.25,,0.45,,,,0.0,0.0,0.5,0.0,0.0,0.5,0.753766318595892,1.0,0.5,,0.2033898305084746,0.25,,0.45,,,,0.0,0.0,1.0,0.0,0.0,0.5,0.7158753160048602
TGO,2022,64.0,,0.06041341,39,0.45,0.301,,,,1,1,0,1,0,3,0.0,1.0,40,,imputed,imputed,observed,observed,imputed,missing,missing,missing,observed,observed,observed,observed,observed,observed,observed,missing,0.93958659,0.5862068965517241,,0.24285714285714285,0.25,,0.45,,,,0.0,0.0,0.0,0.5,0.0,1.0,0.7769104039435619,1.0,0.45454545454545453,,0.14516129032258066,0.25,,0.45,,,,0.0,0.0,0.0,1.0,0.0,1.0,0.7309057428064176
TGO,2023,64.0,,0.06041341,42,0.45,,2.0,2.0,,1,2,1,1,0,3,0.0,1.0,40,40.0,imputed,imputed,imputed,observed,imputed,carried_forward,carried_forward,missing,observed,observed,observed,observed,observed,observed,observed,observed,0.93958659,0.5862068965517241,,0.2857142857142857,0.25,0.25,0.45,1.0,1.0,,0.0,0.5,0.5,0.5,0.0,1.0,0.7769104039435619,1.0,0.4461538461538462,,0.020833333333333332,0.25,0.25,0.45,1.0,1.0,,0.0,1.0,1.0,1.0,0.0,1.0,0.7468038964554886
THA,2011,90.0,68.2,0.03568255,78,0.6,0.635,,,,1,1,0,0,1,1,0.0,1.0,60,,observed,imputed,observed,observed,imputed,missing,missing,missing,observed,observed,observed,observed,observed,observed,observed,missing,0.96431745,0.8850574712643678,0.867109634551495,0.8,0.5,,0.6,,,,0.0,0.0,0.0,0.0,1.0,0.0,0.9011330286627838,1.0,0.927710843373494,0.8319327731092437,0.8852459016393442,0.5,,0.6,,,,0.0,0.0,0.0,0.0,1.0,0.0,0.8646295297394845
THA,2013,93.0,68.2,0.03453133,79,0.6,0.638,,,,1,2,1,0,1,2,0.0,1.0,60,,observed,imputed,observed,observed,imputed,missing,missing,missing,observed,observed,observed,observed,observed,observed,observed,missing,0.96546867,0.9195402298850575,0.867109634551495,0.8142857142857143,0.5,,0.6,,,,0.0,0.5,0.5,0.0,1.0,0.5,0.9069155841432346,1.0,0.9166666666666666,0.8431372549019608,0.8571428571428571,0.5,,0.6,,,,0.0,1.0,0.5,0.0,1.0,0.5,0.9236053783794501
THA,2015,95.5,68.2,0.03852286,80,0.6,0.642,,,,1,1,1,0,0,2,0.0,1.0,60,,imputed,imputed,observed,observed,observed,missing,missing,missing,observed,observed,observed,observed,observed,observed,observed,missing,0.96147714,0.9482758620689655,0.867109634551495,0.8285714285714286,0.5,,0.6,,,,0.0,0.0,0.5,0.0,0.0,0.5,0.8868662072414397,1.0,0.95,0.865546218487395,0.8253968253968254,0.5,,0.6,,,,0.0,0.0,0.5,0.0,0.0,0.5,0.8613176639114137
THA,2016,98.0,68.2,0.03939006,81,0.6,0.643,,,,1,1,1,1,0,3,0.0,1.0,60,,observed,imputed,observed,observed,observed,missing,missing,missing,observed,observed,observed,observed,observed,observed,observed,missing,0.96060994,0.9770114942528736,0.867109634551495,0.8428571428571429,0.5,,0.6,,,,0.0,0.0,0.5,0.5,0.0,1.0,0.8825102786503392,1.0,0.9722222222222222,0.8627787307032591,0.8787878787878788,0.5,,0.6,,,,0.0,0.0,0.5,1.0,0.0,1.0,0.88538920163229
THA,2020,85.0,68.2,0.04357247,81,0.675,0.658,,,,1,1,0,1,0,3,0.0,1.0,60,,observed,imputed,observed,observed,observed,missing,missing,missing,observed,observed,observed,observed,observed,observed,observed,missing,0.95642753,0.8275862068965517,0.867109634551495,0.8428571428571429,0.5,,0.675,,,,0.0,0.0,0.0,0.5,0.0,1.0,0.8615021152523855,1.0,0.782608695652174,0.8494726749760305,0.8225806451612904,0.5,,0.6578947368421053,,,,0.0,0.0,0.0,0.5,0.0,1.0,0.876601368906824
THA,2021,88.0,68.2,0.0515337,82,0.675,0.657,2.0,,,1,1,1,0,0,2,0.0,1.0,60,,observed,observed,observed,observed,imputed,carried_forward,missing,missing,observed,observed,observed,observed,observed,observed,observed,missing,0.9484663,0.8620689655172413,0.867109634551495,0.8571428571428571,0.5,,0.675,1.0,,,0.0,0.0,0.5,0.0,0.0,0.5,0.8215130131106317,1.0,0.85,0.8714524207011686,0.8412698412698413,0.5,,0.675,1.0,,,0.0,0.0,0.5,0.0,0.0,0.5,0.8543663703208093
THA,2022,88.0,68.2,0.05580148,82,0.675,0.657,2.0,,,1,1,1,1,0,3,0.0,1.0,60,,imputed,imputed,observed,observed,imputed,carried_forward,missing,missing,observed,observed,observed,observed,observed,observed,observed,missing,0.94419852,0.8620689655172413,0.867109634551495,0.8571428571428571,0.5,,0.675,1.0,,,0.0,0.0,0.5,0.5,0.0,1.0,0.8000760378770898,1.0,0.8181818181818182,0.8714524207011686,0.8387096774193549,0.5,,0.675,1.0,,,0.0,0.0,0.5,1.0,0.0,1.0,0.7631482194185575
THA,2023,88.0,68.2,0.05580148,82,0.675,,2.0,,,1,1,1,1,0,3,0.0,1.0,60,60.0,imputed,imputed,imputed,observed,imputed,carried_forward,missing,missing,observed,observed,observed,observed,observed,observed,observed,observed,0.94419852,0.8620689655172413,0.867109634551495,0.8571428571428571,0.5,0.5,0.675,1.0,,,0.0,0.0,0.5,0.5,0.0,1.0,0.8000760378770898,1.0,0.8153846153846154,0.8501945525291829,0.8541666666666666,0.5,0.5,0.675,1.0,,,0.0,0.0,1.0,1.0,0.0,1.0,0.7797476890064501
TJK,2019,62.0,29.8,0.06947668,71,1.0,0.319,,,2.0,1,1,1,0,0,2,0.0,1.0,20,,observed,observed,observed,observed,observed,missing,missing,carried_forward,observed,observed,observed,observed,observed,observed,observed,missing,0.93052332,0.5632183908045977,0.2292358803986711,0.7,0.0,,1.0,,,1.0,0.0,0.0,0.5,0.0,0.0,0.5,0.7313857764967617,1.0,0.45588235294117646,0.20411663807890226,0.7166666666666667,0.0,,1.0,,,1.0,0.0,0.0,0.5,0.0,0.0,0.5,0.6712607678241032
TKM,2012,,,0.03342036,79,,0.418,,,,1,1,1,0,0,2,0.0,1.0,40,,imputed,imputed,observed,observed,imputed,missing,missing,missing,observed,observed,observed,observed,observed,observed,observed,missing,0.96657964,,,0.8142857142857143,0.25,,,,,,0.0,0.0,0.5,0.0,0.0,0.5,0.9124959646631319,1.0,,,0.8307692307692308,0.25,,,,,,0.0,0.0,0.5,0.0,0.0,0.5,0.9230636697891506
TLS,2010,63.0,27.8,0.06470588,38,,0.252,,,,1,1,1,0,0,2,0.0,1.0,20,,imputed,imputed,observed,observed,imputed,missing,missing,missing,observed,observed,observed,observed,observed,observed,observed,missing,0.93529412,0.5747126436781609,0.19601328903654486,0.22857142857142856,0.0,,,,,,0.0,0.0,0.5,0.0,0.0,0.5,0.7553494113242791,1.0,0.4857142857142857,0.04911591355599214,0.25806451612903225,0.0,,,,,,0.0,0.0,0.5,0.0,0.0,0.5,0.6891706953609888
TLS,2014,63.0,27.8,0.07604837,43,,0.242,2.0,,,1,1,1,0,0,2,0.0,1.0,20,,observed,imputed,observed,observed,imputed,carried_forward,missing,missing,observed,observed,observed,observed,observed,observed,observed,missing,0.92395163,0.5747126436781609,0.19601328903654486,0.3,0.0,,,1.0,,,0.0,0.0,0.5,0.0,0.0,0.5,0.6983763065211497,1.0,0.5487804878048781,0.07456978967495223,0.22033898305084745,0.0,,,0.0,,,0.0,0.0,0.5,0.0,0.0,0.5,0.6039863233477425
TLS,2016,66.0,27.8,0.06896252,44,,0.237,2.0,,,1,1,0,1,0,3,0.0,1.0,20,,observed,imputed,observed,observed,imputed,carried_forward,missing,missing,observed,observed,observed,observed,observed,observed,observed,missing,0.93103748,0.6091954022988506,0.19601328903654486,0.3142857142857143,0.0,,,1.0,,,0.0,0.0,0.0,0.5,0.0,1.0,0.7339683920922414,1.0,0.5277777777777778,0.169811320754717,0.3181818181818182,0.0,,,1.0,,,0.0,0.0,0.0,1.0,0.0,1.0,0.6816632629055019
TLS,2021,60.0,27.8,0.1143106,47,,0.243,2.0,,,1,1,1,0,0,2,0.0,1.0,20,,observed,observed,observed,observed,imputed,carried_forward,missing,missing,observed,observed,observed,observed,observed,observed,observed,missing,0.8856894,0.5402298850574713,0.19601328903654486,0.35714285714285715,0.0,,,1.0,,,0.0,0.0,0.5,0.0,0.0,0.5,0.5061858756905779,1.0,0.5,0.19699499165275458,0.2857142857142857,0.0,,,1.0,,,0.0,0.0,0.5,0.0,0.0,0.5,0.5264288969494142
TON,2014,,24.5,0.05114815,70,0.275,0.169,,,,4,1,1,1,0,3,0.0,1.0,60,,imputed,imputed,observed,observed,imputed,missing,missing,missing,observed,observed,observed,observed,observed,observed,observed,missing,0.94885185,,0.14119601328903653,0.6857142857142857,0.5,,0.275,,,,0.5,0.0,0.5,0.5,0.0,1.0,0.823449623198615,1.0,,0.011472275334608057,0.6779661016949152,0.5,,0.275,,,,0.6,0.0,0.5,1.0,0.0,1.0,0.7790807469279293
TON,2019,,24.5,0.05423945,70,0.275,0.181,2.0,,,4,1,1,0,0,2,0.0,1.0,60,,imputed,observed,observed,observed,observed,carried_forward,missing,missing,observed,observed,observed,observed,observed,observed,observed,missing,0.94576055,,0.14119601328903653,0.6857142857142857,0.5,,0.275,1.0,,,0.5,0.0,0.5,0.0,0.0,0.5,0.8079220839300845,1.0,,0.11320754716981134,0.7,0.5,,0.275,1.0,,,0.5,0.0,0.5,0.0,0.0,0.5,0.7765581910649813
TON,2023,,24.5,0.05423945,71,0.275,,2.0,,,4,1,1,0,0,2,0.0,1.0,60,60.0,imputed,imputed,imputed,observed,imputed,carried_forward,missing,missing,observed,observed,observed,observed,observed,observed,observed,observed,0.94576055,,0.14119601328903653,0.7,0.5,0.5,0.275,1.0,,,0.5,0.0,0.5,0.0,0.0,0.5,0.8079220839300845,1.0,,0.0,0.625,0.5,0.5,0.275,1.0,,,0.5,0.0,1.0,0.0,0.0,0.5,0.7909055323124798
TTO,2011,,,0.04721979,74,,0.46,,,,2,1,0,1,0,3,0.0,1.0,40,,imputed,imputed,observed,observed,imputed,missing,missing,missing,observed,observed,observed,observed,observed,observed,observed,missing,0.95278021,,,0.7428571428571429,0.25,,,,,,0.16666666666666666,0.0,0.0,0.5,0.0,1.0,0.8431816984293995,1.0,,,0.819672131147541,0.25,,,,,,0.16666666666666666,0.0,0.0,1.0,0.0,1.0,0.7852815056237439
TTO,2022,,,0.06431064,75,,0.453,,,2.0,2,1,1,1,0,3,0.0,1.0,40,,imputed,imputed,observed,observed,imputed,missing,missing,carried_forward,observed,observed,observed,observed,observed,observed,observed,missing,0.93568936,,,0.7571428571428571,0.25,,,,,1.0,0.16666666666666666,0.0,0.5,0.5,0.0,1.0,0.7573346940922067,1.0,,,0.7258064516129032,0.25,,,,,1.0,0.25,0.0,0.5,1.0,0.0,1.0,0.7036598073461813
TUN,2010,65.0,32.1,0.05609508,69,,0.492,,,,1,1,0,1,0,3,0.0,1.0,60,,imputed,imputed,observed,observed,imputed,missing,missing,missing,observed,observed,observed,observed,observed,observed,observed,missing,0.94390492,0.5977011494252874,0.2674418604651163,0.6714285714285714,0.5,,,,,,0.0,0.0,0.0,0.5,0.0,1.0,0.7986012908356377,1.0,0.5142857142857142,0.13359528487229863,0.7580645161290323,0.5,,,,,,0.0,0.0,0.0,1.0,0.0,1.0,0.7501815808598647
TUN,2014,65.0,32.1,0.06450061,72,,0.481,,,,1,1,1,0,0,2,0.0,1.0,60,,observed,imputed,observed,observed,imputed,missing,missing,missing,observed,observed,observed,observed,observed,observed,observed,missing,0.93549939,0.5977011494252874,0.2674418604651163,0.7142857142857143,0.5,,,,,,0.0,0.0,0.5,0.0,0.0,0.5,0.7563804785081991,1.0,0.573170731707317,0.1567877629063098,0.711864406779661,0.5,,,,,,0.0,0.0,0.5,0.0,0.0,0.5,0.6851883521186666
TUN,2019,71.0,32.1,0.06024612,75,,0.462,,2.0,,1,1,1,0,0,2,0.0,1.0,60,,observed,observed,observed,observed,imputed,missing,carried_forward,missing,observed,observed,observed,observed,observed,observed,observed,missing,0.93975388,0.6666666666666666,0.2674418604651163,0.7571428571428571,0.5,,,,1.0,,0.0,0.0,0.5,0.0,0.0,0.5,0.7777506983324058,1.0,0.5882352941176471,0.2435677530017153,0.7833333333333333,0.5,,,,0.0,,0.0,0.0,0.5,0.0,0.0,0.5,0.735048883057011
TUR,2010,88.0,,0.05020535,71,,0.693,,,,1,1,0,1,0,3,0.0,1.0,100,,imputed,imputed,observed,observed,imputed,missing,missing,missing,observed,observed,observed,observed,observed,observed,observed,missing,0.94979465,0.8620689655172413,,0.7,1.0,,,,,,0.0,0.0,0.0,0.5,0.0,1.0,0.8281852891069285,1.0,0.8428571428571429,,0.7903225806451613,1.0,,,,,,0.0,0.0,0.0,1.0,0.0,1.0,0.7919126212567255
TUR,2016,88.0,,0.04284692,75,,0.688,,,,1,1,1,0,0,2,0.0,1.0,100,,observed,imputed,observed,observed,imputed,missing,missing,missing,observed,observed,observed,observed,observed,observed,observed,missing,0.95715308,0.8620689655172413,,0.7571428571428571,1.0,,,,,,0.0,0.0,0.5,0.0,0.0,0.5,0.8651465386717501,1.0,0.8333333333333334,,0.7878787878787878,1.0,,,,,,0.0,0.0,0.5,0.0,0.0,0.5,0.8615747455962658
TUR,2018,73.0,,0.04121016,75,,0.682,,,,1,1,1,0,0,2,0.0,1.0,100,,observed,imputed,observed,observed,imputed,missing,missing,missing,observed,observed,observed,observed,observed,observed,observed,missing,0.95878984,0.6896551724137931,,0.7571428571428571,1.0,,,,,,0.0,0.0,0.5,0.0,0.0,0.5,0.8733679520490218,1.0,0.6351351351351351,,0.7543859649122807,1.0,,,,,,0.0,0.0,0.5,0.0,0.0,0.5,0.8863341740565136
TUR,2022,73.0,,0.03703389,77,,0.683,,,,1,1,1,0,0,2,0.0,1.0,100,,imputed,imputed,observed,observed,imputed,missing,missing,missing,observed,observed,observed,observed,observed,observed,observed,missing,0.96296611,0.6896551724137931,,0.7857142857142857,1.0,,,,,,0.0,0.0,0.5,0.0,0.0,0.5,0.894345274347403,1.0,0.5909090909090909,,0.7580645161290323,1.0,,,,,,0.0,0.0,0.5,0.0,0.0,0.5,0.8943543699111328
TZA,2010,49.0,,0.05223922,39,0.6,0.376,,,,1,1,1,0,0,2,0.0,1.0,100,,imputed,imputed,observed,observed,imputed,missing,missing,missing,observed,observed,observed,observed,observed,observed,observed,missing,0.94776078,0.41379310344827586,,0.24285714285714285,1.0,,0.6,,,,0.0,0.0,0.5,0.0,0.0,0.5,0.8179691999884068,1.0,0.2857142857142857,,0.27419354838709675,1.0,,0.6,,,,0.0,0.0,0.5,0.0,0.0,0.5,0.7775018569038665
TZA,2012,49.0,,0.05017794,43,0.6,0.378,,,,1,1,1,1,0,3,0.0,1.0,100,,observed,imputed,observed,observed,imputed,missing,missing,missing,observed,observed,observed,observed,observed,observed,observed,missing,0.94982206,0.41379310344827586,,0.3,1.0,,0.6,,,,0.0,0.0,0.5,0.5,0.0,1.0,0.8283229689993205,1.0,0.32,,0.27692307692307694,1.0,,0.6,,,,0.0,0.0,0.5,1.0,0.0,1.0,0.8020066722440877
TZA,2016,59.0,,0.03963503,43,0.6,0.399,,,,1,1,1,0,0,2,0.0,1.0,100,,imputed,imputed,observed,observed,observed,missing,missing,missing,observed,observed,observed,observed,observed,observed,observed,missing,0.96036497,0.5287356321839081,,0.3,1.0,,0.6,,,,0.0,0.0,0.5,0.0,0.0,0.5,0.8812797991450786,1.0,0.4305555555555556,,0.30303030303030304,1.0,,0.6,,,,0.0,0.0,0.5,0.0,0.0,0.5,0.8837015928500005
TZA,2017,69.0,,0.04077793,44,0.6,0.399,,,,1,1,1,0,0,2,0.0,1.0,100,,observed,imputed,observed,observed,observed,missing,missing,missing,observed,observed,observed,observed,observed,observed,observed,missing,0.95922207,0.6436781609195402,,0.3142857142857143,1.0,,0.6,,,,0.0,0.0,0.5,0.0,0.0,0.5,0.875539034861443,1.0,0.5694444444444444,,0.2711864406779661,1.0,,0.6,,,,0.0,0.0,1.0,0.0,0.0,0.5,0.885177940416498
TZA,2020,51.0,,0.03051958,45,0.6,0.405,,,,1,1,1,0,0,2,0.0,1.0,100,,observed,imputed,observed,observed,imputed,missing,missing,missing,observed,observed,observed,observed,observed,observed,observed,missing,0.96948042,0.4367816091954023,,0.32857142857142857,1.0,,0.6,,,,0.0,0.0,0.5,0.0,0.0,0.5,0.9270665257084424,1.0,0.2898550724637681,,0.24193548387096775,1.0,,0.5789473684210525,,,,0.0,0.0,0.5,0.0,0.0,0.5,0.9557531155385713
UGA,2014,69.0,,0.05336531,49,,0.364,,,,6,1,1,1,0,3,0.0,1.0,100,,imputed,imputed,observed,observed,imputed,missing,missing,missing,observed,observed,observed,observed,observed,observed,observed,missing,0.94663469,0.6436781609195402,,0.38571428571428573,1.0,,,,,,0.8333333333333334,0.0,0.5,0.5,0.0,1.0,0.8123128720050667,1.0,0.6219512195121951,,0.3220338983050847,1.0,,,,,,1.0,0.0,0.5,1.0,0.0,1.0,0.7634900271597884
UGA,2020,69.0,,0.05236986,52,,0.378,2.0,,,6,1,1,1,0,3,0.0,1.0,100,,observed,imputed,observed,observed,imputed,carried_forward,missing,missing,observed,observed,observed,observed,observed,observed,observed,missing,0.94763014,0.6436781609195402,,0.42857142857142855,1.0,,,1.0,,,0.8333333333333334,0.0,0.5,0.5,0.0,1.0,0.8173129978307255,1.0,0.5507246376811594,,0.3548387096774194,1.0,,,0.0,,,0.8333333333333334,0.0,0.5,0.5,0.0,1.0,0.8232546553207394
UKR,2013,,,0.0694358,78,,0.591,,,,1,1,0,1,0,3,0.0,1.0,100,,imputed,imputed,observed,observed,imputed,missing,missing,missing,observed,observed,observed,observed,observed,observed,observed,missing,0.9305642,,,0.8,1.0,,,,,,0.0,0.0,0.0,0.5,0.0,1.0,0.731591115934958,1.0,,,0.8367346938775511,1.0,,,,,,0.0,0.0,0.0,1.0,0.0,1.0,0.6663825049533008
UKR,2023,,,0.0694358,80,,,1.0,,,1,1,1,0,0,2,0.0,1.0,100,100.0,imputed,imputed,imputed,observed,imputed,carried_forward,missing,missing,observed,observed,observed,observed,observed,observed,observed,observed,0.9305642,,,0.8285714285714286,1.0,1.0,,0.0,,,0.0,0.0,0.5,0.0,0.0,0.5,0.731591115934958,1.0,,,0.8125,1.0,1.0,,0.0,,,0.0,0.0,1.0,0.0,0.0,0.5,0.6823554454872676
URY,2014,,,0.08038908,84,,0.529,,,,1,1,1,0,0,2,0.0,1.0,20,,imputed,imputed,observed,observed,imputed,missing,missing,missing,observed,observed,observed,observed,observed,observed,observed,missing,0.91961092,,,0.8857142857142857,0.0,,,,,,0.0,0.0,0.5,0.0,0.0,0.5,0.676573005328026,1.0,,,0.9152542372881356,0.0,,,,,,0.0,0.0,0.5,0.0,0.0,0.5,0.5734631345815887
URY,2022,,,0.08945322,84,,0.536,,2.0,,1,1,1,0,0,2,0.0,1.0,20,,imputed,imputed,observed,observed,imputed,missing,carried_forward,missing,observed,observed,observed,observed,observed,observed,observed,missing,0.91054678,,,0.8857142857142857,0.0,,,,1.0,,0.0,0.0,0.5,0.0,0.0,0.5,0.6310440078882893,1.0,,,0.8709677419354839,0.0,,,,1.0,,0.0,0.0,0.5,0.0,0.0,0.5,0.527885446586402
USA,2010,88.0,76.2,0.16197231,84,0.9,0.947,,,,4,2,2,0,0,2,0.0,1.0,60,,imputed,imputed,observed,observed,imputed,missing,missing,missing,observed,observed,observed,observed,observed,observed,observed,missing,0.83802769,0.8620689655172413,1.0,0.8857142857142857,0.5,,0.9,,,,0.5,0.5,1.0,0.0,0.0,0.5,0.26678204117748905,1.0,0.8428571428571429,1.0,1.0,0.5,,0.9,,,,0.5,1.0,1.0,0.0,0.0,0.5,0.0
USA,2011,88.0,76.2,0.16140009,85,0.9,0.946,,,,4,1,1,0,0,2,0.0,1.0,60,,observed,imputed,observed,observed,imputed,missing,missing,missing,observed,observed,observed,observed,observed,observed,observed,missing,0.83859991,0.8620689655172413,1.0,0.9,0.5,,0.9,,,,0.5,0.0,0.5,0.0,0.0,0.5,0.2696562910142046,1.0,0.9036144578313253,1.0,1.0,0.5,,0.9,,,,0.5,0.0,1.0,0.0,0.0,0.5,0.0
USA,2012,96.0,76.2,0.16119747,86,0.9,0.947,,,,4,1,1,0,0,2,0.0,1.0,60,,observed,imputed,observed,observed,imputed,missing,missing,missing,observed,observed,observed,observed,observed,observed,observed,missing,0.8388025299999999,0.9540229885057471,1.0,0.9142857142857143,0.5,,0.9,,,,0.5,0.0,0.5,0.0,0.0,0.5,0.27067404730010003,1.0,0.9466666666666667,1.0,0.9384615384615385,0.5,,0.9,,,,0.5,0.0,0.5,0.0,0.0,0.5,0.0
USA,2013,96.0,76.2,0.15986216,86,0.9,0.944,,,,4,1,1,0,0,2,0.0,1.0,60,,observed,imputed,observed,observed,imputed,missing,missing,missing,observed,observed,observed,observed,observed,observed,observed,missing,0.84013784,0.9540229885057471,1.0,0.9142857142857143,0.5,,0.9,,,,0.5,0.0,0.5,0.0,0.0,0.5,0.2773812832398868,1.0,0.9523809523809523,1.0,1.0,0.5,,0.9,,,,0.5,0.0,0.5,0.0,0.0,0.5,0.0
USA,2014,97.0,76.2,0.16194141,86,0.9,0.943,,,,4,2,2,0,0,2,0.0,1.0,60,,observed,imputed,observed,observed,imputed,missing,missing,missing,observed,observed,observed,observed,observed,observed,observed,missing,0.8380585899999999,0.9655172413793104,1.0,0.9142857142857143,0.5,,0.9,,,,0.5,0.5,1.0,0.0,0.0,0.5,0.26693725127142903,1.0,0.9634146341463414,1.0,0.9491525423728814,0.5,,0.9,,,,0.6,1.0,1.0,0.0,0.0,0.5,0.0
USA,2015,97.0,76.2,0.164816,87,0.9,0.945,,,,4,1,1,0,0,2,0.0,1.0,60,,observed,imputed,observed,observed,observed,missing,missing,missing,observed,observed,observed,observed,observed,observed,observed,missing,0.835184,0.9655172413793104,1.0,0.9285714285714286,0.5,,0.9,,,,0.5,0.0,0.5,0.0,0.0,0.5,0.2524982420824395,1.0,0.9714285714285714,1.0,0.9365079365079365,0.5,,0.9,,,,0.5,0.0,0.5,0.0,0.0,0.5,0.0
USA,2016,96.0,76.2,0.16791143,87,0.9,0.946,,,,4,1,1,0,0,2,0.0,1.0,60,,observed,imputed,observed,observed,observed,missing,missing,missing,observed,observed,observed,observed,observed,observed,observed,missing,0.83208857,0.9540229885057471,1.0,0.9285714285714286,0.5,,0.9,,,,0.5,0.0,0.5,0.0,0.0,0.5,0.23694995790491302,1.0,0.9444444444444444,1.0,0.9696969696969697,0.5,,0.9,,,,0.5,0.0,0.5,0.0,0.0,0.5,0.0
USA,2017,100.0,76.2,0.1675301,87,0.9,0.946,,,,4,1,1,0,0,2,0.0,1.0,60,,observed,imputed,observed,observed,observed,missing,missing,missing,observed,observed,observed,observed,observed,observed,observed,missing,0.8324699,1.0,1.0,0.9285714285714286,0.5,,0.9,,,,0.5,0.0,0.5,0.0,0.0,0.5,0.23886537101566516,1.0,1.0,1.0,1.0,0.5,,0.9,,,,0.5,0.0,1.0,0.0,0.0,0.5,0.0
USA,2018,91.0,76.2,0.16615309,87,0.75,0.948,2.0,2.0,,4,2,2,0,0,2,0.0,1.0,60,,observed,imputed,observed,observed,observed,carried_forward,carried_forward,missing,observed,observed,observed,observed,observed,observed,observed,missing,0.83384691,0.896551724137931,1.0,0.9285714285714286,0.5,,0.75,1.0,1.0,,0.5,0.5,1.0,0.0,0.0,0.5,0.24578206523756513,1.0,0.8783783783783784,1.0,0.9649122807017544,0.5,,0.75,0.0,0.0,,0.5,1.0,1.0,0.0,0.0,0.5,0.0
USA,2019,92.0,76.2,0.16661253,87,0.75,0.95,2.0,2.0,,4,1,1,0,0,2,0.0,1.0,60,,observed,observed,observed,observed,observed,carried_forward,carried_forward,missing,observed,observed,observed,observed,observed,observed,observed,missing,0.83338747,0.9080459770114943,1.0,0.9285714285714286,0.5,,0.75,1.0,1.0,,0.5,0.0,0.5,0.0,0.0,0.5,0.24347430712882986,1.0,0.8970588235294118,1.0,0.9833333333333333,0.5,,0.75,1.0,0.0,,0.5,0.0,0.5,0.0,0.0,0.5,0.0
USA,2020,92.0,76.05000000000001,0.18813253,87,0.75,0.95,2.0,2.0,,4,1,1,0,0,2,0.0,1.0,60,,observed,imputed,observed,observed,observed,carried_forward,carried_forward,missing,observed,observed,observed,observed,observed,observed,observed,missing,0.81186747,0.9080459770114943,0.9975083056478407,0.9285714285714286,0.5,,0.75,1.0,1.0,,0.5,0.0,0.5,0.0,0.0,0.5,0.1353797692131388,1.0,0.8840579710144928,1.0,0.9193548387096774,0.5,,0.7368421052631579,0.0,0.0,,0.5,0.0,0.5,0.0,0.0,0.5,0.0
USA,2021,91.0,75.9,0.17506386,87,0.8,0.952,2.0,2.0,,4,1,1,0,0,2,0.0,1.0,60,,observed,observed,observed,observed,observed,carried_forward,carried_forward,missing,observed,observed,observed,observed,observed,observed,observed,missing,0.82493614,0.896551724137931,0.9950166112956811,0.9285714285714286,0.5,,0.8,1.0,1.0,,0.5,0.0,0.5,0.0,0.0,0.5,0.20102344229969343,1.0,0.8875,1.0,0.9206349206349206,0.5,,0.8,1.0,0.0,,0.5,0.0,0.5,0.0,0.0,0.5,0.20906262713559082
USA,2022,91.0,75.9,0.1649614,88,0.8,0.952,2.0,2.0,,4,3,1,1,1,3,0.0,1.0,60,,imputed,imputed,observed,observed,imputed,carried_forward,carried_forward,missing,observed,observed,observed,observed,observed,observed,observed,missing,0.8350386,0.896551724137931,0.9950166112956811,0.9428571428571428,0.5,,0.8,1.0,1.0,,0.5,1.0,0.5,0.5,1.0,1.0,0.2517679007342541,1.0,0.8636363636363636,1.0,0.9354838709677419,0.5,,0.8,1.0,1.0,,0.75,1.0,0.5,1.0,1.0,1.0,0.0
USA,2023,91.0,75.9,0.1649614,88,0.8,,2.0,2.0,,4,2,1,0,1,2,0.0,1.0,60,60.0,imputed,imputed,imputed,observed,imputed,carried_forward,carried_forward,missing,observed,observed,observed,observed,observed,observed,observed,observed,0.8350386,0.896551724137931,0.9950166112956811,0.9428571428571428,0.5,0.5,0.8,1.0,1.0,,0.5,0.5,0.5,0.0,1.0,0.5,0.2517679007342541,1.0,0.8615384615384616,1.0,0.9791666666666666,0.5,0.5,0.8,1.0,1.0,,0.5,1.0,1.0,0.0,1.0,0.5,0.0
UZB,2011,90.0,37.7,0.05262455,81,1.0,0.447,,,,1,1,1,0,0,2,0.0,1.0,100,,observed,imputed,observed,observed,imputed,missing,missing,missing,observed,observed,observed,observed,observed,observed,observed,missing,0.94737545,0.8850574712643678,0.3604651162790698,0.8428571428571429,1.0,,1.0,,,,0.0,0.0,0.5,0.0,0.0,0.5,0.816033694956109,1.0,0.927710843373494,0.1911764705882353,0.9344262295081968,1.0,,1.0,,,,0.0,0.0,1.0,0.0,0.0,0.5,0.7481099614052141
UZB,2016,73.5,37.7,0.04715045,79,1.0,0.452,,,,1,1,1,1,0,3,0.0,1.0,100,,imputed,imputed,observed,observed,imputed,missing,missing,missing,observed,observed,observed,observed,observed,observed,observed,missing,0.95284955,0.6954022988505747,0.3604651162790698,0.8142857142857143,1.0,,1.0,,,,0.0,0.0,0.5,0.5,0.0,1.0,0.8435299918893938,1.0,0.6319444444444444,0.339622641509434,0.8484848484848485,1.0,,1.0,,,,0.0,0.0,0.5,1.0,0.0,1.0,0.8319275438048395
UZB,2019,57.0,37.7,0.05397478,78,1.0,0.452,,2.0,,1,1,0,1,0,3,0.0,1.0,100,,observed,observed,observed,observed,observed,missing,carried_forward,missing,observed,observed,observed,observed,observed,observed,observed,missing,0.94602522,0.5057471264367817,0.3604651162790698,0.8,1.0,,1.0,,1.0,,0.0,0.0,0.0,0.5,0.0,1.0,0.8092515161489573,1.0,0.38235294117647056,0.339622641509434,0.8333333333333334,1.0,,1.0,,0.0,,0.0,0.0,0.0,1.0,0.0,1.0,0.778387202572267
VNM,2015,99.0,,0.04711409,71,,0.524,,,,1,1,1,0,0,2,0.0,1.0,80,,observed,imputed,observed,observed,imputed,missing,missing,missing,observed,observed,observed,observed,observed,observed,observed,missing,0.95288591,0.9885057471264368,,0.7,0.75,,,,,,0.0,0.0,0.5,0.0,0.0,0.5,0.8437126274562436,1.0,1.0,,0.6825396825396826,0.75,,,,,,0.0,0.0,0.5,0.0,0.0,0.5,0.8027255808123188
VNM,2016,99.0,,0.04869947,71,,0.529,2.0,,,1,1,1,0,0,2,0.0,1.0,80,,observed,imputed,observed,observed,imputed,carried_forward,missing,missing,observed,observed,observed,observed,observed,observed,observed,missing,0.95130053,0.9885057471264368,,0.7,0.75,,,1.0,,,0.0,0.0,0.5,0.0,0.0,0.5,0.8357492948112263,1.0,0.9861111111111112,,0.7272727272727273,0.75,,,1.0,,,0.0,0.0,0.5,0.0,0.0,0.5,0.8212562789318268
VNM,2017,95.0,,0.04990148,72,,0.533,2.0,,,1,1,1,1,0,3,0.0,1.0,80,,observed,imputed,observed,observed,imputed,carried_forward,missing,missing,observed,observed,observed,observed,observed,observed,observed,missing,0.9500985200000001,0.9425287356321839,,0.7142857142857143,0.75,,,1.0,,,0.0,0.0,0.5,0.5,0.0,1.0,0.8297116221569494,1.0,0.9305555555555556,,0.7457627118644068,0.75,,,1.0,,,0.0,0.0,1.0,1.0,0.0,1.0,0.821463329469112
WSM,2010,67.0,,0.05152683,58,,0.205,,,,7,1,0,1,0,3,0.0,1.0,20,,imputed,imputed,observed,observed,imputed,missing,missing,missing,observed,observed,observed,observed,observed,observed,observed,missing,0.94847317,0.6206896551724138,,0.5142857142857142,0.0,,,,,,1.0,0.0,0.0,0.5,0.0,1.0,0.8215475209858863,1.0,0.5428571428571428,,0.5806451612903226,0.0,,,,,,1.0,0.0,0.0,1.0,0.0,1.0,0.7825494186542897
WSM,2011,67.0,,0.05383572,59,,0.206,,,,7,2,1,1,1,3,0.0,1.0,20,,observed,imputed,observed,observed,imputed,missing,missing,missing,observed,observed,observed,observed,observed,observed,observed,missing,0.94616428,0.6206896551724138,,0.5285714285714286,0.0,,,,,,1.0,0.5,0.5,0.5,1.0,1.0,0.8099500118014923,1.0,0.6506024096385542,,0.5737704918032787,0.0,,,,,,1.0,1.0,1.0,1.0,1.0,1.0,0.7397800708622191
WSM,2013,71.0,,0.06218239,61,,0.207,,,,7,1,0,0,1,1,0.0,1.0,20,,observed,imputed,observed,observed,imputed,missing,missing,missing,observed,observed,observed,observed,observed,observed,observed,missing,0.93781761,0.6666666666666666,,0.5571428571428572,0.0,,,,,,1.0,0.0,0.0,0.0,1.0,0.0,0.7680248520995981,1.0,0.6547619047619048,,0.4897959183673469,0.0,,,,,,1.0,0.0,0.0,0.0,1.0,0.0,0.7198353424362354
YEM,2010,43.0,,0.05159329,44,,0.407,,,2.0,1,1,1,0,0,2,0.0,1.0,20,,imputed,imputed,observed,observed,imputed,missing,missing,carried_forward,observed,observed,observed,observed,observed,observed,observed,missing,0.94840671,0.3448275862068966,,0.3142857142857143,0.0,,,,,1.0,0.0,0.0,0.5,0.0,0.0,0.5,0.8212136937094051,1.0,0.2,,0.3548387096774194,0.0,,,,,0.0,0.0,0.0,0.5,0.0,0.0,0.5,0.7820785235632117
YEM,2013,43.0,,0.04960832,44,,0.406,,,2.0,1,1,1,0,0,2,0.0,1.0,20,,observed,imputed,observed,observed,imputed,missing,missing,carried_forward,observed,observed,observed,observed,observed,observed,observed,missing,0.95039168,0.3448275862068966,,0.3142857142857143,0.0,,,,,1.0,0.0,0.0,0.5,0.0,0.0,0.5,0.8311841590870309,1.0,0.32142857142857145,,0.14285714285714285,0.0,,,,,0.0,0.0,0.0,0.5,0.0,0.0,0.5,0.8124979273733948
YEM,2022,43.0,,0.06186667,45,,0.338,,,2.0,1,1,1,0,0,2,0.0,1.0,20,,imputed,imputed,observed,observed,imputed,missing,missing,carried_forward,observed,observed,observed,observed,observed,observed,observed,missing,0.93813333,0.3448275862068966,,0.32857142857142857,0.0,,,,,1.0,0.0,0.0,0.5,0.0,0.0,0.5,0.7696107074671977,1.0,0.13636363636363635,,0.24193548387096775,0.0,,,,,1.0,0.0,0.0,0.5,0.0,0.0,0.5,0.7207458527904465
ZAF,2013,76.0,47.5,0.08103223,65,,0.639,,,,1,2,2,0,0,2,0.0,1.0,100,,observed,imputed,observed,observed,imputed,missing,missing,missing,observed,observed,observed,observed,observed,observed,observed,missing,0.91896777,0.7241379310344828,0.5232558139534883,0.6142857142857143,1.0,,,,,,0.0,0.5,1.0,0.0,0.0,0.5,0.6733424754925018,1.0,0.7142857142857143,0.4372549019607843,0.5714285714285714,1.0,,,,,,0.0,1.0,1.0,0.0,0.0,0.5,0.5809244806347768
ZAF,2019,70.0,47.5,0.08246526,67,,0.622,,,,1,1,1,0,0,2,0.0,1.0,100,,observed,observed,observed,observed,imputed,missing,missing,missing,observed,observed,observed,observed,observed,observed,observed,missing,0.91753474,0.6551724137931034,0.5232558139534883,0.6428571428571429,1.0,,,,,,0.0,0.0,0.5,0.0,0.0,0.5,0.6661443939093551,1.0,0.5735294117647058,0.5077186963979416,0.65,1.0,,,,,,0.0,0.0,0.5,0.0,0.0,0.5,0.5815027208852561
ZAF,2021,68.0,45.8,0.08674328,72,,0.624,2.0,,,1,1,1,1,0,3,0.0,1.0,100,,observed,observed,observed,observed,imputed,carried_forward,missing,missing,observed,observed,observed,observed,observed,observed,observed,missing,0.91325672,0.632183908045977,0.495016611295681,0.7142857142857143,1.0,,,1.0,,,0.0,0.0,0.5,0.5,0.0,1.0,0.644655983356656,1.0,0.6,0.4974958263772954,0.6825396825396826,1.0,,,1.0,,,0.0,0.0,0.5,0.5,0.0,1.0,0.6704366015098615
ZMB,2017,64.0,26.5,0.04781562,55,,0.382,,2.0,,7,1,1,0,0,2,0.0,1.0,100,,observed,imputed,observed,observed,imputed,missing,carried_forward,missing,observed,observed,observed,observed,observed,observed,observed,missing,0.95218438,0.5862068965517241,0.1744186046511628,0.4714285714285714,1.0,,,,1.0,,1.0,0.0,0.5,0.0,0.0,0.5,0.8401888560257609,1.0,0.5,0.1475128644939966,0.4576271186440678,1.0,,,,0.0,,1.0,0.0,1.0,0.0,0.0,0.5,0.8360300012570361
ZMB,2021,56.0,26.5,0.06639514,56,,0.358,,2.0,,7,1,1,0,0,2,0.0,1.0,100,,observed,observed,observed,observed,imputed,missing,carried_forward,missing,observed,observed,observed,observed,observed,observed,observed,missing,0.93360486,0.4942528735632184,0.1744186046511628,0.4857142857142857,1.0,,,,1.0,,1.0,0.0,0.5,0.0,0.0,0.5,0.7468642914767205,1.0,0.45,0.17529215358931552,0.42857142857142855,1.0,,,,0.0,,1.0,0.0,0.5,0.0,0.0,0.5,0.7767323507330217
ZWE,2011,48.0,32.4,0.08082884,43,0.625,0.331,,,,1,1,1,1,0,3,0.0,1.0,100,,observed,imputed,observed,observed,imputed,missing,missing,missing,observed,observed,observed,observed,observed,observed,observed,missing,0.91917116,0.40229885057471265,0.27242524916943517,0.3,1.0,,0.625,,,,0.0,0.0,0.5,0.5,0.0,1.0,0.6743640994732952,1.0,0.42168674698795183,0.07983193277310918,0.3114754098360656,1.0,,0.625,,,,0.0,0.0,1.0,1.0,0.0,1.0,0.5541333532140575
ZWE,2018,55.0,32.4,0.04655271,54,0.625,0.359,,,,1,1,0,1,0,3,0.0,1.0,100,,observed,imputed,observed,observed,observed,missing,missing,missing,observed,observed,observed,observed,observed,observed,observed,missing,0.95344729,0.4827586206896552,0.27242524916943517,0.45714285714285713,1.0,,0.625,,,,0.0,0.0,0.0,0.5,0.0,1.0,0.8465324281855701,1.0,0.3918918918918919,0.16252390057361377,0.38596491228070173,1.0,,0.625,,,,0.0,0.0,0.0,1.0,0.0,1.0,0.8484345934911652
ZWE,2021,59.0,32.4,0.02785717,57,0.7,0.359,,,2.0,1,1,1,0,0,2,0.0,1.0,100,,observed,observed,observed,observed,observed,missing,missing,carried_forward,observed,observed,observed,observed,observed,observed,observed,missing,0.97214283,0.5287356321839081,0.27242524916943517,0.5,1.0,,0.7,,,1.0,0.0,0.0,0.5,0.0,0.0,0.5,0.9404397589190426,1.0,0.4875,0.2737896494156928,0.4444444444444444,1.0,,0.7,,,1.0,0.0,0.0,0.5,0.0,0.0,0.5,0.9780491489607556
